{"type":"FeatureCollection","source":"Statistics Finland","sourceUrl":"https://geo.stat.fi/geoserver/tilastointialueet/wfs?service=WFS&version=2.0.0&request=GetFeature&typeNames=tilastointialueet:maakunta1000k&outputFormat=application/json&srsName=EPSG:4326","license":"CC BY 4.0","features":[{"type":"Feature","id":"01","properties":{"code":"01","nameFi":"Uusimaa","nameSv":"Nyland","nameEn":"Uusimaa","year":2026},"geometry":{"type":"MultiPolygon","coordinates":[[[[25.98236257,60.46516108],[25.98614751,60.46719563],[25.97978231,60.474435],[25.96799154,60.47012381],[25.98129253,60.46649464],[25.98236257,60.46516108]]],[[[25.98507806,60.45258091],[25.98719182,60.46030676],[25.96827655,60.45946051],[25.97272739,60.45399237],[25.98507806,60.45258091]]],[[[26.01683105,60.4270163],[26.02031639,60.43338218],[26.01082539,60.43832268],[26.006075,60.43200351],[26.01307461,60.42792673],[26.01683105,60.4270163]]],[[[26.2024532,60.37973538],[26.22017211,60.39082739],[26.19858001,60.39046442],[26.20231383,60.38320374],[26.2024532,60.37973538]]],[[[26.11561706,60.36848347],[26.12329304,60.37187354],[26.11636219,60.3774482],[26.12042258,60.38753063],[26.10439512,60.39330021],[26.0913297,60.39523804],[26.08500645,60.389214],[26.09352664,60.38296364],[26.10758122,60.38613989],[26.11288032,60.36944641],[26.11561706,60.36848347]]],[[[25.6740653,60.36005019],[25.68557923,60.36705287],[25.67674068,60.37376508],[25.66158483,60.369717],[25.66762663,60.36017539],[25.6740653,60.36005019]]],[[[26.35916639,60.36226647],[26.36316736,60.36482667],[26.3544486,60.36484169],[26.34597152,60.37500418],[26.33949392,60.36889068],[26.35752423,60.36254134],[26.35916639,60.36226647]]],[[[26.42775813,60.34290043],[26.43914566,60.35273726],[26.43547055,60.36207943],[26.41450351,60.3524409],[26.4254077,60.34417964],[26.42775813,60.34290043]]],[[[26.52249364,60.34217522],[26.54107438,60.34383557],[26.54149117,60.35403135],[26.52078018,60.35522299],[26.53981303,60.3606114],[26.53197106,60.36950555],[26.50924939,60.367625],[26.51450715,60.3608202],[26.50609613,60.35996384],[26.50781252,60.36954622],[26.48921681,60.37914556],[26.48367049,60.37286502],[26.45983222,60.38065251],[26.43838166,60.3925225],[26.42598325,60.40761159],[26.41711599,60.40203354],[26.42739641,60.38930338],[26.42407178,60.37481397],[26.38519916,60.38782893],[26.38575288,60.37485378],[26.39504865,60.36987025],[26.38710285,60.36943227],[26.38530462,60.36216747],[26.40560878,60.35713047],[26.41083568,60.36392752],[26.42419547,60.36159051],[26.42740024,60.37272836],[26.43373528,60.37193095],[26.44701179,60.35846357],[26.49828357,60.36211979],[26.50575941,60.34524653],[26.51581355,60.34434283],[26.52249364,60.34217522]]],[[[26.12165342,60.33889793],[26.12365023,60.35999129],[26.10499076,60.3549414],[26.10576187,60.34556912],[26.11721755,60.33961067],[26.12165342,60.33889793]]],[[[25.65632568,60.33376489],[25.69984768,60.3369947],[25.66114617,60.35572791],[25.64124914,60.35183566],[25.63849806,60.34017125],[25.64615077,60.3343663],[25.65632568,60.33376489]]],[[[26.30564052,60.33683588],[26.26775694,60.35841422],[26.26460543,60.35504001],[26.27579379,60.34301021],[26.30157726,60.33738682],[26.30564052,60.33683588]]],[[[26.20152337,60.3166627],[26.24958178,60.32048704],[26.23673825,60.33370207],[26.17686429,60.35184103],[26.16639581,60.3498425],[26.16694619,60.34359844],[26.19705675,60.31715568],[26.20152337,60.3166627]]],[[[26.14361276,60.28970004],[26.12703113,60.31076513],[26.09804154,60.30878609],[26.10381147,60.30406404],[26.0903156,60.29716981],[26.10142367,60.29474315],[26.0994331,60.28965968],[26.13786846,60.29132546],[26.14361276,60.28970004]]],[[[25.94070996,60.26829082],[25.98194018,60.27619314],[25.99740174,60.28610454],[26.00770728,60.27742009],[26.03908503,60.28472193],[25.98929559,60.29251427],[26.00779858,60.30131937],[26.00879497,60.32267657],[25.99574097,60.32273834],[25.99006289,60.3303037],[25.99843722,60.33586437],[25.93101137,60.35322088],[25.9275648,60.34184402],[25.94446749,60.33140586],[25.96303098,60.30014239],[25.93399026,60.30345773],[25.94128554,60.28918211],[25.93244376,60.28204264],[25.93760578,60.26972354],[25.94070996,60.26829082]]],[[[26.10608648,60.26848959],[26.12121628,60.27987875],[26.13574778,60.27839941],[26.1360649,60.28326986],[26.11413257,60.29135752],[26.09604609,60.28799343],[26.0510668,60.29791133],[26.03901127,60.28995194],[26.07093636,60.28778963],[26.0683105,60.28289499],[26.07934088,60.27743441],[26.08402404,60.28828955],[26.09847781,60.28551536],[26.11120945,60.27827546],[26.1045076,60.27238611],[26.10608648,60.26848959]]],[[[25.97798331,60.26577],[25.9759223,60.2748176],[25.96639717,60.26898928],[25.97570733,60.26575763],[25.97798331,60.26577]]],[[[25.98904344,60.26555742],[26.00452436,60.26790049],[25.99809442,60.27151291],[26.00099017,60.27832968],[25.99371976,60.28055197],[25.9804137,60.26583673],[25.98904344,60.26555742]]],[[[25.22309822,60.245449],[25.23621294,60.24699665],[25.2324972,60.25510901],[25.20342752,60.25125494],[25.22082935,60.24663077],[25.22309822,60.245449]]],[[[25.84915155,60.24684588],[25.86163294,60.2498624],[25.85842751,60.25782315],[25.84236437,60.26041235],[25.84889012,60.24715006],[25.84915155,60.24684588]]],[[[25.93968659,60.24129983],[25.96690166,60.24641972],[25.96227477,60.2519165],[25.92944605,60.24576134],[25.93703816,60.24208934],[25.93968659,60.24129983]]],[[[25.53643207,60.2337886],[25.53947751,60.23760603],[25.53241362,60.24301189],[25.54264347,60.24616636],[25.53381941,60.24839787],[25.53478937,60.25475914],[25.52446294,60.25426698],[25.51176739,60.23945991],[25.53423059,60.23439255],[25.53643207,60.2337886]]],[[[25.90636119,60.23689244],[25.92726866,60.24156771],[25.92043908,60.24526595],[25.9014629,60.24460979],[25.88664847,60.23742738],[25.9022701,60.23762545],[25.90636119,60.23689244]]],[[[25.45248981,60.23164875],[25.46719269,60.24240283],[25.48993566,60.24718639],[25.47807149,60.24829752],[25.47868137,60.25316232],[25.45030643,60.24649177],[25.45003078,60.23334525],[25.45248981,60.23164875]]],[[[25.29514922,60.22434725],[25.30117928,60.23211816],[25.28379029,60.23806493],[25.2774429,60.2370681],[25.29100965,60.2244449],[25.29514922,60.22434725]]],[[[25.35288738,60.22385042],[25.36944168,60.23476329],[25.36091998,60.24004941],[25.32946388,60.24324985],[25.3239006,60.24867553],[25.29862477,60.24718352],[25.30726132,60.23936621],[25.34319038,60.233468],[25.34933699,60.22481044],[25.35288738,60.22385042]]],[[[25.43249525,60.22252079],[25.44876543,60.229568],[25.44777722,60.24581906],[25.40737819,60.25040335],[25.40545192,60.24498503],[25.41873004,60.23620409],[25.4160066,60.22454906],[25.43227647,60.22653124],[25.43249525,60.22252079]]],[[[25.23065761,60.21980457],[25.24843554,60.22284358],[25.25270823,60.2310644],[25.22847274,60.23511039],[25.21510207,60.2253046],[25.22679438,60.21987749],[25.23065761,60.21980457]]],[[[25.30952832,60.21955318],[25.32867361,60.22575985],[25.30347767,60.22939437],[25.30551103,60.22143581],[25.30952832,60.21955318]]],[[[25.94834367,60.21592994],[25.95099877,60.22022014],[25.9339395,60.22045852],[25.94158998,60.22495616],[25.92743825,60.22576346],[25.93552369,60.23113042],[25.92250644,60.23349113],[25.90101399,60.23295156],[25.8953956,60.22574821],[25.9440855,60.21615038],[25.94834367,60.21592994]]],[[[25.95865297,60.21588249],[25.98005271,60.22378693],[25.95555771,60.2192253],[25.95865297,60.21588249]]],[[[25.22586098,60.20746868],[25.24695028,60.21669571],[25.21392072,60.21851067],[25.22349122,60.20898664],[25.22586098,60.20746868]]],[[[25.68952307,60.21048297],[25.67107866,60.23266433],[25.66565121,60.22339897],[25.65153463,60.21920969],[25.68532717,60.21048274],[25.68952307,60.21048297]]],[[[25.62312303,60.20221934],[25.64186825,60.21314863],[25.63052594,60.2182002],[25.63730183,60.22074593],[25.6359234,60.22704828],[25.65809543,60.22912095],[25.66493281,60.23905305],[25.67975011,60.23984394],[25.66992562,60.24884849],[25.67219405,60.25957097],[25.65700827,60.25996996],[25.64888678,60.26560341],[25.65300298,60.26670439],[25.6483037,60.27458056],[25.63419865,60.27685126],[25.63674009,60.28186637],[25.61848438,60.28210748],[25.60941404,60.29527495],[25.61859215,60.30337561],[25.60390819,60.30186769],[25.61005512,60.30761192],[25.60123972,60.31645873],[25.5762446,60.30440102],[25.5704443,60.26361151],[25.58619913,60.2469936],[25.61431644,60.23541994],[25.64427685,60.24522729],[25.63911574,60.23706691],[25.59395796,60.22584962],[25.6258441,60.21039382],[25.62212145,60.20326486],[25.62312303,60.20221934]]],[[[25.90271205,60.20467854],[25.91720186,60.20868391],[25.89292743,60.2212904],[25.86163273,60.21175604],[25.90081968,60.20473063],[25.90271205,60.20467854]]],[[[25.06440949,60.18697282],[25.07335243,60.1927889],[25.06672263,60.19598656],[25.0491588,60.19076109],[25.06299053,60.18704653],[25.06440949,60.18697282]]],[[[25.86309852,60.19444831],[25.88598027,60.20218328],[25.87126566,60.20195657],[25.86092461,60.19464083],[25.86309852,60.19444831]]],[[[25.82610956,60.19339908],[25.86290317,60.20459587],[25.85859866,60.21173247],[25.89229294,60.22576879],[25.87214465,60.23202964],[25.85938535,60.22468611],[25.83779093,60.23257639],[25.83951446,60.22770207],[25.82293866,60.22929815],[25.8132872,60.2035491],[25.80254043,60.19898779],[25.82043571,60.19748004],[25.82610956,60.19339908]]],[[[25.54364173,60.18901845],[25.5482209,60.19286511],[25.539287,60.20434959],[25.55062852,60.20808112],[25.52696558,60.21588671],[25.51810477,60.21182733],[25.53393932,60.20749577],[25.53519312,60.19911205],[25.52451943,60.19212191],[25.54065842,60.1891296],[25.54364173,60.18901845]]],[[[25.01584432,60.17903449],[25.01994051,60.18732625],[25.00815289,60.19100444],[24.99348629,60.18485537],[25.01443135,60.17905855],[25.01584432,60.17903449]]],[[[25.0780036,60.1792992],[25.08652582,60.18423855],[25.0843159,60.18991315],[25.06798934,60.18577258],[25.06963866,60.17980589],[25.0780036,60.1792992]]],[[[24.85305842,60.17388774],[24.85607276,60.18193178],[24.84372871,60.18030797],[24.85035227,60.17482904],[24.85305842,60.17388774]]],[[[25.46063954,60.17104136],[25.46773847,60.17261193],[25.46416232,60.18039681],[25.47720762,60.18355425],[25.435854,60.17778606],[25.45795704,60.17251725],[25.46063954,60.17104136]]],[[[24.96981111,60.16307996],[24.97735755,60.16917837],[24.96117499,60.16919949],[24.96591252,60.16399989],[24.96981111,60.16307996]]],[[[25.35109073,60.16723612],[25.33858678,60.17578543],[25.32406472,60.17161388],[25.34564311,60.16804355],[25.35109073,60.16723612]]],[[[25.0678867,60.15764932],[25.09741028,60.16433135],[25.0804622,60.1727255],[25.06338832,60.16654323],[25.06521055,60.17862821],[25.05792989,60.18769797],[25.01265394,60.17333059],[25.01090266,60.16459355],[25.0655094,60.15794383],[25.0678867,60.15764932]]],[[[25.43949747,60.15843802],[25.45187497,60.16377901],[25.43939035,60.16739817],[25.44913843,60.17211408],[25.41966892,60.16840732],[25.43670754,60.15999227],[25.43949747,60.15843802]]],[[[25.12416842,60.15283452],[25.12955273,60.1538545],[25.12231695,60.15704773],[25.12546311,60.16188029],[25.10878404,60.16247784],[25.09361705,60.15480812],[25.12338313,60.15323414],[25.12416842,60.15283452]]],[[[24.87653163,60.14410097],[24.89017686,60.14666383],[24.88652007,60.15722037],[24.89337819,60.16230241],[24.86638101,60.16440555],[24.85947804,60.17065085],[24.85469742,60.15326082],[24.8726662,60.15475693],[24.87268034,60.14468809],[24.87653163,60.14410097]]],[[[25.03310079,60.13297571],[25.06184429,60.13652167],[25.05820386,60.14419379],[25.08496678,60.14649638],[25.05462049,60.15618418],[25.02581511,60.14478225],[25.03009168,60.13338634],[25.03310079,60.13297571]]],[[[24.77982322,60.12832168],[24.79012076,60.13095024],[24.78855524,60.13716235],[24.77353605,60.12959414],[24.77982322,60.12832168]]],[[[25.00003764,60.13090004],[25.02319686,60.13280055],[25.00465187,60.1403049],[24.99409857,60.13830281],[24.99542994,60.13098224],[25.00003764,60.13090004]]],[[[24.72774172,60.12301545],[24.73118652,60.13108989],[24.72566674,60.13432531],[24.70276985,60.13228533],[24.69885121,60.12696099],[24.72531011,60.12341911],[24.72774172,60.12301545]]],[[[24.7063726,60.10629248],[24.73948558,60.1181641],[24.73637317,60.12174645],[24.71142253,60.12170789],[24.68745127,60.11174977],[24.68414315,60.10766983],[24.70139576,60.10721598],[24.7063726,60.10629248]]],[[[24.65846747,60.09564764],[24.6731175,60.09863882],[24.67732357,60.10656922],[24.66398599,60.10931566],[24.65550293,60.09723229],[24.65846747,60.09564764]]],[[[25.04369369,60.09540144],[25.07390038,60.107696],[25.04127515,60.10096537],[25.04369369,60.09540144]]],[[[24.6249534,60.08591189],[24.64173626,60.0945766],[24.64830186,60.10625323],[24.60513688,60.09310818],[24.6227458,60.08691998],[24.6249534,60.08591189]]],[[[24.65387887,60.07892291],[24.66785982,60.09008523],[24.64943489,60.08001147],[24.65387887,60.07892291]]],[[[24.60434828,60.05727691],[24.61946242,60.07055479],[24.59619224,60.06650666],[24.59205552,60.06134041],[24.59901505,60.0576502],[24.60434828,60.05727691]]],[[[24.30662388,60.04619266],[24.31940956,60.0537621],[24.30458166,60.05444956],[24.3005119,60.0473514],[24.30662388,60.04619266]]],[[[24.58928751,60.04515519],[24.60114932,60.05468171],[24.58662477,60.06283718],[24.56440403,60.04790598],[24.58775677,60.04529183],[24.58928751,60.04515519]]],[[[24.0249472,60.01269252],[24.03375529,60.01788127],[24.0302686,60.02245996],[24.00927221,60.01662746],[24.02093121,60.01323373],[24.0249472,60.01269252]]],[[[24.09106136,60.01410476],[24.10375784,60.01800425],[24.10349647,60.02570809],[24.08594872,60.01958361],[24.0867095,60.01447144],[24.09106136,60.01410476]]],[[[23.88107193,60.00858173],[23.89995064,60.01294991],[23.88324107,60.01555561],[23.87965677,60.00994728],[23.88107193,60.00858173]]],[[[24.42551779,60.01683331],[24.42623549,60.02501619],[24.42040871,60.02776216],[24.41083054,60.02245353],[24.42354509,60.01706365],[24.42551779,60.01683331]]],[[[23.99978884,60.00649934],[24.0011835,60.01829411],[23.98145505,60.01999162],[23.97409112,60.01859767],[23.97440418,60.01181685],[23.99747045,60.0065023],[23.99978884,60.00649934]]],[[[24.19933073,60.00362838],[24.23317655,60.01516412],[24.22662681,60.01742235],[24.19484437,60.01073457],[24.19353501,60.00373785],[24.19933073,60.00362838]]],[[[24.13128704,59.99798413],[24.14811891,60.00416201],[24.14259504,60.00991031],[24.12578918,59.99899962],[24.13128704,59.99798413]]],[[[23.93440901,59.99267624],[23.93461748,59.9980019],[23.9537907,60.00450391],[23.92528608,60.00960784],[23.89878594,60.01160935],[23.87918165,59.99935833],[23.93098244,59.99304081],[23.93440901,59.99267624]]],[[[23.98292263,59.99347406],[23.98118456,60.00113891],[23.96317608,60.00403606],[23.95959736,59.99772918],[23.97637889,59.99352909],[23.98292263,59.99347406]]],[[[24.35880882,59.99423361],[24.36521241,60.0052542],[24.35567624,60.00190052],[24.35535625,59.99475627],[24.35880882,59.99423361]]],[[[24.11698232,59.98849941],[24.11788703,59.98897205],[24.11849299,59.99018524],[24.11634784,59.99202485],[24.11551895,59.99222664],[24.11223732,59.99199075],[24.10990977,59.99149487],[24.10681405,59.99169355],[24.10614143,59.99221053],[24.10308079,59.99296706],[24.09156881,59.9934918],[24.08906289,59.99328715],[24.08873548,59.99154007],[24.09033921,59.99094291],[24.09750389,59.99060649],[24.09797221,59.99020131],[24.10092396,59.98955788],[24.11059193,59.98951857],[24.11698232,59.98849941]]],[[[24.05018106,59.98490942],[24.05620524,59.99001508],[24.0412651,59.99632516],[24.0367007,59.9954785],[24.04648382,59.98539742],[24.05018106,59.98490942]]],[[[23.78067775,59.97200276],[23.78741474,59.97329716],[23.78610946,59.97791302],[23.75464411,59.98259898],[23.74977083,59.97972616],[23.7552801,59.97511667],[23.77757756,59.97225064],[23.78067775,59.97200276]]],[[[24.48704994,59.98241814],[24.50131005,59.99441063],[24.48552403,59.9906705],[24.48193563,59.98321116],[24.48704994,59.98241814]]],[[[23.96702061,59.96974926],[23.97863027,59.97173933],[23.97102358,59.97700212],[23.98054457,59.98190037],[24.00256619,59.97992551],[23.98567617,59.98564446],[23.8977833,59.98618935],[23.89509102,59.98209325],[23.94086568,59.97057075],[23.96225262,59.97081584],[23.96702061,59.96974926]]],[[[23.07437731,59.94223513],[23.08764513,59.95087531],[23.08439047,59.95606715],[23.09003608,59.96249833],[23.06383706,59.95300565],[23.06120867,59.94978365],[23.07193168,59.94265557],[23.07437731,59.94223513]]],[[[23.75703883,59.96003391],[23.77551317,59.96871611],[23.7634261,59.97169229],[23.74873505,59.97012967],[23.74419896,59.96149833],[23.75309154,59.96024543],[23.75703883,59.96003391]]],[[[23.73943848,59.95844366],[23.7378637,59.96518764],[23.72282599,59.97057672],[23.71667677,59.9694436],[23.72312782,59.96083571],[23.73902994,59.95866727],[23.73943848,59.95844366]]],[[[23.93247976,59.9509624],[23.94204891,59.95123716],[23.94593083,59.95944931],[23.93137925,59.95163719],[23.93247976,59.9509624]]],[[[23.82495248,59.9482818],[23.85322371,59.96655195],[23.849929,59.97124041],[23.87227732,59.97474832],[23.8912686,59.99074944],[23.85345347,59.99356994],[23.83945876,59.97716701],[23.84447796,59.97470984],[23.8195135,59.94989534],[23.82495248,59.9482818]]],[[[24.41343239,59.96084734],[24.42227683,59.96504323],[24.41724442,59.97205068],[24.41182277,59.96097134],[24.41343239,59.96084734]]],[[[23.86580037,59.94583335],[23.87088029,59.95036092],[23.88846888,59.94799603],[23.89549848,59.95787637],[23.92385221,59.9494867],[23.9193675,59.95312131],[23.93865234,59.96174401],[23.91495083,59.96812616],[23.93170103,59.96532221],[23.93559682,59.97145786],[23.88667143,59.9790827],[23.84771362,59.95775218],[23.84840682,59.95174546],[23.86168824,59.950063],[23.86580037,59.94583335]]],[[[23.09644211,59.92360974],[23.11526583,59.93059781],[23.10119204,59.93335892],[23.09516515,59.92481679],[23.09644211,59.92360974]]],[[[23.73367624,59.94040566],[23.73984686,59.94915593],[23.7551399,59.95270469],[23.727461,59.95284599],[23.73100682,59.94163868],[23.73367624,59.94040566]]],[[[23.92099378,59.94126592],[23.9350207,59.94591041],[23.93165493,59.94877038],[23.91309645,59.94777713],[23.91751977,59.94164864],[23.92099378,59.94126592]]],[[[24.36464227,59.94506746],[24.37674738,59.94914247],[24.37553545,59.95619069],[24.36090737,59.95141092],[24.36296735,59.946509],[24.36464227,59.94506746]]],[[[23.81456836,59.9324447],[23.83118689,59.93492202],[23.8386642,59.94161795],[23.83412659,59.9440493],[23.81942603,59.94273241],[23.80956176,59.93273618],[23.81456836,59.9324447]]],[[[23.94674931,59.93137301],[23.95480719,59.93402761],[23.95029485,59.94006092],[23.9313706,59.93595216],[23.94268351,59.9315441],[23.94674931,59.93137301]]],[[[22.96461878,59.90420635],[22.97205132,59.91276048],[22.96582129,59.91431406],[22.94348005,59.9081574],[22.96084557,59.90469726],[22.96461878,59.90420635]]],[[[23.36638969,59.91500784],[23.39860722,59.91943532],[23.37861401,59.93376016],[23.35922339,59.92954846],[23.35612497,59.91673717],[23.36638969,59.91500784]]],[[[23.41437292,59.91619116],[23.48799659,59.92796656],[23.46725511,59.94352463],[23.42711948,59.94552744],[23.42429048,59.95322495],[23.37810406,59.93724282],[23.40847652,59.91618214],[23.41437292,59.91619116]]],[[[23.75662357,59.92403155],[23.77864006,59.9366767],[23.81188636,59.94325645],[23.81386578,59.94928199],[23.77142486,59.93892518],[23.76455233,59.94476326],[23.74946402,59.94010572],[23.75327187,59.93536958],[23.74686287,59.92629106],[23.75136772,59.92500164],[23.75662357,59.92403155]]],[[[23.72130682,59.92300063],[23.71703206,59.93732432],[23.6849858,59.93390145],[23.71660506,59.92294862],[23.72130682,59.92300063]]],[[[23.66819902,59.91990394],[23.69106932,59.92372545],[23.68950352,59.92776379],[23.68033543,59.93172553],[23.66464327,59.92325566],[23.66819902,59.91990394]]],[[[23.0162343,59.89947657],[23.0281161,59.90508584],[23.01975023,59.91146163],[23.01235818,59.89973045],[23.0162343,59.89947657]]],[[[23.88916519,59.92231371],[23.88985659,59.93155536],[23.87907254,59.93458295],[23.86611349,59.93403724],[23.88617225,59.92295704],[23.88916519,59.92231371]]],[[[23.53114619,59.9127931],[23.55547859,59.92004532],[23.53646152,59.91994258],[23.52740625,59.91670088],[23.52975816,59.91290863],[23.53114619,59.9127931]]],[[[23.63829391,59.91431335],[23.66030622,59.9186494],[23.6578386,59.92211033],[23.64606728,59.92294874],[23.6352815,59.91516104],[23.63829391,59.91431335]]],[[[22.89882162,59.89246484],[22.90595135,59.89626886],[22.90212287,59.90225151],[22.8918907,59.9017434],[22.89680699,59.8939136],[22.89882162,59.89246484]]],[[[23.83650827,59.91827257],[23.841231,59.92213288],[23.81903566,59.92843345],[23.80496856,59.92323167],[23.83047331,59.91814006],[23.83650827,59.91827257]]],[[[23.84891984,59.91654076],[23.85859949,59.91791956],[23.86141731,59.92342149],[23.85540848,59.92689283],[23.84215106,59.91847204],[23.84703786,59.91651343],[23.84891984,59.91654076]]],[[[23.59286323,59.90796645],[23.61430883,59.92044502],[23.64055975,59.92091042],[23.6600098,59.92841949],[23.62280086,59.93730608],[23.61353502,59.93680978],[23.61833753,59.93486233],[23.61234506,59.93119489],[23.52881033,59.92772211],[23.58508834,59.91710572],[23.59052254,59.90807467],[23.59286323,59.90796645]]],[[[23.06726295,59.89315805],[23.07564853,59.8959991],[23.06386693,59.90541597],[23.05727304,59.90279522],[23.064739,59.89377115],[23.06726295,59.89315805]]],[[[23.11988681,59.8940829],[23.13111304,59.89835119],[23.11897955,59.9063701],[23.12699309,59.91267698],[23.11141411,59.91174213],[23.11239367,59.91923396],[23.104664,59.92249166],[23.10339017,59.91557509],[23.07581836,59.90660363],[23.08774942,59.90481914],[23.09718499,59.9112747],[23.10960733,59.90536962],[23.10202533,59.90004945],[23.11890726,59.89417068],[23.11988681,59.8940829]]],[[[23.65874219,59.90624202],[23.66324781,59.91714782],[23.65258636,59.91316064],[23.65523205,59.90721578],[23.65874219,59.90624202]]],[[[22.98032571,59.88678144],[22.97506524,59.89428214],[22.95600583,59.89372021],[22.97352307,59.88737832],[22.98032571,59.88678144]]],[[[23.26879667,59.89109679],[23.28392171,59.89555219],[23.28003897,59.89931231],[23.26528657,59.89843891],[23.25960304,59.89355123],[23.26572916,59.89123393],[23.26879667,59.89109679]]],[[[23.07408418,59.88223448],[23.08763657,59.88631826],[23.08777579,59.8922033],[23.07909709,59.89306762],[23.06390363,59.88865648],[23.0684288,59.88208733],[23.07408418,59.88223448]]],[[[23.36112835,59.88998615],[23.38819446,59.89250302],[23.38570802,59.90092116],[23.34718111,59.91026031],[23.33702811,59.90092672],[23.36022042,59.90033877],[23.35857683,59.89251879],[23.36112835,59.88998615]]],[[[23.54501769,59.89375097],[23.53968748,59.9039852],[23.52030123,59.90255807],[23.54215251,59.89475712],[23.54501769,59.89375097]]],[[[23.55782114,59.89338997],[23.5686558,59.89943072],[23.55057672,59.90201913],[23.55726712,59.90009593],[23.54941518,59.89657246],[23.55746044,59.89409348],[23.55782114,59.89338997]]],[[[23.41401737,59.88761518],[23.44301053,59.89376624],[23.40890203,59.88952039],[23.41401737,59.88761518]]],[[[23.50945041,59.88902193],[23.52372323,59.89487633],[23.49855578,59.8958954],[23.49565457,59.9025926],[23.52973768,59.90582778],[23.51801397,59.91782984],[23.52585691,59.92529691],[23.52249216,59.92868619],[23.49852111,59.92362862],[23.50953319,59.91717989],[23.49730137,59.91315069],[23.48894743,59.91784846],[23.45289939,59.91159804],[23.41224233,59.9142945],[23.40076206,59.90421397],[23.41574081,59.89570987],[23.4335613,59.89546573],[23.44395054,59.90338531],[23.46827423,59.89352058],[23.47353418,59.89690014],[23.47908049,59.89017432],[23.49254194,59.88932203],[23.48513294,59.89203141],[23.48897249,59.89442262],[23.50667789,59.88933191],[23.50945041,59.88902193]]],[[[23.31205022,59.88113753],[23.33157421,59.88438246],[23.3114125,59.89326082],[23.28318531,59.88840422],[23.30286073,59.88194578],[23.31205022,59.88113753]]],[[[23.54536848,59.88599748],[23.54927262,59.8900121],[23.52900858,59.89008792],[23.54445511,59.88631648],[23.54536848,59.88599748]]],[[[23.6819497,59.87900673],[23.70075698,59.88697265],[23.69722543,59.88960748],[23.67977152,59.8792845],[23.6819497,59.87900673]]],[[[23.40207563,59.86325542],[23.41507496,59.86733651],[23.41293673,59.87464217],[23.43882811,59.88200343],[23.42611383,59.88077263],[23.42272462,59.8871754],[23.37923154,59.88884991],[23.36127215,59.88158377],[23.37784531,59.87585304],[23.35985169,59.86553277],[23.39042219,59.86499495],[23.40207563,59.86325542]]],[[[23.30781893,59.86043152],[23.3095838,59.86753297],[23.29011723,59.87138956],[23.28919491,59.86686823],[23.30519333,59.86071517],[23.30781893,59.86043152]]],[[[23.58972007,59.86391861],[23.60771925,59.86563469],[23.59935318,59.87149099],[23.58697248,59.86411792],[23.58972007,59.86391861]]],[[[23.22447076,59.83916731],[23.24978957,59.84364401],[23.25044489,59.84999182],[23.21902852,59.84601786],[23.21617653,59.84103252],[23.2215347,59.839441],[23.22447076,59.83916731]]],[[[23.33043895,59.83495223],[23.33796948,59.84173162],[23.31824326,59.8396362],[23.32767524,59.83507066],[23.33043895,59.83495223]]],[[[22.91479822,59.80819451],[22.91311393,59.81460702],[22.93219159,59.82402198],[22.94738584,59.82498941],[22.95977322,59.81811206],[22.98368114,59.82000817],[22.99088532,59.82691021],[23.03825091,59.82655906],[23.05763023,59.82045219],[23.0614019,59.8232745],[23.05439789,59.8286214],[23.08483219,59.82692682],[23.08181319,59.83216033],[23.09150267,59.83479093],[23.10198601,59.83285304],[23.10043456,59.82698066],[23.12165574,59.82704984],[23.1679706,59.83642475],[23.18645146,59.82780424],[23.18980755,59.8340287],[23.21484748,59.83996922],[23.21343009,59.84682325],[23.2444534,59.85694994],[23.23590777,59.85749819],[23.2402696,59.86274843],[23.22758134,59.8688094],[23.22272348,59.89058273],[23.29580361,59.90859038],[23.31391601,59.92139895],[23.37642107,59.93981476],[23.40060442,59.9769471],[23.42487163,59.98260307],[23.45662432,60.00333451],[23.46049223,60.0106147],[23.45191277,60.01082853],[23.46481429,60.01416954],[23.47211045,60.02978429],[23.46522857,60.03530859],[23.47001994,60.04524132],[23.4641555,60.05042586],[23.49347393,60.05059423],[23.49427854,60.06186186],[23.51804971,60.07185769],[23.51500037,60.08650464],[23.52531612,60.09186975],[23.54310538,60.08959081],[23.53947823,60.09364533],[23.54702273,60.09793513],[23.55961898,60.09166576],[23.53425778,60.07325609],[23.54274689,60.04313277],[23.52294391,60.03448621],[23.5120514,60.03901045],[23.49312524,60.03344574],[23.49459577,60.02787577],[23.48356934,60.02270595],[23.48019482,60.01314912],[23.48857362,59.99853917],[23.46340061,59.99903616],[23.45957542,59.98734494],[23.43607955,59.98149802],[23.42886774,59.97241333],[23.43597441,59.97156871],[23.43399988,59.96511654],[23.44823348,59.96476516],[23.47039309,59.96975166],[23.47713219,59.98086334],[23.49469184,59.98489617],[23.53487033,59.98297109],[23.55176793,59.99176989],[23.57835411,59.99117128],[23.57677497,59.98614425],[23.45474157,59.96149074],[23.45168733,59.95188708],[23.47283875,59.94841454],[23.49046915,59.92742275],[23.51441202,59.93493749],[23.58993758,59.93486837],[23.6168586,59.94152965],[23.6480543,59.9409383],[23.63763447,59.93541747],[23.69857487,59.93700932],[23.68537179,59.94090517],[23.69957422,59.94730705],[23.72513698,59.93955857],[23.72108924,59.95301142],[23.69595122,59.95454496],[23.70839457,59.96364056],[23.69354647,59.97197384],[23.68067267,59.97258421],[23.68711715,59.96184526],[23.68203065,59.95837196],[23.654789,59.96191281],[23.65280853,59.96857749],[23.6600437,59.9736157],[23.66832334,59.96955092],[23.67544055,59.98032403],[23.73952821,59.96873209],[23.75476426,59.97483842],[23.74287075,59.98349122],[23.72158363,59.98627738],[23.75915146,59.98291547],[23.77952188,59.98795716],[23.78889735,59.97789159],[23.8071744,59.98417431],[23.80533442,59.97771552],[23.77678334,59.96833822],[23.80352675,59.96805371],[23.83368311,59.98154819],[23.83803603,59.98868378],[23.8327835,59.99139855],[23.84805641,59.99376286],[23.84271798,59.99726152],[23.85221129,60.00290427],[23.88241401,60.00478461],[23.87986917,60.01607612],[23.86579299,60.02048568],[23.96274191,60.01175769],[23.96711546,60.0218754],[23.99805745,60.03020114],[23.99905744,60.03867057],[24.01399044,60.04648564],[24.02925811,60.04532767],[24.01979316,60.03664415],[24.02816909,60.02702352],[24.03704231,60.02452233],[24.04717249,60.03094208],[24.05174479,60.02358258],[24.09185552,60.02072337],[24.07631859,60.03073743],[24.08138086,60.03631355],[24.11522396,60.02680353],[24.12835113,60.03434949],[24.11881119,60.03614917],[24.1216454,60.04167091],[24.1539972,60.05267943],[24.13541644,60.03782445],[24.14705881,60.0366186],[24.14867989,60.02925987],[24.2020541,60.02742092],[24.20450788,60.03137467],[24.19491596,60.0391767],[24.16210626,60.04923234],[24.17237757,60.05804165],[24.20960856,60.0575318],[24.21233099,60.04749111],[24.22252776,60.04613851],[24.22242466,60.05639867],[24.24357381,60.04306173],[24.26197828,60.04448188],[24.26473609,60.03996417],[24.27683704,60.0438391],[24.26592522,60.0514362],[24.27789468,60.05741847],[24.30201667,60.05532015],[24.3175661,60.06103791],[24.29322955,60.07812813],[24.30896813,60.08555357],[24.33059353,60.07792061],[24.33827796,60.08835663],[24.33322754,60.09387814],[24.3875931,60.08393908],[24.37211525,60.07565037],[24.37367848,60.05766595],[24.35844419,60.04594653],[24.3627065,60.03645947],[24.33726206,60.02807518],[24.32030654,60.01423195],[24.32304319,60.0041111],[24.3521148,60.00920364],[24.3469487,60.01262274],[24.35188373,60.0271712],[24.37906183,60.02893775],[24.38393861,60.01652606],[24.4052162,60.01802075],[24.40858341,60.0290924],[24.4519508,60.04210648],[24.46060362,60.0575671],[24.47846591,60.06495759],[24.46987695,60.05097233],[24.47878259,60.04857407],[24.44553519,60.03537904],[24.44460763,60.03037899],[24.46306937,60.03057092],[24.42589486,60.00771054],[24.42317065,60.0017093],[24.42883617,59.99825002],[24.42301636,59.99061271],[24.39184027,59.97841895],[24.39600956,59.96792128],[24.42445445,59.98549019],[24.42786482,59.97621256],[24.45941841,59.98537823],[24.4626548,59.9913509],[24.44920102,59.99754122],[24.47065445,60.00030428],[24.46473282,59.99559243],[24.4739187,59.99128595],[24.48716175,59.99486873],[24.49138774,60.00539667],[24.50643084,59.99725713],[24.50436421,60.00099838],[24.51757082,60.00749073],[24.50937088,60.01729313],[24.51314306,60.02132679],[24.54644715,60.02725842],[24.54865255,60.03201589],[24.53819401,60.03070444],[24.539888,60.04033124],[24.6190689,60.08169418],[24.61970151,60.0861225],[24.58669241,60.09616375],[24.60795987,60.10568479],[24.64638962,60.10959128],[24.63627069,60.12157083],[24.63175192,60.11460482],[24.61966191,60.11939415],[24.57262872,60.10518186],[24.6110308,60.11992928],[24.62759843,60.13711987],[24.6079055,60.15665061],[24.55066687,60.16138948],[24.5592641,60.17257836],[24.57284804,60.17710411],[24.59354473,60.16328313],[24.62533067,60.15453891],[24.64015778,60.13799192],[24.65487716,60.14008057],[24.65155295,60.13628147],[24.66201057,60.13509685],[24.67649826,60.11593096],[24.68703422,60.11780452],[24.67700809,60.12180522],[24.68166986,60.1265489],[24.69979265,60.13107655],[24.68635524,60.13968563],[24.72332823,60.14909373],[24.74952491,60.14398218],[24.7693049,60.15580147],[24.80189471,60.15911862],[24.81882772,60.17541237],[24.82035727,60.16925353],[24.83536664,60.16657541],[24.82856011,60.17184523],[24.83757233,60.17632603],[24.84056546,60.19073592],[24.8206564,60.18887135],[24.81444088,60.1963798],[24.84216132,60.20899368],[24.87330082,60.19039194],[24.90936875,60.18359117],[24.91407382,60.17598312],[24.90221891,60.17309407],[24.91587145,60.16897028],[24.8977589,60.16645512],[24.90895024,60.15746639],[24.90224073,60.15540789],[24.90926277,60.15033425],[24.92505722,60.15366441],[24.92238227,60.14721422],[24.9272401,60.14656698],[24.93324412,60.15384612],[24.9630029,60.15593084],[24.95435757,60.167034],[24.96318541,60.18029365],[24.97601636,60.1771771],[24.98365084,60.1836851],[24.98514764,60.19576766],[24.97947079,60.20062072],[24.98384923,60.21256204],[24.99810138,60.20618898],[25.00399786,60.20929368],[25.00349135,60.21523787],[24.99690225,60.20837853],[24.99087219,60.21092466],[24.99459932,60.22158588],[25.02471621,60.2084722],[25.01752149,60.2049829],[25.02319551,60.19747278],[25.00014573,60.19679963],[25.03245015,60.18464262],[25.06794158,60.19872142],[25.09658777,60.20053936],[25.11793744,60.21477403],[25.08975233,60.18827229],[25.13011193,60.19668553],[25.13560539,60.1879635],[25.15027877,60.18624348],[25.14851214,60.19517995],[25.13878665,60.19330387],[25.13590484,60.20016593],[25.15934193,60.20166133],[25.17470057,60.19333006],[25.1872117,60.19969655],[25.17766774,60.20764795],[25.20348477,60.2145881],[25.17599038,60.23048248],[25.19172684,60.22880193],[25.18795146,60.23575122],[25.20585574,60.23340877],[25.20952539,60.24116094],[25.21744283,60.2408067],[25.20177931,60.25298476],[25.24113575,60.26148434],[25.24557316,60.26073423],[25.24328684,60.25287338],[25.25307448,60.25030299],[25.31215514,60.25401901],[25.33290069,60.26176363],[25.34605707,60.25805564],[25.34807327,60.2644749],[25.32370432,60.28587179],[25.35078219,60.2644151],[25.37506037,60.27444124],[25.38758443,60.26891573],[25.37837809,60.26001989],[25.38057195,60.25407037],[25.42451073,60.25938725],[25.43101032,60.25183176],[25.44517693,60.2515119],[25.44850209,60.25810199],[25.46201757,60.25286154],[25.46681578,60.25444962],[25.46478738,60.26140616],[25.49102616,60.25882999],[25.48116733,60.25313328],[25.49429785,60.24894724],[25.51155212,60.26632742],[25.51045764,60.27906354],[25.52777767,60.28196462],[25.51359851,60.28503938],[25.53629097,60.28308843],[25.55071327,60.30561662],[25.54845857,60.31749423],[25.51890256,60.32986345],[25.55144655,60.33932797],[25.56794903,60.33201387],[25.57590016,60.34003248],[25.57676021,60.3119663],[25.58557791,60.31101495],[25.58617451,60.32129564],[25.60060444,60.32936592],[25.59361783,60.33232508],[25.59621186,60.33971413],[25.60835145,60.3417039],[25.60839203,60.32983805],[25.61893553,60.33315259],[25.62904203,60.35299691],[25.65735299,60.37323236],[25.67464582,60.37683735],[25.66890655,60.38306388],[25.68004888,60.38081184],[25.68134287,60.37449524],[25.68606045,60.37945952],[25.70417194,60.37178084],[25.7008854,60.36308006],[25.68983243,60.3597163],[25.71801758,60.35339155],[25.72156976,60.3409378],[25.71545118,60.33325692],[25.70952302,60.34055814],[25.69903915,60.33348862],[25.62812454,60.32728193],[25.64196566,60.32307675],[25.63765141,60.31348876],[25.65340358,60.30741585],[25.643936,60.30180425],[25.66581734,60.29207218],[25.66248594,60.28158573],[25.67009101,60.27645127],[25.70817301,60.27807391],[25.71718384,60.27401029],[25.71009986,60.26736724],[25.74455642,60.25234835],[25.75912954,60.25661488],[25.78697667,60.23728613],[25.79523771,60.23975342],[25.79036873,60.24769513],[25.79415504,60.25697082],[25.78409453,60.26338907],[25.78993723,60.26746261],[25.83057987,60.26225463],[25.84784319,60.26729612],[25.84290759,60.27156366],[25.85049698,60.27763299],[25.84403119,60.28096558],[25.81233114,60.27637643],[25.78678228,60.28113926],[25.75752365,60.31152758],[25.75089031,60.31137637],[25.749636,60.30508687],[25.74087295,60.30969651],[25.74264283,60.32383323],[25.76081203,60.31853517],[25.80452965,60.28645246],[25.85995498,60.28955761],[25.85733366,60.27394797],[25.87206673,60.26802769],[25.86422848,60.26260379],[25.87217074,60.25969869],[25.86058761,60.25604657],[25.88066359,60.25187953],[25.88536249,60.24494251],[25.89909782,60.24639821],[25.93634086,60.26062022],[25.91688457,60.26230503],[25.90335113,60.27223717],[25.90489815,60.2828419],[25.88730024,60.28400616],[25.88594988,60.29251724],[25.90134657,60.30295477],[25.88216504,60.3082982],[25.87388674,60.32045366],[25.8638471,60.32347846],[25.8842035,60.33461345],[25.8680639,60.33743296],[25.91464953,60.34284041],[25.90785517,60.36160168],[25.91287469,60.36665539],[25.89043284,60.37303373],[25.88209904,60.38761344],[25.86056211,60.39545645],[25.84588987,60.411554],[25.85249617,60.41252215],[25.89078003,60.39954358],[25.90436975,60.37630991],[25.93541352,60.36816563],[25.9419851,60.35735503],[25.98135429,60.35137083],[25.98670557,60.3625002],[25.97927816,60.3731636],[25.99538105,60.37353904],[25.98998501,60.35405698],[26.02033839,60.3360435],[26.0286402,60.31745028],[26.01769211,60.30620203],[26.04990062,60.30322776],[26.06145809,60.3128535],[26.07778145,60.30454668],[26.11132104,60.32510467],[26.10290427,60.33072454],[26.10811849,60.3394911],[26.10268393,60.34691449],[26.07499058,60.34554046],[26.06850121,60.3504977],[26.06924804,60.36006556],[26.05511291,60.36119585],[26.04270366,60.37994191],[26.0147517,60.38681865],[26.01757929,60.39344545],[25.99163798,60.40157078],[25.98987915,60.40599424],[25.99892032,60.4082569],[26.00677757,60.39856903],[26.02185619,60.399509],[26.03965203,60.4105093],[26.04039558,60.41766205],[25.99890969,60.4308118],[25.99414939,60.4469716],[25.95797719,60.4455828],[25.95467684,60.45147995],[25.97065013,60.46387456],[25.95503768,60.4658409],[25.97070763,60.47618414],[25.93535087,60.47633368],[25.91258153,60.48520281],[25.91984871,60.49018291],[25.92866006,60.49138979],[25.94364923,60.48200138],[25.97246487,60.48127717],[26.00232344,60.46248812],[26.00400276,60.45252689],[26.05368873,60.4232674],[26.07102216,60.43348852],[26.09858012,60.41101381],[26.11429976,60.4043149],[26.12917082,60.40743148],[26.1392057,60.39494384],[26.15670976,60.4012867],[26.1705082,60.39692416],[26.15296201,60.39457858],[26.16263837,60.38681182],[26.15231242,60.38530029],[26.18030509,60.37315611],[26.156858,60.37686491],[26.19617851,60.36290038],[26.20742183,60.37157783],[26.20115403,60.37833036],[26.18490505,60.37753811],[26.19418829,60.38454396],[26.1936046,60.39566551],[26.17316364,60.40125024],[26.16954266,60.41826603],[26.20627598,60.40354071],[26.22288393,60.40552763],[26.22470548,60.39580162],[26.26692235,60.39263104],[26.25878972,60.4037398],[26.25056048,60.40489276],[26.25846616,60.4106441],[26.24937658,60.4254114],[26.23216857,60.43644943],[26.24201451,60.44647775],[26.23442689,60.45150335],[26.23587102,60.45972498],[26.2699113,60.43264055],[26.29602194,60.43109878],[26.2797667,60.42122452],[26.2990319,60.41787716],[26.29013963,60.40599292],[26.31407919,60.37440937],[26.335823,60.37287617],[26.33434458,60.38182795],[26.3475276,60.38384142],[26.33421805,60.39802809],[26.35084885,60.40242657],[26.37290519,60.39846627],[26.36725892,60.40756536],[26.37954215,60.41312506],[26.4147225,60.39162811],[26.41008275,60.40871979],[26.41461598,60.41130675],[26.40198789,60.43013578],[26.42278675,60.4238711],[26.42219946,60.41525024],[26.43917655,60.41320728],[26.44037911,60.41945282],[26.43134582,60.41941004],[26.44062633,60.42438683],[26.45411894,60.41798079],[26.45480323,60.43015886],[26.46173786,60.43398051],[26.43798384,60.46914703],[26.4542485,60.47070533],[26.44200601,60.47898834],[26.45315532,60.4861319],[26.44783952,60.492419],[26.511203,60.52731408],[26.50061376,60.5454413],[26.54429215,60.55490657],[26.53866194,60.59517403],[26.48345131,60.59685153],[26.4818476,60.61425312],[26.45845324,60.6390821],[26.4313951,60.64955127],[26.34710468,60.66135799],[26.36208217,60.66822393],[26.33844821,60.67582716],[26.3250744,60.69666047],[26.3314679,60.71188897],[26.30045532,60.7309506],[26.30013052,60.74920561],[26.27098181,60.76034558],[26.25370156,60.76100924],[26.25314946,60.74809501],[26.22920833,60.74784389],[26.20836347,60.7579944],[26.22384401,60.72927309],[26.21425843,60.71625176],[26.14181409,60.69049598],[26.10923912,60.68637661],[26.0277751,60.71663027],[25.93351866,60.70594319],[25.91493336,60.73587076],[25.85936573,60.73202235],[25.83485921,60.71495157],[25.74675048,60.70806147],[25.72300729,60.71842111],[25.69736815,60.70786194],[25.67954973,60.69154869],[25.61779498,60.68031031],[25.61086851,60.67147628],[25.51928424,60.70389458],[25.52542317,60.71942695],[25.51364792,60.74812173],[25.47452396,60.79268878],[25.4332997,60.79544895],[25.3821838,60.75340107],[25.31909199,60.76096611],[25.29811757,60.75195513],[25.28473026,60.77622777],[25.22116594,60.80403666],[25.20911237,60.84085115],[25.18823081,60.83446991],[25.18430472,60.82509036],[25.18927116,60.82034404],[25.11097449,60.81858337],[25.10206822,60.80976477],[25.15487587,60.77838285],[25.15244574,60.76836463],[25.09063842,60.76293462],[25.05827802,60.72498625],[25.06792439,60.71455297],[25.11866429,60.7466846],[25.1454766,60.73147468],[25.19293019,60.72473784],[25.08422086,60.69920788],[25.1124618,60.66159624],[25.06186853,60.66925443],[25.05347681,60.6796351],[25.03486643,60.68499215],[24.93259494,60.67367983],[24.92087526,60.66292858],[24.89418028,60.66010454],[24.83560104,60.65930141],[24.83507239,60.66627535],[24.80945581,60.67282677],[24.7792677,60.65389147],[24.76416305,60.65992169],[24.73988031,60.64749645],[24.69127358,60.6493123],[24.61591118,60.66756883],[24.56602855,60.63707183],[24.56293619,60.60246749],[24.57725031,60.58580122],[24.54895214,60.55983982],[24.42368035,60.55249151],[24.39844718,60.57717738],[24.41042243,60.59212201],[24.34772354,60.61215375],[24.29332446,60.58435596],[24.30557556,60.57104757],[24.28538667,60.56541063],[24.23421401,60.6014501],[24.23726373,60.61806607],[24.17494301,60.62808261],[24.13478106,60.62311746],[24.08428585,60.62809028],[24.04107251,60.64452161],[23.96144773,60.63807833],[23.91786561,60.65384333],[23.90050681,60.64975687],[23.86640545,60.61863979],[23.92054909,60.60608735],[23.90826984,60.58686913],[23.88907023,60.57410434],[23.88749799,60.55850713],[23.84449248,60.55642349],[23.8644607,60.53874368],[23.85154498,60.53059777],[23.87184984,60.50793434],[23.8376278,60.49128118],[23.73748611,60.49036948],[23.70943058,60.47283424],[23.71516589,60.46483852],[23.69223023,60.44990121],[23.7841404,60.45018604],[23.79360767,60.42883007],[23.78440121,60.40482658],[23.79048728,60.38782525],[23.72317245,60.36875589],[23.72261128,60.35995709],[23.73395598,60.35570291],[23.73530793,60.33792036],[23.72888025,60.32899284],[23.72779256,60.30773452],[23.68977703,60.29368835],[23.67398676,60.30307606],[23.62947818,60.28266824],[23.62717141,60.26052322],[23.59892194,60.26638972],[23.58632158,60.2588405],[23.63346122,60.23472552],[23.64896368,60.20156521],[23.60799624,60.19140675],[23.55361573,60.20220456],[23.47018714,60.17260658],[23.41537195,60.16520001],[23.37917566,60.16704583],[23.36293753,60.14989881],[23.31595517,60.17158452],[23.32587565,60.18853736],[23.30591071,60.18866013],[23.27754039,60.17265137],[23.27150195,60.15428762],[23.1957817,60.13416571],[23.19749473,60.12291356],[23.14864972,60.10044067],[23.05645225,60.08861231],[23.02800357,60.10157039],[23.00275563,60.09792328],[23.01786079,60.08746821],[22.98844583,60.08547821],[22.98889967,60.07049509],[23.01320329,60.06261388],[23.01882137,60.06544827],[23.00755376,60.07558087],[23.01581538,60.0819346],[23.01810681,60.07707267],[23.0125069,60.07411618],[23.02216023,60.06556881],[23.03264451,60.07158791],[23.05000947,60.05563077],[23.07049058,60.05468732],[23.05139928,60.0493081],[23.05692818,60.04468979],[23.07859821,60.04823105],[23.07515346,60.05343314],[23.08153993,60.05548593],[23.086008,60.05211277],[23.08222406,60.04383281],[23.10308903,60.03977464],[23.10850526,60.04662867],[23.10171694,60.05286863],[23.13964954,60.06880623],[23.14910455,60.06759564],[23.14243752,60.06480913],[23.14514285,60.05737119],[23.15198982,60.05939511],[23.15021477,60.06673031],[23.16434374,60.06977906],[23.2265456,60.06975001],[23.23429422,60.06347975],[23.26574422,60.0627658],[23.23656854,60.05185945],[23.21789269,60.03704247],[23.20991467,60.0416943],[23.23148674,60.06083621],[23.16219006,60.06179491],[23.15479648,60.05281872],[23.11635775,60.04481253],[23.11106494,60.00733153],[23.09913836,60.0167522],[23.08532206,60.00979316],[23.09610452,60.02618864],[23.10863679,60.03034122],[23.1019743,60.03703797],[23.03922032,60.04688457],[23.02502383,60.04415566],[23.02282148,60.04868094],[22.98950407,60.03878488],[22.98528578,60.03271681],[23.00754258,60.01935151],[23.01071747,60.00375987],[23.03607901,60.00657246],[23.0488173,59.99625747],[23.03947828,59.99465633],[23.03707132,60.00362831],[23.02735337,60.00547486],[23.02250284,60.00332358],[23.02352903,59.99181725],[23.02917306,59.98610976],[23.01091724,59.9906226],[23.00472232,59.98518621],[23.00745482,59.97983376],[22.9826475,59.97114415],[22.96700763,59.98023016],[22.95053993,59.97963235],[22.95471333,59.98989326],[22.93065806,59.99246453],[22.90680885,59.98849709],[22.91310304,59.97779316],[22.90825351,59.97459354],[22.88012479,59.97989754],[22.85226769,59.96683466],[22.85020775,59.9815903],[22.83112283,59.98409202],[22.85250795,59.99100195],[22.82394799,60.00077134],[22.83838773,60.00291732],[22.83434007,60.00652106],[22.84258219,60.00961281],[22.83516385,60.01243034],[22.84621561,60.01507079],[22.81007148,60.01750232],[22.816619,60.00013837],[22.81199554,59.99632652],[22.81441571,59.98039657],[22.82432068,59.97897944],[22.83311568,59.96402436],[22.85871406,59.96055368],[22.86909403,59.95183872],[22.85962276,59.94234482],[22.88416325,59.91787639],[22.93910466,59.90846518],[22.95697884,59.91366975],[22.96074951,59.92116145],[22.97363892,59.91790275],[22.97733734,59.92314335],[23.00802309,59.91544278],[22.98430491,59.93425395],[22.96104462,59.93337053],[22.9674398,59.94831645],[22.97566851,59.95247328],[22.97985449,59.94110515],[22.9901029,59.93724153],[23.02175983,59.94070301],[23.00424207,59.9340372],[23.01509679,59.92336637],[23.02505498,59.92251728],[23.02610745,59.91071043],[23.03349164,59.91766471],[23.06418135,59.91987668],[23.0706436,59.93024135],[23.05614455,59.94803778],[23.07168182,59.96040847],[23.07109656,59.97588917],[23.0787579,59.97819736],[23.06471513,59.98346259],[23.05169373,59.9770691],[23.03139649,59.97939738],[23.0295297,59.98475375],[23.03828595,59.98976078],[23.06434026,59.98861151],[23.10110502,60.00519774],[23.14676638,60.00822973],[23.17684657,60.01590751],[23.20273481,60.03461702],[23.23061186,60.03603378],[23.23308359,60.03080085],[23.19970068,60.0141242],[23.20793869,60.00587326],[23.20025263,59.99922165],[23.21211852,59.99731361],[23.20413878,59.99297559],[23.1967485,59.99578493],[23.20059925,60.00737253],[23.19158266,60.01730369],[23.11428178,59.99601613],[23.11211085,59.99113001],[23.12713524,59.99268293],[23.12944812,59.98436928],[23.12256286,59.98910023],[23.10927142,59.98631686],[23.09627881,59.94805278],[23.1081342,59.94141879],[23.12831878,59.94462074],[23.13577242,59.94907935],[23.13420763,59.96273489],[23.15338219,59.9672067],[23.16705939,59.95290614],[23.15508066,59.94726995],[23.17921751,59.94668107],[23.18802774,59.95434686],[23.1795873,59.95943074],[23.17806898,59.97116023],[23.19297147,59.97677389],[23.21574248,59.95886906],[23.19034481,59.94457103],[23.16198117,59.94120218],[23.147798,59.93251782],[23.1446253,59.92363694],[23.16891754,59.91690041],[23.1586388,59.91041286],[23.16254684,59.9086807],[23.22369192,59.93731037],[23.22110985,59.94136513],[23.2005369,59.93760457],[23.20788818,59.94323323],[23.2406863,59.9453035],[23.27761071,59.96905084],[23.28060753,59.9820784],[23.30049308,59.99417893],[23.29842049,60.01927065],[23.30623364,60.03496452],[23.32048735,60.04717754],[23.32886116,60.04696459],[23.30867621,60.01926656],[23.30596752,59.99398361],[23.29450039,59.97587148],[23.28123459,59.96694106],[23.27901161,59.9583942],[23.26381699,59.95381238],[23.27141794,59.94915159],[23.23492314,59.93840529],[23.21806045,59.9292859],[23.21490703,59.92033117],[23.19364158,59.91825431],[23.20296086,59.91107164],[23.16782844,59.90583126],[23.16263025,59.90182527],[23.16931313,59.89202905],[23.15902316,59.88732184],[23.10467136,59.88740594],[23.07710143,59.88140011],[23.07174157,59.87336559],[23.05005454,59.86600886],[23.02501582,59.86519269],[22.98371192,59.84649184],[22.96786491,59.85050451],[22.95141676,59.84182331],[22.9298363,59.84293782],[22.93476375,59.84002593],[22.92433207,59.83569231],[22.92502662,59.82794602],[22.90100793,59.82127337],[22.8912158,59.81090517],[22.91007531,59.8091139],[22.91479822,59.80819451]]],[[[23.57565207,59.81998353],[23.57842401,59.8323325],[23.55261014,59.82331121],[23.57165588,59.81994345],[23.57565207,59.81998353]]],[[[22.94677404,59.76579587],[22.95359701,59.76842251],[22.95092128,59.77463881],[22.93577888,59.77701125],[22.93496433,59.77182653],[22.94470327,59.76681725],[22.94677404,59.76579587]]]]}},{"type":"Feature","id":"02","properties":{"code":"02","nameFi":"Varsinais-Suomi","nameSv":"Egentliga Finland","nameEn":"Southwest Finland","year":2026},"geometry":{"type":"MultiPolygon","coordinates":[[[[21.17993565,60.9869881],[21.1911056,60.99025286],[21.18327841,60.99573152],[21.17395956,60.99437299],[21.17537592,60.98755415],[21.17993565,60.9869881]]],[[[21.17188461,60.94645405],[21.17880224,60.94843784],[21.16612987,60.95860753],[21.15684742,60.95422955],[21.16880669,60.9476249],[21.17188461,60.94645405]]],[[[21.21594105,60.93683981],[21.21773281,60.9461631],[21.20318484,60.93848992],[21.21264854,60.937065],[21.21594105,60.93683981]]],[[[21.15634175,60.85939711],[21.16635421,60.86825455],[21.15669357,60.87400046],[21.14914796,60.8659406],[21.15332333,60.86027157],[21.15634175,60.85939711]]],[[[21.15383508,60.84635159],[21.15909413,60.85308007],[21.15473183,60.85576956],[21.14489163,60.85328197],[21.14675595,60.84664591],[21.15383508,60.84635159]]],[[[21.03699201,60.834941],[21.03343832,60.84432288],[21.01973514,60.84870853],[21.00297981,60.84532415],[21.03039136,60.83671455],[21.03699201,60.834941]]],[[[21.25719503,60.82006741],[21.27383109,60.82362898],[21.27620271,60.83015767],[21.26390269,60.82970802],[21.25622708,60.82057255],[21.25719503,60.82006741]]],[[[21.23482669,60.81297352],[21.25053025,60.81726239],[21.25476407,60.82469455],[21.22794132,60.83785369],[21.24096023,60.8265919],[21.22988237,60.81855642],[21.23352205,60.81460901],[21.23482669,60.81297352]]],[[[21.17064534,60.80807892],[21.15179994,60.82325054],[21.14450523,60.81435256],[21.16578637,60.80796018],[21.17064534,60.80807892]]],[[[21.27064488,60.80251991],[21.28705958,60.81052475],[21.27580631,60.81659098],[21.28471258,60.82214297],[21.24604281,60.81228165],[21.24144307,60.80536734],[21.26266362,60.80650623],[21.27064488,60.80251991]]],[[[21.30531267,60.79285519],[21.31036266,60.79708565],[21.30273,60.8069043],[21.29784139,60.7945252],[21.30531267,60.79285519]]],[[[21.16777866,60.78025611],[21.17917331,60.78426008],[21.14712971,60.79889657],[21.15190753,60.80516941],[21.14360383,60.80744219],[21.131457,60.79791283],[21.1419416,60.78562117],[21.16305858,60.78218169],[21.16777866,60.78025611]]],[[[21.34920817,60.78772075],[21.35778774,60.7889616],[21.35390016,60.79712853],[21.36755942,60.80162855],[21.33821494,60.79383402],[21.34118536,60.78827975],[21.34920817,60.78772075]]],[[[21.28266789,60.784646],[21.28601358,60.78868095],[21.27600838,60.79261301],[21.26395825,60.7895835],[21.27842322,60.78456042],[21.28266789,60.784646]]],[[[21.29104178,60.76020289],[21.30371543,60.76454299],[21.29382373,60.77501341],[21.2670623,60.77109259],[21.28859697,60.7603815],[21.29104178,60.76020289]]],[[[21.39433722,60.76402788],[21.3823033,60.77527435],[21.37012361,60.77039473],[21.38816237,60.76434662],[21.39433722,60.76402788]]],[[[21.26605014,60.75390413],[21.27120047,60.75965949],[21.28374283,60.75786121],[21.28170356,60.76401777],[21.25608722,60.76706753],[21.2513796,60.75849511],[21.26211591,60.75545341],[21.26605014,60.75390413]]],[[[21.35849091,60.74163809],[21.37770158,60.74930265],[21.37418468,60.75566743],[21.3421018,60.76815684],[21.3278055,60.76674259],[21.32447034,60.76185757],[21.34375012,60.75275657],[21.3388522,60.74872232],[21.35592747,60.74324212],[21.35849091,60.74163809]]],[[[21.01639099,60.71505688],[21.02742752,60.72159265],[21.01870862,60.72561308],[21.03062739,60.72909738],[21.02836641,60.73532948],[21.00439731,60.72441423],[21.00849494,60.71634498],[21.01639099,60.71505688]]],[[[21.27118685,60.72415785],[21.28264747,60.72609503],[21.27799656,60.73013049],[21.26356096,60.72715648],[21.27118685,60.72415785]]],[[[21.33695406,60.72022512],[21.34727706,60.72776842],[21.33855255,60.73360723],[21.32618296,60.72728113],[21.33338821,60.72055648],[21.33695406,60.72022512]]],[[[21.30126938,60.70818947],[21.32716181,60.71360749],[21.30592837,60.72009345],[21.28362642,60.71319455],[21.29542548,60.70846017],[21.30126938,60.70818947]]],[[[21.43578178,60.70965294],[21.42714055,60.71885309],[21.41604217,60.71969265],[21.42956457,60.70998082],[21.43578178,60.70965294]]],[[[21.34249302,60.65851941],[21.33552684,60.66632704],[21.34023633,60.67220697],[21.32597968,60.66699331],[21.33888352,60.65991827],[21.34249302,60.65851941]]],[[[21.23189976,60.60735391],[21.24083121,60.61872118],[21.2326303,60.62739183],[21.21792638,60.62937195],[21.22209013,60.62338505],[21.21463401,60.62041243],[21.22875364,60.60836776],[21.23189976,60.60735391]]],[[[21.4269843,60.60757391],[21.42093203,60.61809598],[21.40013104,60.61698619],[21.42384147,60.60778507],[21.4269843,60.60757391]]],[[[21.22585656,60.58161035],[21.23418286,60.59811272],[21.22334781,60.60631682],[21.2082295,60.60689994],[21.19984105,60.61736208],[21.18615029,60.61227418],[21.1649094,60.615153],[21.16083116,60.60876906],[21.17876034,60.60637012],[21.17936655,60.61177332],[21.19704532,60.60601941],[21.22126448,60.58248836],[21.22585656,60.58161035]]],[[[21.3644791,60.58338801],[21.37164609,60.58699897],[21.36931402,60.59491466],[21.35315606,60.60421935],[21.35300999,60.61548917],[21.31752162,60.62556313],[21.31165545,60.6173172],[21.35005319,60.59917874],[21.36299214,60.58336741],[21.3644791,60.58338801]]],[[[21.31903461,60.58009973],[21.3171447,60.58726596],[21.32427081,60.58940428],[21.30356617,60.60748094],[21.31468894,60.61186648],[21.306511,60.6196579],[21.3215592,60.63001707],[21.3260063,60.62321339],[21.35538082,60.62472603],[21.34110117,60.63568734],[21.33058581,60.63496121],[21.33216189,60.62815583],[21.3152184,60.63740951],[21.31855709,60.64156654],[21.30857136,60.6507024],[21.31198426,60.65542432],[21.32275963,60.65302461],[21.31580276,60.65761344],[21.32276928,60.65869968],[21.32083356,60.66583862],[21.29568192,60.66268046],[21.29319696,60.67097116],[21.25996238,60.67119118],[21.25808876,60.66679616],[21.28573232,60.65939893],[21.26092469,60.64958636],[21.23440378,60.65050233],[21.23205255,60.63659029],[21.21189495,60.63941154],[21.23243875,60.63456343],[21.24791366,60.61816987],[21.24208639,60.6093534],[21.25715934,60.60093626],[21.26961259,60.60006398],[21.26167588,60.60636324],[21.26484349,60.61287029],[21.28187364,60.60401943],[21.28960048,60.61021218],[21.29446459,60.59671134],[21.28437617,60.60212763],[21.27761239,60.59823725],[21.29100755,60.58722408],[21.28469466,60.58337136],[21.31020922,60.58379829],[21.31903461,60.58009973]]],[[[21.16134073,60.56088051],[21.1808195,60.57182895],[21.16207815,60.57789318],[21.16046573,60.56279675],[21.16134073,60.56088051]]],[[[21.44356041,60.56458253],[21.44447033,60.57147982],[21.43626581,60.57687477],[21.42441191,60.57387097],[21.44066606,60.56528072],[21.44356041,60.56458253]]],[[[21.51895307,60.56700674],[21.50098637,60.57403288],[21.49457817,60.57166763],[21.49673844,60.56680348],[21.51309267,60.56734887],[21.51895307,60.56700674]]],[[[21.74823851,60.57395671],[21.76269533,60.58886418],[21.72611998,60.58447373],[21.74583665,60.57486635],[21.74823851,60.57395671]]],[[[21.31824436,60.55462034],[21.32691714,60.55947632],[21.30882295,60.57279771],[21.31003707,60.5802902],[21.29135235,60.57883787],[21.28765121,60.57307123],[21.31668334,60.55680745],[21.31824436,60.55462034]]],[[[21.20760729,60.54477255],[21.20434705,60.55506881],[21.19521069,60.55213939],[21.20506161,60.54595758],[21.20760729,60.54477255]]],[[[21.51092271,60.55674784],[21.50794585,60.5646462],[21.49379647,60.563033],[21.50416194,60.5576296],[21.51092271,60.55674784]]],[[[21.55134213,60.55677171],[21.5559594,60.56250374],[21.54785992,60.56458345],[21.53387118,60.56458693],[21.54647692,60.55764045],[21.55134213,60.55677171]]],[[[21.24075526,60.54015873],[21.24620293,60.54879067],[21.23628381,60.54979106],[21.23898258,60.54625765],[21.22882253,60.54386495],[21.23275684,60.54214554],[21.24075526,60.54015873]]],[[[21.51778162,60.55001461],[21.5356558,60.56109411],[21.51464999,60.56049176],[21.52236469,60.55437604],[21.51523897,60.55160257],[21.51778162,60.55001461]]],[[[21.22411212,60.53708147],[21.22521432,60.55061936],[21.21460695,60.54624359],[21.22020003,60.53829286],[21.22411212,60.53708147]]],[[[21.73646082,60.55179121],[21.75069337,60.5611697],[21.74418833,60.56357677],[21.74742801,60.57102909],[21.74239776,60.57572374],[21.7313482,60.57223292],[21.72521823,60.55788382],[21.72936808,60.55459481],[21.73646082,60.55179121]]],[[[21.55184748,60.53106809],[21.55701887,60.53277966],[21.55533807,60.54179529],[21.54218913,60.55572367],[21.52710543,60.55684692],[21.52477069,60.54975379],[21.5352081,60.53660469],[21.54897753,60.53160418],[21.55184748,60.53106809]]],[[[21.2299895,60.50359678],[21.22971126,60.51042546],[21.19605134,60.51367432],[21.22666383,60.50462125],[21.2299895,60.50359678]]],[[[21.49311841,60.50963845],[21.50690988,60.51240584],[21.50934187,60.51964782],[21.48618734,60.52994339],[21.48185687,60.52196403],[21.4928759,60.51662605],[21.48932243,60.50965876],[21.49311841,60.50963845]]],[[[21.58490753,60.51225823],[21.58759028,60.52194236],[21.59709064,60.52542057],[21.57020432,60.54485419],[21.56104165,60.54414118],[21.56084773,60.53665141],[21.56907245,60.52521692],[21.57611117,60.52526063],[21.58083092,60.513133],[21.58490753,60.51225823]]],[[[21.3680725,60.49548939],[21.38904243,60.50344154],[21.37639369,60.50510282],[21.3743961,60.51093591],[21.38170749,60.51278568],[21.37538016,60.51931802],[21.34592734,60.51289726],[21.36358501,60.507645],[21.36004045,60.50060467],[21.36459804,60.49660952],[21.3680725,60.49548939]]],[[[21.67852595,60.50346599],[21.689615,60.509212],[21.68067049,60.51547375],[21.67756155,60.5082931],[21.66947925,60.50762829],[21.67527828,60.5047668],[21.67852595,60.50346599]]],[[[21.93767611,60.51255929],[21.94318742,60.51327681],[21.94258833,60.519591],[21.92656747,60.52175961],[21.93699859,60.51339237],[21.93767611,60.51255929]]],[[[21.31126,60.48474824],[21.31630709,60.49305397],[21.344013,60.49265393],[21.35351664,60.50142202],[21.33454271,60.5074602],[21.33998396,60.51224779],[21.33652675,60.51624409],[21.31175182,60.51907851],[21.3185677,60.52056092],[21.31436366,60.5302632],[21.32312832,60.53770143],[21.31268844,60.55188828],[21.26919925,60.57059519],[21.261181,60.58158868],[21.25085157,60.57905038],[21.24624418,60.58599349],[21.23459733,60.58537399],[21.24311594,60.57441855],[21.23293518,60.58236856],[21.2290607,60.57398967],[21.24101683,60.56554465],[21.25562938,60.56513975],[21.2544462,60.56049686],[21.2442669,60.56138481],[21.24874198,60.55407802],[21.24124848,60.55262846],[21.2523765,60.54899792],[21.24895655,60.54470651],[21.26160015,60.54771128],[21.25767985,60.55174626],[21.28688347,60.55043885],[21.27227664,60.54278109],[21.27906595,60.53878551],[21.27977322,60.53411791],[21.27292646,60.53352071],[21.27707272,60.52678241],[21.25978078,60.52853399],[21.25001124,60.53622124],[21.24860416,60.52920138],[21.23987311,60.52686995],[21.23760986,60.51172119],[21.24543433,60.50801483],[21.27250328,60.51585579],[21.2662386,60.50340152],[21.28791215,60.50336035],[21.27315811,60.49529453],[21.28704666,60.49050909],[21.31120982,60.49779385],[21.3077185,60.48570821],[21.31126,60.48474824]]],[[[21.36483106,60.48173317],[21.36910617,60.48811078],[21.35435946,60.49365247],[21.3601292,60.48909351],[21.35632763,60.48323073],[21.36386708,60.48263257],[21.36483106,60.48173317]]],[[[21.51427414,60.48679818],[21.52020984,60.48840756],[21.51661535,60.4921485],[21.50167344,60.4924062],[21.51150511,60.48797428],[21.51427414,60.48679818]]],[[[21.67024296,60.49154868],[21.66992597,60.50418566],[21.66377326,60.50205374],[21.66308525,60.49325057],[21.67024296,60.49154868]]],[[[21.56460654,60.48582465],[21.57677064,60.49242384],[21.57274589,60.49494301],[21.5657902,60.49588806],[21.56107493,60.48734183],[21.56460654,60.48582465]]],[[[21.54929133,60.4844405],[21.55787963,60.48848676],[21.54623896,60.48895506],[21.54841911,60.49307491],[21.56570447,60.49985891],[21.57503208,60.51213641],[21.57243021,60.52172439],[21.5480261,60.52580872],[21.55553149,60.51106144],[21.56347198,60.51030004],[21.55920403,60.50117833],[21.52244634,60.51774797],[21.52556947,60.5050296],[21.51515403,60.50034407],[21.51670923,60.49578932],[21.54135983,60.49515982],[21.5363992,60.49047418],[21.54439806,60.48626038],[21.54929133,60.4844405]]],[[[21.46922567,60.47761524],[21.49992373,60.49894441],[21.47694033,60.52075251],[21.47871559,60.53668859],[21.51326007,60.53204694],[21.51655387,60.52349704],[21.53399284,60.5260184],[21.51780142,60.54613852],[21.49417934,60.55361883],[21.47903531,60.54532997],[21.46691152,60.55890415],[21.44824132,60.55996646],[21.45230936,60.55216981],[21.428485,60.55519544],[21.43069959,60.55980191],[21.41935554,60.56318995],[21.42671435,60.56436176],[21.42070966,60.57856536],[21.40296663,60.5824467],[21.39814763,60.59428922],[21.37314039,60.59725809],[21.37069063,60.57795265],[21.34580553,60.57650387],[21.34183888,60.57120463],[21.35325202,60.56870662],[21.33008469,60.5657908],[21.34446624,60.54955131],[21.33311618,60.54385935],[21.36212607,60.53042535],[21.38394041,60.52902269],[21.38659452,60.51746752],[21.40244852,60.51385962],[21.40430023,60.5069812],[21.43191301,60.50227992],[21.43336019,60.48591155],[21.4604652,60.48005442],[21.46922567,60.47761524]]],[[[21.6161471,60.47929219],[21.63339848,60.48492592],[21.62767551,60.49248129],[21.61771632,60.49161464],[21.62293913,60.48747877],[21.6123068,60.48307579],[21.61449004,60.47925825],[21.6161471,60.47929219]]],[[[21.18690899,60.44466136],[21.19023302,60.44935361],[21.18447333,60.45171271],[21.16831142,60.44894388],[21.18196931,60.44619708],[21.18690899,60.44466136]]],[[[21.36079191,60.44991079],[21.38056299,60.45591278],[21.3585437,60.45293314],[21.36079191,60.44991079]]],[[[21.65780998,60.45987692],[21.67586279,60.46566335],[21.66127052,60.47855994],[21.64181025,60.4787153],[21.65128517,60.47257292],[21.63925084,60.46458427],[21.65038515,60.46067981],[21.65780998,60.45987692]]],[[[21.91214961,60.46799165],[21.9131622,60.47404618],[21.9010354,60.48371154],[21.90959246,60.46870012],[21.91214961,60.46799165]]],[[[21.8089588,60.4632311],[21.81634588,60.47286252],[21.80856082,60.47554573],[21.79931118,60.4653999],[21.80523524,60.46351141],[21.8089588,60.4632311]]],[[[21.71469817,60.45795321],[21.73862991,60.47523073],[21.72609719,60.47988831],[21.73231272,60.48044156],[21.73194491,60.49260183],[21.77273736,60.50613777],[21.78871378,60.52691148],[21.79923687,60.52938024],[21.80303761,60.53999403],[21.79185656,60.5440283],[21.79344382,60.5486328],[21.78143745,60.55126468],[21.77723673,60.54633864],[21.75561085,60.55552711],[21.7424083,60.54523725],[21.7434391,60.53413674],[21.70992465,60.51988431],[21.70561324,60.51185987],[21.71374528,60.50686715],[21.69540672,60.49395387],[21.70692135,60.4889652],[21.70683932,60.48211681],[21.69875023,60.48069345],[21.69420486,60.46782012],[21.71035393,60.4583188],[21.71469817,60.45795321]]],[[[21.68488441,60.43764854],[21.70533448,60.44561279],[21.69415281,60.45002228],[21.67940804,60.44924701],[21.68179467,60.4379922],[21.68488441,60.43764854]]],[[[21.56608117,60.43115604],[21.57008332,60.43456235],[21.56182296,60.4394239],[21.54814202,60.43837572],[21.56456202,60.43153653],[21.56608117,60.43115604]]],[[[21.35643533,60.42171419],[21.36129843,60.42284867],[21.35743806,60.43178884],[21.34738766,60.43245307],[21.3526418,60.42278562],[21.35643533,60.42171419]]],[[[21.41163981,60.4235581],[21.41921229,60.4336696],[21.41340685,60.4405402],[21.39418333,60.42851932],[21.40870926,60.42359419],[21.41163981,60.4235581]]],[[[21.25491707,60.41229118],[21.2737336,60.41851279],[21.24889429,60.42118912],[21.25095966,60.41350812],[21.25491707,60.41229118]]],[[[21.36950053,60.41142123],[21.39239368,60.41923636],[21.39375158,60.43923139],[21.38771724,60.44014312],[21.36833595,60.42698948],[21.36753921,60.42039981],[21.35407506,60.41730494],[21.35847513,60.41187836],[21.36950053,60.41142123]]],[[[21.81768479,60.42038081],[21.83137977,60.43316916],[21.80106319,60.4489238],[21.78629762,60.44729448],[21.784192,60.44134087],[21.81243766,60.43206993],[21.78321971,60.4299842],[21.78290397,60.42412874],[21.81646378,60.42199188],[21.81768479,60.42038081]]],[[[21.2111206,60.39504274],[21.20944361,60.40037617],[21.21650747,60.40372092],[21.23332255,60.39691136],[21.21732797,60.41817351],[21.2222681,60.42439618],[21.21692586,60.43057598],[21.20824236,60.42737631],[21.20178652,60.44113581],[21.19977074,60.42382478],[21.2135324,60.4151316],[21.19924176,60.40916756],[21.20699302,60.39489587],[21.2111206,60.39504274]]],[[[21.75461272,60.41743036],[21.75307881,60.42675332],[21.7461318,60.42902994],[21.73794558,60.4238827],[21.75123337,60.41779661],[21.75461272,60.41743036]]],[[[21.34802375,60.40063011],[21.35577582,60.40531873],[21.34133733,60.41233925],[21.32864465,60.41477854],[21.32089695,60.40869699],[21.33817144,60.40384941],[21.34802375,60.40063011]]],[[[21.19519616,60.391701],[21.19980574,60.39575348],[21.19601484,60.40353672],[21.18468059,60.398261],[21.1931186,60.39248194],[21.19519616,60.391701]]],[[[21.58739049,60.40788013],[21.59312977,60.40933228],[21.58311687,60.42154366],[21.57175031,60.41601483],[21.5862321,60.40834829],[21.58739049,60.40788013]]],[[[21.25454525,60.39295014],[21.27546536,60.40038248],[21.25673145,60.40093696],[21.25030144,60.39746045],[21.25430259,60.3937584],[21.25454525,60.39295014]]],[[[21.42006096,60.39979369],[21.44225135,60.40979609],[21.42564608,60.42692703],[21.40390216,60.41414343],[21.41755765,60.41265202],[21.41308734,60.40704358],[21.41721165,60.40014107],[21.42006096,60.39979369]]],[[[21.70126083,60.41119969],[21.72169772,60.4244944],[21.70639147,60.42980681],[21.7124837,60.43534536],[21.7057246,60.44452278],[21.68862354,60.42484173],[21.69886461,60.41293789],[21.70126083,60.41119969]]],[[[22.03550511,60.4217544],[22.06559667,60.42639148],[22.07306222,60.4416823],[22.0679613,60.44572329],[22.0294874,60.44252008],[22.03713309,60.44961797],[22.0280618,60.45860967],[21.93593266,60.4843442],[21.92345097,60.48368518],[21.93038824,60.4579109],[21.9397417,60.45682683],[21.93874016,60.45074188],[21.96995092,60.44756658],[21.94144965,60.44697828],[21.98370963,60.43828197],[21.98070362,60.43302928],[21.99158373,60.4227789],[22.03283048,60.42217941],[22.03550511,60.4217544]]],[[[21.60297343,60.40473545],[21.62660113,60.4163176],[21.62937364,60.42078335],[21.62171473,60.42960679],[21.64204489,60.42570284],[21.64526666,60.4365005],[21.63889949,60.44180796],[21.6447841,60.44637575],[21.63381763,60.45911647],[21.6146232,60.44542599],[21.6202607,60.43845495],[21.60991091,60.44225576],[21.60473108,60.43790437],[21.60306207,60.419185],[21.61692267,60.41856231],[21.60108276,60.41562557],[21.6012824,60.40586972],[21.60297343,60.40473545]]],[[[21.71009311,60.40635337],[21.71961977,60.40673468],[21.72483229,60.41386507],[21.72115025,60.41868163],[21.70777112,60.40818768],[21.71009311,60.40635337]]],[[[21.68693947,60.39664544],[21.69177522,60.40171394],[21.67916071,60.41386587],[21.67612874,60.4004951],[21.68274728,60.39716027],[21.68693947,60.39664544]]],[[[22.14003095,60.41127071],[22.15364589,60.41738863],[22.13761998,60.41389082],[22.14003095,60.41127071]]],[[[21.16855667,60.37113851],[21.17576288,60.38134968],[21.1702987,60.38732302],[21.1622279,60.37960647],[21.1639362,60.3724925],[21.16855667,60.37113851]]],[[[22.11064076,60.40636172],[22.13373296,60.4195028],[22.1341284,60.42502988],[22.1732586,60.42275855],[22.20529421,60.43609432],[22.20140199,60.44300321],[22.08882833,60.42535493],[22.09362001,60.42088575],[22.11040572,60.42447916],[22.10699376,60.41618748],[22.11206391,60.4105871],[22.10732216,60.40784684],[22.11064076,60.40636172]]],[[[22.03637737,60.39954499],[22.0591901,60.4068472],[22.06252949,60.41309223],[22.0551246,60.41823013],[22.02217071,60.40575635],[22.03465881,60.39958583],[22.03637737,60.39954499]]],[[[21.69635251,60.38619854],[21.70185983,60.38946539],[21.6988782,60.39552766],[21.68511372,60.39358571],[21.69363535,60.38757607],[21.69635251,60.38619854]]],[[[22.04657023,60.39652288],[22.06848823,60.404285],[22.06643197,60.40796311],[22.0452644,60.39774767],[22.04657023,60.39652288]]],[[[21.39956447,60.36648839],[21.40868797,60.37757299],[21.40075215,60.38865875],[21.41458786,60.39220809],[21.39557333,60.4003182],[21.38897267,60.3975323],[21.3675422,60.40627769],[21.35354119,60.39888099],[21.36585918,60.3841189],[21.3958112,60.36781343],[21.39956447,60.36648839]]],[[[21.18161546,60.35452916],[21.18794455,60.35721994],[21.19096859,60.37069562],[21.16851996,60.36210556],[21.17350773,60.35549138],[21.18161546,60.35452916]]],[[[21.98520424,60.38722642],[22.00101493,60.39689426],[21.98736574,60.40083656],[21.96099422,60.38706256],[21.98015691,60.38710871],[21.98520424,60.38722642]]],[[[21.16615548,60.34921343],[21.16953198,60.3544707],[21.16339409,60.35928756],[21.15077542,60.35494169],[21.16170829,60.34935991],[21.16615548,60.34921343]]],[[[21.29046463,60.35143497],[21.29588166,60.35464112],[21.2916801,60.35830823],[21.27234532,60.35770253],[21.28387447,60.352677],[21.29046463,60.35143497]]],[[[21.47527506,60.35838991],[21.49166713,60.37087346],[21.48625454,60.37984188],[21.49409145,60.38453939],[21.4837078,60.389452],[21.46655227,60.38390277],[21.47877424,60.38166693],[21.47382125,60.37655479],[21.48181514,60.37225373],[21.47085228,60.35941385],[21.47527506,60.35838991]]],[[[22.12070785,60.38241575],[22.15326141,60.38609683],[22.14209283,60.39050406],[22.1185944,60.38438388],[22.12070785,60.38241575]]],[[[21.67326871,60.36432106],[21.65656035,60.37116319],[21.64951379,60.36965709],[21.66892111,60.36464061],[21.67326871,60.36432106]]],[[[22.22205555,60.38490866],[22.24823572,60.3901001],[22.2456761,60.39781495],[22.27861777,60.39054571],[22.27737168,60.39730452],[22.25822368,60.40373234],[22.2484425,60.41854872],[22.21828088,60.4318804],[22.16341759,60.41735188],[22.14618326,60.40624243],[22.15575535,60.4010605],[22.17181491,60.4053827],[22.17492895,60.40021053],[22.15681663,60.39714703],[22.172237,60.39000504],[22.17116349,60.38545585],[22.21287346,60.38509864],[22.22205555,60.38490866]]],[[[21.355403,60.35077818],[21.36498064,60.35453368],[21.35943192,60.36795815],[21.34677651,60.36787506],[21.34834663,60.37811699],[21.32867399,60.39207354],[21.29952461,60.39210311],[21.30346647,60.38471676],[21.315338,60.38776577],[21.28911341,60.37503135],[21.31206147,60.35868354],[21.31939753,60.36094808],[21.31824575,60.37249947],[21.32685787,60.3677701],[21.32406049,60.36338168],[21.33949556,60.36697858],[21.33148524,60.35984364],[21.33511132,60.35207014],[21.3503882,60.35167215],[21.355403,60.35077818]]],[[[21.75741497,60.36578973],[21.78219296,60.37049612],[21.791308,60.38208563],[21.75800124,60.37240956],[21.74390376,60.37380843],[21.74760289,60.37954977],[21.74236021,60.38161385],[21.72725343,60.37209612],[21.74945777,60.3654871],[21.75741497,60.36578973]]],[[[21.69753681,60.3621152],[21.69527849,60.36958964],[21.67690464,60.37150065],[21.66996255,60.38048855],[21.65627407,60.38273285],[21.64560089,60.38121852],[21.64409453,60.37513489],[21.68515344,60.36362482],[21.69753681,60.3621152]]],[[[21.15046569,60.33905485],[21.16082304,60.34527985],[21.1479273,60.35387769],[21.13867807,60.34273508],[21.14833494,60.3392798],[21.15046569,60.33905485]]],[[[21.84771554,60.36778076],[21.85604929,60.36818972],[21.84933399,60.37188445],[21.8200199,60.37675154],[21.83585324,60.36844113],[21.84771554,60.36778076]]],[[[22.25329509,60.37654813],[22.28117186,60.38367132],[22.25408998,60.38694966],[22.2368907,60.38142037],[22.25095037,60.38019983],[22.25329509,60.37654813]]],[[[21.30489433,60.33294802],[21.28928839,60.34189],[21.28986463,60.33541467],[21.29999384,60.33315465],[21.30489433,60.33294802]]],[[[21.32683485,60.33281874],[21.33356171,60.33668617],[21.32073351,60.34185325],[21.31016065,60.3398984],[21.31783122,60.33580635],[21.31242659,60.33372796],[21.32248104,60.3331032],[21.32683485,60.33281874]]],[[[21.17634374,60.32576647],[21.19372869,60.33461839],[21.18431764,60.34139275],[21.17283787,60.33262359],[21.17438621,60.32594093],[21.17634374,60.32576647]]],[[[21.42955541,60.33634763],[21.43547662,60.34154866],[21.4070846,60.34356877],[21.40265478,60.340072],[21.42516648,60.33713779],[21.42955541,60.33634763]]],[[[21.89503973,60.3492135],[21.91208979,60.36027807],[21.83163356,60.36708495],[21.82060267,60.36480567],[21.8286931,60.3574494],[21.88518524,60.34939571],[21.89503973,60.3492135]]],[[[22.34943489,60.36511312],[22.45002885,60.38186777],[22.46784896,60.38938068],[22.46943579,60.3932939],[22.45683321,60.39465392],[22.48005055,60.40378609],[22.47527787,60.40844318],[22.3222423,60.38480415],[22.30935724,60.37813942],[22.3104442,60.3735891],[22.34502092,60.36546558],[22.34943489,60.36511312]]],[[[21.71090087,60.33987522],[21.71821862,60.34049321],[21.71557849,60.34860046],[21.6924899,60.35104974],[21.68239096,60.35484365],[21.69043552,60.35999548],[21.67088159,60.36241062],[21.64005884,60.36285357],[21.65475289,60.35236887],[21.65268307,60.34529466],[21.69843083,60.34115748],[21.71090087,60.33987522]]],[[[21.29924156,60.32029307],[21.30959379,60.32757078],[21.2780573,60.33089107],[21.27931095,60.32065146],[21.29578654,60.32199368],[21.29924156,60.32029307]]],[[[21.77988956,60.33760307],[21.80361119,60.34106437],[21.79718793,60.34336944],[21.77465235,60.34580576],[21.77095653,60.33878866],[21.77798418,60.33789323],[21.77988956,60.33760307]]],[[[22.10435894,60.34918405],[22.1202212,60.35800308],[22.21052003,60.37079928],[22.22854247,60.38006454],[22.22126139,60.3830143],[22.13162896,60.38034691],[22.10031472,60.34943792],[22.10435894,60.34918405]]],[[[21.16153268,60.31046122],[21.17019629,60.3240797],[21.15139996,60.33205376],[21.14383869,60.32928686],[21.14404852,60.32321088],[21.15729517,60.32372008],[21.14514455,60.31392181],[21.15216119,60.31150291],[21.16153268,60.31046122]]],[[[21.58815134,60.3274105],[21.59570443,60.33062374],[21.58374385,60.34040362],[21.57289472,60.33781307],[21.58340064,60.32998443],[21.58815134,60.3274105]]],[[[21.98054134,60.34091295],[22.04943784,60.35219919],[22.04833925,60.35916639],[21.98879874,60.35751914],[22.03415034,60.36434316],[22.03407134,60.3690275],[22.02509744,60.36797752],[22.02875268,60.37447751],[22.00933734,60.37788661],[22.01735135,60.38130021],[21.96314837,60.38344599],[21.9483666,60.37796723],[21.97841137,60.40065786],[21.9516195,60.3963062],[21.913997,60.40172652],[21.91447879,60.394563],[21.90972066,60.39456334],[21.90832845,60.40047345],[21.89899274,60.40194309],[21.90935917,60.41098041],[21.91373754,60.40426531],[21.95338571,60.40102869],[21.9771745,60.40319129],[21.9774145,60.40777232],[21.95953112,60.40627209],[21.9716121,60.41575341],[21.95415906,60.42993568],[21.93887088,60.43313558],[21.93614022,60.44466419],[21.91863891,60.45395037],[21.92460557,60.46412388],[21.91482121,60.4602714],[21.89651557,60.47783011],[21.85693275,60.48955154],[21.82036451,60.48639408],[21.82081471,60.46450246],[21.82767767,60.46009227],[21.81106061,60.45736465],[21.83297021,60.45487248],[21.83483268,60.45003145],[21.81478828,60.45523844],[21.81376609,60.44502867],[21.83320453,60.44385742],[21.83103555,60.43836644],[21.84669261,60.43412006],[21.84219567,60.42706333],[21.85491293,60.42872574],[21.87455311,60.41461417],[21.84584549,60.41565093],[21.86341278,60.41871483],[21.8362494,60.42849491],[21.82810997,60.41634449],[21.7944155,60.41285265],[21.81304456,60.4078536],[21.79198028,60.39772211],[21.8067346,60.39595931],[21.7982378,60.39132325],[21.80491395,60.38574465],[21.81309839,60.38519091],[21.81217785,60.3907312],[21.82545886,60.38575034],[21.82173122,60.38164389],[21.8498195,60.37295127],[21.92399781,60.36417805],[21.92478971,60.35974341],[21.90225862,60.34860873],[21.97746239,60.34220204],[21.98054134,60.34091295]]],[[[21.73701949,60.33044171],[21.71001817,60.33612454],[21.70093035,60.33279788],[21.72108316,60.33135597],[21.73701949,60.33044171]]],[[[21.94721084,60.33736824],[21.9309676,60.34238737],[21.91843253,60.34006072],[21.93443685,60.33744836],[21.94721084,60.33736824]]],[[[21.26870887,60.30896601],[21.27390849,60.31481384],[21.26087539,60.3161173],[21.25896043,60.31112982],[21.26568269,60.30896019],[21.26870887,60.30896601]]],[[[21.97050934,60.33699186],[21.97804952,60.34061785],[21.95630627,60.34046954],[21.96713931,60.33718851],[21.97050934,60.33699186]]],[[[21.71019522,60.32502716],[21.67780071,60.32997485],[21.69081029,60.33490586],[21.68286534,60.34097881],[21.64923567,60.33567963],[21.67937651,60.32476839],[21.70063774,60.32526668],[21.71019522,60.32502716]]],[[[22.46432059,60.35145928],[22.4939906,60.35463516],[22.50177225,60.3653228],[22.5142501,60.36650895],[22.53386617,60.38065175],[22.45595802,60.37397907],[22.44207482,60.36741406],[22.46332676,60.36521294],[22.43348244,60.35897456],[22.45775764,60.35198781],[22.46432059,60.35145928]]],[[[22.17773769,60.34051276],[22.30587917,60.35896862],[22.3020829,60.37268395],[22.29393092,60.37729281],[22.14736175,60.3591743],[22.14574297,60.35339967],[22.16243106,60.35301065],[22.16667686,60.34376205],[22.17773769,60.34051276]]],[[[21.20892059,60.30075236],[21.21853721,60.30404671],[21.20879466,60.30850453],[21.1992776,60.30530558],[21.20741669,60.30106439],[21.20892059,60.30075236]]],[[[21.2264183,60.30062601],[21.2404056,60.30468666],[21.23206172,60.31467021],[21.21763376,60.31572139],[21.22453615,60.30118177],[21.2264183,60.30062601]]],[[[21.30115424,60.30152451],[21.30633814,60.30330837],[21.30481229,60.30976383],[21.28973492,60.30839831],[21.29448373,60.30244963],[21.30115424,60.30152451]]],[[[21.91675309,60.32547929],[21.93618059,60.32920134],[21.89985139,60.33267062],[21.87257518,60.33404246],[21.86491316,60.32900672],[21.90465914,60.32649804],[21.91675309,60.32547929]]],[[[22.1176364,60.33132435],[22.15100489,60.3341902],[22.11703398,60.33366769],[22.1176364,60.33132435]]],[[[21.82112706,60.31810833],[21.83769316,60.32140788],[21.80649546,60.32500613],[21.81803487,60.31920756],[21.82112706,60.31810833]]],[[[21.90099971,60.31896338],[21.91256392,60.3234916],[21.8835059,60.32532452],[21.87887529,60.32154308],[21.8967774,60.31918924],[21.90099971,60.31896338]]],[[[21.47450259,60.30100608],[21.48203409,60.30549925],[21.47985762,60.31020311],[21.4688955,60.30764798],[21.47030026,60.30222907],[21.47450259,60.30100608]]],[[[21.29247941,60.28294541],[21.30433063,60.29065808],[21.29666202,60.29459757],[21.27596189,60.29252548],[21.28812123,60.28359448],[21.29247941,60.28294541]]],[[[21.48417164,60.28991699],[21.49878883,60.29377409],[21.48825021,60.29801524],[21.46375472,60.2937822],[21.47948955,60.29044233],[21.48417164,60.28991699]]],[[[22.00769892,60.30744913],[22.03225746,60.3116224],[22.03893548,60.31957234],[22.01073312,60.33696166],[21.98124205,60.33655713],[21.92382984,60.32173563],[22.00465238,60.3076729],[22.00769892,60.30744913]]],[[[21.32149431,60.27627513],[21.32611886,60.28117589],[21.31650687,60.28756737],[21.30925089,60.28507831],[21.31844701,60.27614517],[21.32149431,60.27627513]]],[[[21.77135834,60.29200892],[21.77998523,60.29641027],[21.77169232,60.30161391],[21.76098888,60.29640169],[21.76773333,60.2932503],[21.77135834,60.29200892]]],[[[21.72714039,60.28982882],[21.73617846,60.29332385],[21.71796063,60.30243109],[21.7033461,60.29612245],[21.72368686,60.29015218],[21.72714039,60.28982882]]],[[[21.5628868,60.27861613],[21.55296813,60.28441823],[21.5798185,60.28680254],[21.58154379,60.29442089],[21.57428458,60.30158212],[21.55425018,60.30510884],[21.54800437,60.29718949],[21.53561998,60.3012982],[21.51820895,60.2911166],[21.52636763,60.28268131],[21.53891548,60.28497401],[21.55188845,60.27876379],[21.5628868,60.27861613]]],[[[21.65405254,60.28015392],[21.68379161,60.28228393],[21.67640525,60.2908273],[21.64228706,60.29875364],[21.64173239,60.28879191],[21.62173916,60.28694595],[21.65337452,60.28046529],[21.65405254,60.28015392]]],[[[21.38796712,60.26784676],[21.44451137,60.27030526],[21.45151241,60.28576509],[21.42734799,60.29209249],[21.41886464,60.28540372],[21.393792,60.28679274],[21.37787833,60.27951117],[21.37838408,60.27259992],[21.38708688,60.27127702],[21.38796712,60.26784676]]],[[[21.84246439,60.28229986],[21.85805377,60.28896587],[21.85476072,60.29537892],[21.81226186,60.29856567],[21.833834,60.29181571],[21.83979675,60.28285662],[21.84246439,60.28229986]]],[[[22.37079687,60.29744251],[22.44851453,60.3068558],[22.51235799,60.33641931],[22.5193741,60.34766825],[22.4605316,60.34370671],[22.4207388,60.35238991],[22.4090435,60.35760761],[22.42302896,60.36945194],[22.4164129,60.37371746],[22.3504658,60.35983916],[22.33904309,60.36288732],[22.33741706,60.35530021],[22.34267204,60.35286196],[22.31910291,60.34890623],[22.32247138,60.34624194],[22.30615024,60.32761853],[22.37366848,60.32025995],[22.39078655,60.32842292],[22.36629159,60.30651576],[22.36819537,60.29849311],[22.37079687,60.29744251]]],[[[22.96717397,60.31647392],[22.98749606,60.32966428],[22.96245273,60.31791474],[22.96717397,60.31647392]]],[[[21.97908948,60.28189242],[22.00920849,60.291676],[22.00459722,60.29999616],[21.98408214,60.29360131],[21.9693826,60.28348349],[21.97394752,60.28237905],[21.97908948,60.28189242]]],[[[21.48284342,60.2616765],[21.49327003,60.27081343],[21.4762659,60.26680158],[21.48105252,60.2623138],[21.48284342,60.2616765]]],[[[21.69207976,60.26911821],[21.71008577,60.27218068],[21.70654249,60.27638443],[21.68946272,60.27006503],[21.69207976,60.26911821]]],[[[21.81672893,60.27336213],[21.82854854,60.27855309],[21.82110536,60.28235009],[21.80737674,60.2800171],[21.81518,60.2736127],[21.81672893,60.27336213]]],[[[21.95017527,60.27628748],[21.95973239,60.27998789],[21.95219914,60.28418855],[21.9736376,60.28794425],[21.97054419,60.29755149],[21.98462091,60.30734797],[21.95273593,60.30664721],[21.94732969,60.31028153],[21.96056084,60.31323273],[21.91814609,60.31500551],[21.92128591,60.31077681],[21.87023873,60.308641],[21.88661996,60.30223804],[21.88958684,60.29424561],[21.88061249,60.28869428],[21.92889244,60.29705692],[21.89538455,60.28474634],[21.94198584,60.27626894],[21.95017527,60.27628748]]],[[[21.91058523,60.27409391],[21.89218591,60.27905336],[21.89038637,60.28572086],[21.88368181,60.28093402],[21.90169154,60.27562794],[21.91058523,60.27409391]]],[[[21.43929395,60.2523509],[21.46888589,60.25706618],[21.45482594,60.26165721],[21.43589318,60.25276324],[21.43929395,60.2523509]]],[[[21.38375894,60.24631866],[21.38578559,60.25649656],[21.40788119,60.24819589],[21.42359774,60.25058616],[21.41978668,60.26357453],[21.41380647,60.26527105],[21.37464279,60.26360059],[21.37195094,60.25905075],[21.35446908,60.26251639],[21.35841857,60.25141164],[21.38068739,60.24696498],[21.38375894,60.24631866]]],[[[22.33468503,60.28228931],[22.36129151,60.29125881],[22.34777085,60.29539095],[22.36478994,60.31658479],[22.32401687,60.32449559],[22.29775132,60.31861799],[22.30611403,60.30855428],[22.30465554,60.29809834],[22.32396367,60.29251312],[22.33137552,60.2871374],[22.32850755,60.28238468],[22.33468503,60.28228931]]],[[[21.7048511,60.25443571],[21.71893749,60.26001381],[21.7109868,60.26262734],[21.67332796,60.26034395],[21.696095,60.25429425],[21.7048511,60.25443571]]],[[[23.00118997,60.29896878],[23.0176164,60.3055881],[23.03248472,60.32157743],[23.02371829,60.32829655],[23.00905927,60.32308463],[23.00536835,60.31449119],[23.00956271,60.31008996],[22.99441814,60.30271762],[22.99743917,60.2989821],[23.00118997,60.29896878]]],[[[21.21868771,60.23299914],[21.23910611,60.24917867],[21.21091791,60.24643692],[21.22122963,60.23928335],[21.2189583,60.23522354],[21.21868771,60.23299914]]],[[[21.6600768,60.25088708],[21.66795379,60.25384875],[21.66415072,60.25868508],[21.64869749,60.25739523],[21.65738447,60.25109857],[21.6600768,60.25088708]]],[[[21.33634819,60.23509885],[21.4071204,60.24056978],[21.42525209,60.24665207],[21.42331876,60.25032406],[21.38087367,60.24320087],[21.35664035,60.24385736],[21.35175372,60.25096027],[21.31203702,60.25005097],[21.30608635,60.248656],[21.31673521,60.24316217],[21.30046838,60.23932976],[21.32309288,60.23650671],[21.33634819,60.23509885]]],[[[22.31881143,60.27200907],[22.34675709,60.28203062],[22.31567787,60.27360522],[22.31881143,60.27200907]]],[[[21.54658487,60.2409405],[21.55284599,60.24829413],[21.53787648,60.25519101],[21.5243439,60.24958398],[21.52808174,60.2424315],[21.54658487,60.2409405]]],[[[21.68958509,60.2419627],[21.69823785,60.24443031],[21.67883211,60.24757226],[21.67147878,60.24439951],[21.6796104,60.24265592],[21.68958509,60.2419627]]],[[[21.75760343,60.24402981],[21.7864403,60.2544675],[21.77685382,60.26158805],[21.75291922,60.26017954],[21.753372,60.24433697],[21.75760343,60.24402981]]],[[[21.53251754,60.23186765],[21.51911147,60.24654684],[21.51979693,60.25519705],[21.50662195,60.25122323],[21.51694654,60.24628053],[21.51448048,60.24144203],[21.49234652,60.23410482],[21.52765556,60.23302013],[21.53251754,60.23186765]]],[[[22.13459527,60.24810581],[22.18128151,60.25284777],[22.19042344,60.26322113],[22.12372972,60.26020312],[22.11983666,60.26587065],[22.10255958,60.25253697],[22.11837115,60.24829107],[22.13459527,60.24810581]]],[[[22.238193,60.2517573],[22.24204875,60.25486578],[22.23316496,60.25585367],[22.22496804,60.26733891],[22.2680973,60.26790694],[22.3029718,60.28872456],[22.2995614,60.2950571],[22.30541251,60.30595512],[22.28748144,60.32459915],[22.24717202,60.33359097],[22.22784674,60.32486383],[22.18916865,60.33330932],[22.11062716,60.32824676],[22.10308965,60.31891962],[22.11591452,60.31607209],[22.09923412,60.30965396],[22.10205793,60.30163704],[22.09306124,60.30025182],[22.08737555,60.28572924],[22.10772004,60.27408757],[22.12086928,60.28289631],[22.12746201,60.27416922],[22.15527526,60.27159347],[22.15250876,60.26724544],[22.16352816,60.2654845],[22.19278269,60.27019543],[22.19961537,60.27684104],[22.19150847,60.28795671],[22.20025632,60.29217014],[22.17321657,60.29255576],[22.16934222,60.29793319],[22.14552594,60.29439193],[22.16950761,60.30273367],[22.2188362,60.29311269],[22.22458485,60.29755451],[22.23036071,60.2961668],[22.22822467,60.29141859],[22.20245804,60.27808247],[22.21186808,60.2744606],[22.20188155,60.26476229],[22.2083353,60.26049964],[22.19291121,60.26177731],[22.18675976,60.25585852],[22.2317844,60.25230763],[22.238193,60.2517573]]],[[[21.51760096,60.21653052],[21.51867924,60.22749975],[21.50605959,60.22345973],[21.51326855,60.21733976],[21.51760096,60.21653052]]],[[[21.48460579,60.2145143],[21.48823629,60.22666894],[21.47958505,60.22202039],[21.48222572,60.21507667],[21.48460579,60.2145143]]],[[[21.97176404,60.23270603],[21.98085919,60.23634138],[21.95750444,60.2437594],[21.9619027,60.24709864],[21.95666409,60.25227032],[21.9481649,60.24529173],[21.95053978,60.23872022],[21.96732005,60.23363594],[21.97176404,60.23270603]]],[[[21.56370428,60.2165019],[21.57932105,60.22463199],[21.60825649,60.22418144],[21.59920157,60.23453143],[21.62659952,60.23921239],[21.62380535,60.24513254],[21.638145,60.25085644],[21.63124808,60.25526327],[21.58648503,60.2528697],[21.60218614,60.26207916],[21.61600444,60.26222439],[21.60380725,60.27347804],[21.58379044,60.27408746],[21.57947994,60.26894396],[21.57615614,60.25316575],[21.56343126,60.24758482],[21.56615325,60.23575436],[21.55448349,60.22386433],[21.56041253,60.21718787],[21.56370428,60.2165019]]],[[[21.40309675,60.20924042],[21.46149661,60.21288236],[21.46349855,60.22203873],[21.45393141,60.226084],[21.46181092,60.22774484],[21.45608774,60.23200986],[21.46296529,60.23554847],[21.42676549,60.23214719],[21.44693618,60.24211029],[21.42052606,60.23939771],[21.40760595,60.22666904],[21.41280914,60.22135713],[21.40091354,60.21223812],[21.40309675,60.20924042]]],[[[21.26719932,60.20340252],[21.29420227,60.21869992],[21.29659506,60.22850492],[21.27584833,60.22565213],[21.28472883,60.22120094],[21.2795412,60.21814026],[21.26262411,60.22747982],[21.2504427,60.22644659],[21.25940377,60.21430871],[21.25027366,60.21114302],[21.26108615,60.20337386],[21.26719932,60.20340252]]],[[[22.18127318,60.23928682],[22.20080248,60.24436539],[22.21343485,60.24056118],[22.22983556,60.24974804],[22.18589771,60.25018725],[22.18065518,60.24016938],[22.18127318,60.23928682]]],[[[21.92044324,60.22674901],[21.93264369,60.22998279],[21.92179368,60.23484587],[21.91260883,60.23213674],[21.91883154,60.22687684],[21.92044324,60.22674901]]],[[[22.06380034,60.22779231],[22.08784646,60.24091073],[22.08687735,60.25134328],[22.06602207,60.25299741],[22.04124482,60.24314256],[22.06206994,60.22842987],[22.06380034,60.22779231]]],[[[22.33182747,60.23704717],[22.34829024,60.24366515],[22.42035257,60.24948298],[22.42373314,60.26701805],[22.41618133,60.27028161],[22.44658925,60.28103577],[22.44993598,60.29390165],[22.46904773,60.29664824],[22.46461085,60.30873569],[22.38174865,60.29867374],[22.36268508,60.28769091],[22.36179089,60.28071734],[22.35104628,60.27868328],[22.35999884,60.27596863],[22.35559608,60.26923956],[22.35032472,60.27691592],[22.3133564,60.26726301],[22.31017613,60.26101385],[22.33092135,60.2370779],[22.33182747,60.23704717]]],[[[22.82524019,60.25328261],[22.8243321,60.26231324],[22.81186745,60.26011616],[22.81972216,60.25385375],[22.82524019,60.25328261]]],[[[22.14780698,60.22958991],[22.16964304,60.23443729],[22.17656579,60.24329957],[22.16984094,60.24799004],[22.11368325,60.23914009],[22.11594342,60.23485816],[22.15506111,60.23956215],[22.15429344,60.23305516],[22.14439116,60.23483222],[22.14143686,60.2298427],[22.14780698,60.22958991]]],[[[21.24648794,60.19067885],[21.25735041,60.19504892],[21.23866153,60.20081483],[21.21596787,60.20125998],[21.21038076,60.19348289],[21.24056783,60.19213588],[21.24648794,60.19067885]]],[[[21.29472894,60.19197335],[21.30627409,60.19830863],[21.26335217,60.20210684],[21.29048242,60.19208124],[21.29472894,60.19197335]]],[[[21.94133562,60.2181705],[21.95729873,60.22022257],[21.95341702,60.2243906],[21.93793538,60.2188502],[21.94133562,60.2181705]]],[[[22.49619616,60.23789861],[22.51787076,60.24492422],[22.498876,60.24632493],[22.49482485,60.23915434],[22.49619616,60.23789861]]],[[[21.98042195,60.21854578],[21.98961086,60.21987317],[21.98233248,60.22511416],[21.96618429,60.22501621],[21.95978566,60.22370525],[21.96299312,60.2209047],[21.97653231,60.21847901],[21.98042195,60.21854578]]],[[[21.73419584,60.20846721],[21.74609008,60.21382693],[21.72648088,60.21689107],[21.71885568,60.21427126],[21.72307366,60.20837772],[21.73419584,60.20846721]]],[[[22.55640066,60.23849004],[22.57644519,60.24533319],[22.57291047,60.25762639],[22.55341163,60.25511163],[22.56069237,60.24816959],[22.55349343,60.23975343],[22.55640066,60.23849004]]],[[[22.37422222,60.23186227],[22.39302759,60.23672932],[22.39280359,60.2422172],[22.3687819,60.23745011],[22.37195136,60.23343164],[22.37422222,60.23186227]]],[[[21.91888972,60.21267742],[21.92601028,60.22044208],[21.90956596,60.21701642],[21.91402633,60.21317908],[21.91888972,60.21267742]]],[[[22.20546566,60.21688789],[22.21285859,60.23959076],[22.18432967,60.23842814],[22.17244921,60.22477409],[22.17948594,60.21781539],[22.2013921,60.21819662],[22.20546566,60.21688789]]],[[[22.37757038,60.22008344],[22.39438368,60.22515085],[22.39165292,60.23037114],[22.37465116,60.2207945],[22.37757038,60.22008344]]],[[[22.91709215,60.23722971],[22.92923569,60.24781775],[22.91365659,60.24417326],[22.91372935,60.23738803],[22.91709215,60.23722971]]],[[[21.97381849,60.20375691],[21.98161114,60.20502665],[21.96955631,60.21042919],[21.99423303,60.20694633],[22.00774431,60.21227899],[21.96376261,60.21600637],[21.95611367,60.21264995],[21.95999393,60.20518876],[21.97099453,60.20386614],[21.97381849,60.20375691]]],[[[21.93262836,60.19879701],[21.9378353,60.20151383],[21.93468075,60.20625073],[21.95441663,60.20311228],[21.9520938,60.21355663],[21.91027165,60.2086741],[21.92727207,60.20043176],[21.93262836,60.19879701]]],[[[21.39816553,60.17703997],[21.45464587,60.19429707],[21.46876312,60.21055542],[21.37651795,60.2027223],[21.38069506,60.20847614],[21.35743598,60.21093854],[21.38247974,60.21102365],[21.39660246,60.21917311],[21.39731437,60.22596784],[21.33804438,60.22529182],[21.38091334,60.22958742],[21.38309441,60.23411851],[21.31779172,60.23224254],[21.31425485,60.22333228],[21.28243496,60.21293192],[21.28272594,60.2059042],[21.31002853,60.20007352],[21.34216207,60.2043091],[21.3433449,60.19699339],[21.32373558,60.1977091],[21.31744439,60.1911543],[21.36272712,60.18728344],[21.36552243,60.17646531],[21.39309399,60.18844556],[21.39683297,60.17817668],[21.39816553,60.17703997]]],[[[21.63862628,60.18297878],[21.66311118,60.18562059],[21.66137729,60.1985275],[21.60599506,60.20296787],[21.59880799,60.20078274],[21.61125815,60.19637182],[21.60320081,60.19128814],[21.62059207,60.19268821],[21.6196936,60.18682549],[21.63540178,60.1828933],[21.63862628,60.18297878]]],[[[21.50728385,60.17488883],[21.51154688,60.18326588],[21.49579125,60.18531868],[21.48147223,60.17812654],[21.50328255,60.17484956],[21.50728385,60.17488883]]],[[[21.35645534,60.1683445],[21.36025418,60.17696637],[21.35573675,60.17853022],[21.33986998,60.17549569],[21.35146006,60.16837166],[21.35645534,60.1683445]]],[[[22.30873419,60.20411197],[22.33366432,60.20729513],[22.34853752,60.21877957],[22.36433105,60.2184212],[22.3745654,60.22868517],[22.32770272,60.22653278],[22.30524646,60.2144069],[22.30681272,60.20722927],[22.30873419,60.20411197]]],[[[22.46833413,60.20705575],[22.49869629,60.21541342],[22.49469214,60.22095698],[22.50737205,60.22895521],[22.47988339,60.240574],[22.46569949,60.23718768],[22.45540694,60.22433696],[22.45493999,60.21512268],[22.46268137,60.20795252],[22.46833413,60.20705575]]],[[[21.49274084,60.1636284],[21.50366381,60.1664651],[21.49840781,60.17471841],[21.48439149,60.1758371],[21.47671691,60.16778917],[21.46463001,60.16755027],[21.46562017,60.16310965],[21.49134801,60.16425828],[21.49274084,60.1636284]]],[[[22.21995486,60.18814455],[22.27529081,60.19939729],[22.32719864,60.23576532],[22.30571806,60.25645503],[22.30472237,60.27217666],[22.26711931,60.26440877],[22.23578406,60.2493541],[22.2108787,60.22083648],[22.21520313,60.21686007],[22.19271187,60.2113552],[22.19037204,60.20469963],[22.20111368,60.20421591],[22.19589735,60.19524602],[22.20852738,60.19701554],[22.21635008,60.18804434],[22.21995486,60.18814455]]],[[[21.30417619,60.14902207],[21.32103591,60.16103102],[21.31800205,60.16769049],[21.30611584,60.16940097],[21.29437375,60.16578651],[21.30109113,60.16071135],[21.28990798,60.1524663],[21.29725949,60.14920065],[21.30417619,60.14902207]]],[[[21.07348972,60.13202762],[21.0870089,60.13617466],[21.08899754,60.14527089],[21.08274055,60.14772668],[21.07557008,60.147784],[21.0668737,60.13361791],[21.07348972,60.13202762]]],[[[22.07615109,60.17144328],[22.11282377,60.18372743],[22.09343618,60.18020897],[22.07239525,60.18543753],[22.06808274,60.18181582],[22.07347984,60.17319674],[22.07615109,60.17144328]]],[[[21.49221144,60.14812874],[21.50138071,60.15917233],[21.48285314,60.1538617],[21.49252646,60.14865055],[21.49221144,60.14812874]]],[[[22.09705604,60.16738096],[22.13989437,60.1760185],[22.1325413,60.1813186],[22.15487283,60.19243665],[22.14928836,60.19619252],[22.12058683,60.18948391],[22.1184769,60.17958269],[22.1004595,60.17645259],[22.09341023,60.168578],[22.09705604,60.16738096]]],[[[21.92692463,60.16040831],[21.94497121,60.1807379],[21.90887467,60.17049992],[21.91749038,60.16046599],[21.92692463,60.16040831]]],[[[22.2207406,60.16275394],[22.2506855,60.16620686],[22.26628793,60.17597159],[22.25465893,60.17917827],[22.24387092,60.1744549],[22.20198972,60.17756151],[22.20506306,60.17200015],[22.17524498,60.16855636],[22.21616179,60.16346491],[22.2207406,60.16275394]]],[[[21.46954604,60.13130653],[21.48294187,60.14026353],[21.47091007,60.14706837],[21.47234557,60.14298228],[21.44680026,60.13872171],[21.45532865,60.14070228],[21.45503812,60.13415774],[21.46363362,60.13244337],[21.46954604,60.13130653]]],[[[21.98271688,60.14665013],[21.99000138,60.15374426],[21.97925942,60.16622031],[21.99794424,60.16511367],[21.99184674,60.15304646],[22.00127806,60.14773101],[22.05739795,60.15784817],[22.044469,60.16555344],[22.06827057,60.16506773],[22.06682463,60.17866904],[22.03775149,60.18836436],[22.07607534,60.18872298],[22.1050851,60.19842887],[22.09913728,60.21435556],[22.08406844,60.20862482],[22.09448172,60.22211126],[22.0490537,60.21694055],[22.04285122,60.20807029],[22.01914804,60.19750629],[22.01046132,60.20222442],[21.95505673,60.19256612],[21.96060169,60.17638688],[21.93830228,60.16719723],[21.96165841,60.16248649],[21.96724921,60.15137548],[21.9801125,60.1551423],[21.98132123,60.14663356],[21.98271688,60.14665013]]],[[[21.93913891,60.13942393],[21.96292718,60.14361104],[21.95104651,60.1493324],[21.93907935,60.14666653],[21.93539185,60.13955469],[21.93913891,60.13942393]]],[[[21.46459766,60.12028873],[21.48506237,60.12384119],[21.50581068,60.13724534],[21.48907712,60.13993019],[21.46533458,60.12231721],[21.46459766,60.12028873]]],[[[21.85691741,60.13237677],[21.89915878,60.15188725],[21.91891682,60.14929236],[21.90845408,60.15705858],[21.87929381,60.15716322],[21.90033084,60.16229649],[21.89037229,60.16836076],[21.83305582,60.1417475],[21.83274235,60.13516992],[21.84602348,60.13210248],[21.85691741,60.13237677]]],[[[22.15179404,60.14319761],[22.18996308,60.15427267],[22.16710551,60.15316459],[22.14984918,60.14424356],[22.15179404,60.14319761]]],[[[21.88515562,60.13297027],[21.9011765,60.14439827],[21.86425935,60.1357246],[21.88171295,60.13307391],[21.88515562,60.13297027]]],[[[22.09401578,60.13895384],[22.10198663,60.14500738],[22.07719846,60.14584732],[22.0924612,60.13956667],[22.09401578,60.13895384]]],[[[22.29051402,60.14408435],[22.33759696,60.147951],[22.33967324,60.16370559],[22.30402079,60.16149261],[22.36595143,60.1713272],[22.38139401,60.18593812],[22.37633869,60.19382589],[22.39029817,60.20910627],[22.35150532,60.20092156],[22.32787213,60.20287402],[22.33533811,60.19897544],[22.32055711,60.19113764],[22.31140198,60.19309562],[22.2956561,60.18326042],[22.29584021,60.17518709],[22.3039364,60.17460019],[22.2898753,60.16881522],[22.29808269,60.15913587],[22.29168452,60.15644612],[22.30264175,60.15217675],[22.28921363,60.15156149],[22.28410052,60.14831602],[22.28849944,60.1465836],[22.29051402,60.14408435]]],[[[21.77329491,60.12434399],[21.76095853,60.13018139],[21.80201663,60.13257788],[21.81680068,60.14329927],[21.8107247,60.15257248],[21.82682599,60.14975391],[21.83599952,60.15635403],[21.76023923,60.15683887],[21.84918922,60.15947892],[21.85906716,60.16572546],[21.85418972,60.17136096],[21.89605542,60.17180359],[21.90925491,60.17739991],[21.89307535,60.18254077],[21.8653332,60.17963514],[21.87314771,60.18879969],[21.92672828,60.18080103],[21.94713899,60.18999062],[21.91144023,60.19413862],[21.89119677,60.20622811],[21.83967929,60.20914315],[21.8616338,60.21255019],[21.87683959,60.2072414],[21.89257013,60.21174812],[21.88211529,60.21629383],[21.88977898,60.21980877],[21.78049167,60.21506826],[21.77149626,60.21282316],[21.77690415,60.20103883],[21.75401137,60.21080672],[21.72676643,60.20003209],[21.72876563,60.18911795],[21.72124001,60.17771656],[21.7108684,60.17536106],[21.74925736,60.16853245],[21.70561189,60.16415354],[21.71783833,60.14592853],[21.70432804,60.14360243],[21.70185244,60.13834195],[21.70747319,60.13599395],[21.69095119,60.13425084],[21.76824774,60.12525299],[21.77329491,60.12434399]]],[[[22.12710253,60.13773596],[22.13762099,60.14621545],[22.13103661,60.159661],[22.11116554,60.1560154],[22.11336305,60.14866739],[22.10430513,60.14093218],[22.11646679,60.13840719],[22.12710253,60.13773596]]],[[[21.9989558,60.13247153],[22.02957163,60.13913423],[22.0213485,60.14517839],[21.9843249,60.14320775],[21.97691841,60.13535256],[21.9960456,60.13293468],[21.9989558,60.13247153]]],[[[21.88962072,60.12768112],[21.9125167,60.13015742],[21.90629413,60.13713209],[21.90463567,60.13120997],[21.88496584,60.12819389],[21.88962072,60.12768112]]],[[[21.7920052,60.1225924],[21.80323501,60.12878956],[21.8111429,60.12500402],[21.81528473,60.13193091],[21.80326069,60.13222102],[21.78663201,60.12658678],[21.78937799,60.12325233],[21.7920052,60.1225924]]],[[[22.48506673,60.14679812],[22.49538819,60.15604129],[22.48091977,60.1543651],[22.47497236,60.14977836],[22.48185403,60.14752749],[22.48506673,60.14679812]]],[[[21.72279962,60.118386],[21.72560147,60.12299403],[21.70042167,60.12769684],[21.69290403,60.12595823],[21.69502835,60.1206076],[21.71886885,60.11837741],[21.72279962,60.118386]]],[[[22.10317206,60.13063596],[22.09661317,60.13731249],[22.07341369,60.13509568],[22.10019018,60.13115028],[22.10317206,60.13063596]]],[[[21.59366232,60.1093471],[21.66859269,60.11861979],[21.66100443,60.13840129],[21.64350199,60.14677077],[21.66681143,60.1467177],[21.69014809,60.15582889],[21.68623715,60.1795082],[21.6467552,60.17804849],[21.61049107,60.18661278],[21.57029265,60.18388897],[21.55810356,60.17273638],[21.53409272,60.16615301],[21.5405217,60.16180678],[21.51247109,60.15554208],[21.50546845,60.14347023],[21.52331944,60.14027177],[21.50640679,60.13559606],[21.49888352,60.12655439],[21.51941453,60.1274267],[21.51428916,60.12348144],[21.51947251,60.1174001],[21.5143306,60.11617729],[21.52157636,60.11039112],[21.53652783,60.11602394],[21.53046993,60.11094021],[21.54018681,60.10857367],[21.57151276,60.10899415],[21.57611857,60.11418635],[21.58537874,60.10949826],[21.59366232,60.1093471]]],[[[21.49791174,60.10439219],[21.51742169,60.10943253],[21.48971395,60.12110252],[21.4617572,60.11038139],[21.48832873,60.10546573],[21.49791174,60.10439219]]],[[[22.21969242,60.13197342],[22.24612827,60.1346282],[22.24547168,60.1425055],[22.22062919,60.139569],[22.21071231,60.13504074],[22.21681033,60.1336741],[22.21969242,60.13197342]]],[[[22.25994677,60.13218682],[22.28205886,60.14400945],[22.28473955,60.15687628],[22.27950174,60.16351987],[22.25736608,60.15704077],[22.25004226,60.14835604],[22.24676756,60.13826123],[22.25583357,60.13247376],[22.25994677,60.13218682]]],[[[21.7674809,60.11246376],[21.78464088,60.11662844],[21.75392497,60.12005192],[21.75132917,60.11621545],[21.76235506,60.11325756],[21.7674809,60.11246376]]],[[[21.84924697,60.11404713],[21.84936039,60.11872125],[21.86937296,60.12390269],[21.86874333,60.1195378],[21.89600094,60.1165026],[21.90234388,60.12232244],[21.89605012,60.12572997],[21.82450075,60.13367916],[21.81837165,60.12171104],[21.82844841,60.12284503],[21.83493823,60.11628043],[21.84924697,60.11404713]]],[[[21.64049166,60.10530451],[21.65269373,60.1108174],[21.6000903,60.10848153],[21.63614785,60.10569167],[21.64049166,60.10530451]]],[[[21.92559329,60.11455331],[21.92566106,60.12154365],[21.91615523,60.12454149],[21.90547083,60.11828046],[21.91198921,60.11534444],[21.92559329,60.11455331]]],[[[22.17954902,60.12391022],[22.18022878,60.13061198],[22.19699974,60.1342236],[22.17524567,60.13158109],[22.17471195,60.12609001],[22.17954902,60.12391022]]],[[[22.31290965,60.12722513],[22.31932505,60.13027014],[22.31286259,60.13579809],[22.33810332,60.144982],[22.30035844,60.14194015],[22.30040526,60.13221055],[22.31164071,60.12923709],[22.31290965,60.12722513]]],[[[22.38758194,60.12933319],[22.40799695,60.13866851],[22.38425693,60.12956617],[22.38758194,60.12933319]]],[[[22.41872708,60.13012949],[22.42233514,60.13941887],[22.40644233,60.13335184],[22.41702488,60.13023766],[22.41872708,60.13012949]]],[[[21.73017253,60.1039438],[21.75527425,60.1100624],[21.74071783,60.11335144],[21.75130548,60.11937931],[21.74395534,60.12140202],[21.70783776,60.11225448],[21.71320468,60.10478267],[21.72641181,60.10400098],[21.73017253,60.1039438]]],[[[21.97439609,60.11013681],[22.0194282,60.11880071],[22.00399874,60.12694761],[21.9692993,60.12987853],[21.97245052,60.14029468],[21.92015766,60.12515772],[21.96956248,60.11071682],[21.97439609,60.11013681]]],[[[21.77459496,60.10151286],[21.77800415,60.10772871],[21.76318621,60.10825833],[21.76940725,60.10223422],[21.77459496,60.10151286]]],[[[22.41911602,60.12493531],[22.40407725,60.13092425],[22.39481646,60.12796554],[22.40669952,60.12617633],[22.41911602,60.12493531]]],[[[21.52856218,60.08942656],[21.54846095,60.0965724],[21.54684565,60.10166301],[21.52593002,60.09013905],[21.52856218,60.08942656]]],[[[21.74867201,60.09826763],[21.75884151,60.09901104],[21.75522101,60.10328117],[21.72077861,60.10324367],[21.74600438,60.09859378],[21.74867201,60.09826763]]],[[[21.55806903,60.08911572],[21.57292004,60.09124521],[21.57979052,60.09931479],[21.55994631,60.09623989],[21.5545633,60.08975159],[21.55806903,60.08911572]]],[[[21.68226077,60.09263747],[21.69117467,60.10299327],[21.66605874,60.10804898],[21.62367415,60.10212223],[21.66363017,60.09394876],[21.68226077,60.09263747]]],[[[21.79506078,60.09391111],[21.8027389,60.09772008],[21.79206691,60.10244128],[21.77933426,60.09917548],[21.791993,60.09459005],[21.79506078,60.09391111]]],[[[21.62243279,60.08697105],[21.59797265,60.09176644],[21.5897792,60.09047044],[21.59875817,60.08696063],[21.6171717,60.08796929],[21.62243279,60.08697105]]],[[[21.24147259,60.06845936],[21.25536771,60.07409324],[21.26157993,60.07939856],[21.25776703,60.08161821],[21.2386688,60.06916784],[21.24147259,60.06845936]]],[[[21.33251827,60.07075643],[21.34012656,60.0792636],[21.31995665,60.0791249],[21.31854765,60.07274794],[21.32891569,60.07208204],[21.33251827,60.07075643]]],[[[22.39026768,60.11151609],[22.39976938,60.11464887],[22.39052742,60.1266554],[22.37311611,60.12325923],[22.38625076,60.11178556],[22.39026768,60.11151609]]],[[[21.37172205,60.06931012],[21.3797021,60.07639873],[21.35505645,60.07784913],[21.3684405,60.07057306],[21.37172205,60.06931012]]],[[[21.98035588,60.08603996],[21.98215983,60.08712651],[21.98043332,60.0886766],[21.97004535,60.08995255],[21.96792516,60.09096918],[21.96639155,60.09090936],[21.9635197,60.08984693],[21.96048999,60.09035707],[21.95788976,60.09076775],[21.95567091,60.08938048],[21.95980982,60.08741499],[21.96192408,60.08691401],[21.9681385,60.08636675],[21.97479703,60.08613519],[21.97686405,60.08632382],[21.98035588,60.08603996]]],[[[22.97860348,60.1085405],[23.01465395,60.12165228],[23.00186501,60.12950553],[22.96674741,60.12345418],[22.98136807,60.11804462],[22.97264535,60.10895633],[22.97860348,60.1085405]]],[[[22.99487804,60.10085849],[23.00867259,60.10597726],[23.00727626,60.11042945],[22.98986443,60.10124963],[22.99487804,60.10085849]]],[[[21.80174486,60.04938843],[21.79839142,60.05771382],[21.78552122,60.05239362],[21.79695526,60.04936565],[21.80174486,60.04938843]]],[[[21.49791734,60.03502906],[21.50265655,60.04640371],[21.48551845,60.04194714],[21.49325469,60.03546256],[21.49791734,60.03502906]]],[[[23.05645225,60.08861231],[23.14864972,60.10044067],[23.19749473,60.12291356],[23.1957817,60.13416571],[23.27150195,60.15428762],[23.27754039,60.17265137],[23.30591071,60.18866013],[23.32587565,60.18853736],[23.31595517,60.17158452],[23.36293753,60.14989881],[23.37917566,60.16704583],[23.41537195,60.16520001],[23.47018714,60.17260658],[23.55361573,60.20220456],[23.60799624,60.19140675],[23.64896368,60.20156521],[23.63346122,60.23472552],[23.58632158,60.2588405],[23.59892194,60.26638972],[23.62717141,60.26052322],[23.62947818,60.28266824],[23.67398676,60.30307606],[23.68977703,60.29368835],[23.72779256,60.30773452],[23.72888025,60.32899284],[23.73530793,60.33792036],[23.73395598,60.35570291],[23.72261128,60.35995709],[23.72317245,60.36875589],[23.79048728,60.38782525],[23.78440121,60.40482658],[23.79360767,60.42883007],[23.7841404,60.45018604],[23.69223023,60.44990121],[23.71516589,60.46483852],[23.70943058,60.47283424],[23.73748611,60.49036948],[23.8376278,60.49128118],[23.87184984,60.50793434],[23.85154498,60.53059777],[23.8644607,60.53874368],[23.84449248,60.55642349],[23.88749799,60.55850713],[23.88907023,60.57410434],[23.90826984,60.58686913],[23.92054909,60.60608735],[23.86640545,60.61863979],[23.90050681,60.64975687],[23.81418591,60.65607893],[23.74791348,60.65325662],[23.7138347,60.66379156],[23.68414733,60.6572413],[23.67289323,60.67073011],[23.68155737,60.68322786],[23.62592006,60.69379707],[23.57588495,60.69431652],[23.53924815,60.70432261],[23.5294505,60.71838978],[23.50032681,60.72744489],[23.50213692,60.74398928],[23.45437599,60.74872387],[23.33349773,60.71794026],[23.27909697,60.72610187],[23.27727888,60.71107542],[23.25487792,60.72809566],[23.18142908,60.75825432],[23.15461535,60.77416826],[23.19486873,60.81341449],[23.23006968,60.8254068],[23.14258185,60.83750298],[23.13744825,60.84077106],[23.13563812,60.88351847],[23.15524053,60.89242911],[23.2666648,60.88910952],[23.25308294,60.9194712],[23.29133912,60.9179321],[23.29392897,60.95469738],[23.25539236,60.96346724],[23.19536593,61.00121983],[23.16504759,61.00544795],[23.14807639,61.0314113],[23.05535575,61.03099324],[23.01628123,61.02240231],[22.95901828,61.04624361],[22.93570829,61.04479934],[22.92635583,61.05491195],[22.88905746,61.0568371],[22.86983611,61.08380258],[22.82391055,61.10143535],[22.81634194,61.07879672],[22.83686991,61.06912843],[22.83627746,61.06018475],[22.82370413,61.0420451],[22.80726957,61.04116042],[22.82488923,61.02651815],[22.82644512,61.01364594],[22.81593305,60.99340872],[22.79275251,61.00035391],[22.70938278,60.98258689],[22.57907907,60.99019926],[22.52246586,60.97640117],[22.58623954,60.93879031],[22.51966891,60.95111067],[22.36456513,60.93181364],[22.31311264,60.91601449],[22.26363192,60.92686351],[22.24128406,60.92381858],[22.18875859,60.90102528],[22.17098156,60.87717383],[22.16031363,60.87200577],[22.12846734,60.9042054],[22.00814543,60.89743924],[21.98521433,60.90100182],[21.99675713,60.9125495],[21.94417144,60.94651905],[21.95136519,60.97693612],[21.92615403,60.9761536],[21.90296916,60.98615981],[21.87704462,60.98277499],[21.84410988,61.00940231],[21.8049769,61.02009596],[21.82520694,61.03417543],[21.77575219,61.03411221],[21.75324836,61.02655998],[21.76602912,61.01369528],[21.73438522,61.00089142],[21.6933146,61.00355378],[21.66559235,60.99633226],[21.65464338,60.99991656],[21.65140727,61.01736204],[21.621164,61.05178979],[21.59114071,61.02882549],[21.60700593,61.01070072],[21.48020692,60.99947884],[21.47470099,61.00919687],[21.42716225,61.02740219],[21.41994109,61.04731341],[21.33842314,61.07699294],[21.32398227,61.08990775],[21.32128696,61.08532319],[21.29984656,61.08762267],[21.29664077,61.08251302],[21.30817404,61.06761018],[21.3062374,61.05868498],[21.31501205,61.05277176],[21.34337733,61.05222874],[21.34699827,61.04549587],[21.31808419,61.03740824],[21.36576847,61.02792873],[21.35819414,61.0202093],[21.34974925,61.02441061],[21.33956281,61.01703457],[21.3592136,61.0137136],[21.36738622,60.99534063],[21.40838837,60.97479787],[21.40281038,60.965789],[21.42839654,60.9603719],[21.44008545,60.94534407],[21.42812804,60.93707681],[21.44618728,60.92318548],[21.44313628,60.9151342],[21.43225743,60.91335976],[21.40892067,60.93191537],[21.40231283,60.92522639],[21.36638421,60.93016473],[21.39716688,60.93188898],[21.39963836,60.94189183],[21.38839065,60.95450785],[21.37622417,60.95016877],[21.36277941,60.9615975],[21.3516978,60.96163727],[21.34364013,60.97078801],[21.34877005,60.97386507],[21.29669458,61.00536164],[21.28574792,61.00373053],[21.28209294,60.99532592],[21.25744706,60.99206381],[21.25441462,60.98242975],[21.24335618,60.98122314],[21.32163588,60.95869799],[21.31753253,60.94755914],[21.29896685,60.94562022],[21.3196414,60.92849608],[21.30099886,60.92898559],[21.28602255,60.92116799],[21.31626544,60.90582055],[21.2979548,60.90805705],[21.26452275,60.92642457],[21.22972108,60.92278864],[21.23675265,60.91924754],[21.21486357,60.91726954],[21.22132748,60.91178942],[21.20647015,60.90766459],[21.22393824,60.90301542],[21.21788842,60.89846734],[21.22557562,60.89463395],[21.25464065,60.89065853],[21.23744797,60.89011442],[21.24225894,60.88830234],[21.23704348,60.8840276],[21.19693463,60.89320034],[21.17961383,60.88853937],[21.19939889,60.88333659],[21.17550887,60.88064464],[21.18080118,60.87863697],[21.17464656,60.87034385],[21.18086821,60.86735287],[21.20031615,60.87487079],[21.2145254,60.87079833],[21.19335606,60.86675378],[21.19727181,60.86189037],[21.1797108,60.86329677],[21.19166247,60.85405986],[21.20331123,60.85743366],[21.20178945,60.84225858],[21.23893753,60.84111251],[21.24615775,60.82928014],[21.2810351,60.83408603],[21.28080407,60.82700513],[21.32158387,60.8116129],[21.34396719,60.81625927],[21.34848023,60.8303714],[21.35210418,60.82093924],[21.36292413,60.82610338],[21.39468685,60.82169156],[21.3963447,60.80982086],[21.37051127,60.80232853],[21.40802669,60.78905104],[21.3851606,60.7777704],[21.40428355,60.76453972],[21.45739462,60.74631876],[21.4309187,60.74226466],[21.44518194,60.72948745],[21.43009874,60.72597867],[21.45862424,60.72101402],[21.45642268,60.71497504],[21.47227952,60.7076647],[21.44707173,60.70251953],[21.40896167,60.71650231],[21.37160598,60.71691194],[21.42295941,60.72308495],[21.4204254,60.72969989],[21.42658577,60.73251421],[21.39935672,60.76161816],[21.3755021,60.76623612],[21.37981504,60.75469358],[21.3887304,60.75234538],[21.38050552,60.74832553],[21.38589297,60.74261186],[21.37340608,60.73924749],[21.39259096,60.73339779],[21.37529479,60.73230808],[21.36432362,60.72663062],[21.36698718,60.7192699],[21.3445136,60.71592114],[21.35765578,60.71131009],[21.34044941,60.7037004],[21.36509934,60.69809141],[21.35845582,60.69446262],[21.36181426,60.69168835],[21.33085691,60.69739393],[21.34140356,60.69532676],[21.34223893,60.683811],[21.3834107,60.66248577],[21.40432725,60.65848776],[21.41048744,60.65054416],[21.42664092,60.65048285],[21.42111267,60.64765176],[21.42389845,60.64332011],[21.44731359,60.65127434],[21.45176208,60.64419158],[21.43889772,60.64137564],[21.45612854,60.63919479],[21.45790068,60.63022318],[21.43443404,60.62851975],[21.43159353,60.63691629],[21.41959203,60.62985418],[21.41208074,60.64209521],[21.406731,60.63568559],[21.39443067,60.63516801],[21.41368972,60.62445706],[21.41148233,60.62018957],[21.42514312,60.62272757],[21.43855994,60.61337521],[21.43311493,60.60759248],[21.43714109,60.60500915],[21.42934839,60.60172333],[21.45395154,60.58616808],[21.50788783,60.57731864],[21.50805678,60.58378758],[21.49162177,60.58636754],[21.50826292,60.58709144],[21.52108224,60.59661596],[21.53210243,60.59134099],[21.51547555,60.58461532],[21.52475442,60.57380427],[21.54949768,60.56577788],[21.57305738,60.56703255],[21.55942852,60.55904414],[21.5714286,60.55760072],[21.57110048,60.54730339],[21.5996798,60.53325098],[21.60940049,60.52027756],[21.59271814,60.51764357],[21.57711021,60.50479962],[21.57497351,60.49786336],[21.58461828,60.49133569],[21.6262078,60.50028125],[21.65745579,60.51751021],[21.66651852,60.54206393],[21.68304462,60.55201012],[21.68080907,60.56018717],[21.66583388,60.56428055],[21.68094936,60.57206381],[21.67548548,60.58096977],[21.68312989,60.5880717],[21.76125207,60.59585192],[21.81993584,60.63386102],[21.8417174,60.63625057],[21.84587512,60.61506742],[21.82903196,60.60935445],[21.84288709,60.59899761],[21.81966403,60.59472449],[21.82767712,60.58244688],[21.81594544,60.57926385],[21.81421847,60.5718662],[21.82762388,60.5648826],[21.81302669,60.56251742],[21.82417131,60.555359],[21.82257349,60.54403382],[21.81118791,60.53783213],[21.81665286,60.53551537],[21.81036056,60.53207975],[21.81248611,60.52566264],[21.79739804,60.51749564],[21.80224613,60.50525951],[21.7659058,60.50207326],[21.73808255,60.4918628],[21.7423335,60.48235337],[21.75981504,60.47480948],[21.77494082,60.47838327],[21.76961025,60.48409931],[21.77504747,60.49587969],[21.79831507,60.49024419],[21.82246382,60.49996907],[21.86398003,60.49326834],[21.8674496,60.48699602],[21.88925644,60.48095533],[21.90033862,60.48930125],[21.88924238,60.49618915],[21.89148633,60.50399276],[21.8830231,60.5032571],[21.87539592,60.51289104],[21.87890957,60.52485357],[21.87144152,60.5290261],[21.86509901,60.54925508],[21.88463582,60.54389534],[21.87888273,60.53306809],[21.88629065,60.53105307],[21.90245837,60.55240068],[21.92487803,60.54841071],[21.90969676,60.54469438],[21.92171336,60.52555993],[21.93683361,60.52611991],[21.93941877,60.53512525],[21.96410125,60.53709284],[21.95880062,60.53051065],[21.96798826,60.52281708],[21.95310433,60.51203926],[21.96303039,60.50688133],[21.97568489,60.5043181],[21.99794635,60.51192145],[21.98103429,60.49829958],[21.99341679,60.48784433],[22.02408238,60.49019192],[22.02815671,60.48178911],[22.01425195,60.48117811],[22.03253424,60.47527715],[22.0145477,60.47271261],[22.01995118,60.46254778],[22.06194998,60.45696475],[22.09327665,60.44523344],[22.10708479,60.44985864],[22.12011818,60.46399363],[22.11479749,60.47012505],[22.12022315,60.47363452],[22.1263383,60.46103178],[22.12017318,60.45757505],[22.12023812,60.4448193],[22.13474761,60.44826273],[22.13004215,60.44324332],[22.13672206,60.4398898],[22.20163032,60.4462061],[22.2093723,60.43718395],[22.21992213,60.43911121],[22.2165667,60.43458843],[22.23010733,60.43242685],[22.26932897,60.40815633],[22.28597305,60.40771174],[22.28334267,60.39756393],[22.29408833,60.38428277],[22.49592624,60.41923453],[22.50361524,60.4141364],[22.47281192,60.38945809],[22.49668156,60.38232863],[22.55751166,60.38530925],[22.58329611,60.37606816],[22.60710161,60.38519513],[22.63445857,60.4057231],[22.64524451,60.40546585],[22.64838136,60.40157258],[22.60413642,60.37388166],[22.6018117,60.36171455],[22.57744802,60.35111077],[22.56354486,60.35395402],[22.55658658,60.34804449],[22.56416086,60.33922727],[22.55243479,60.32731683],[22.51456335,60.30952695],[22.52052289,60.30444545],[22.49719344,60.29925283],[22.47021767,60.28146314],[22.46961334,60.27404972],[22.47887381,60.2732047],[22.47363158,60.2671956],[22.45423548,60.26478823],[22.49741097,60.2536218],[22.52399037,60.26592834],[22.52388431,60.25839136],[22.53071978,60.25780347],[22.53849462,60.26121118],[22.53261562,60.26896251],[22.5514773,60.26692163],[22.60451968,60.29080321],[22.62105972,60.28992239],[22.56318758,60.26976845],[22.56724649,60.25972319],[22.59153745,60.26054674],[22.58101337,60.25289762],[22.58963194,60.24624052],[22.61150107,60.24760871],[22.53083595,60.22959669],[22.52066036,60.21352098],[22.57009562,60.21648958],[22.62138839,60.23743276],[22.79252274,60.25650234],[22.86396888,60.28970969],[22.85453339,60.29872841],[22.86749451,60.29721198],[22.87527955,60.30641175],[22.88338247,60.30884156],[22.8903136,60.30315341],[22.895792,60.3092069],[22.99708089,60.33599015],[23.00307251,60.3277984],[23.02674674,60.33309716],[23.02601226,60.34485824],[23.0595085,60.3603747],[23.04991852,60.36681137],[23.06773528,60.37643295],[23.07940888,60.37562698],[23.08819628,60.36501924],[23.04849079,60.34480425],[23.03822337,60.31833629],[23.00874515,60.28774804],[22.97752092,60.28575296],[22.97331788,60.27146228],[22.96267644,60.27357943],[22.9476,60.26437481],[22.95069589,60.24867222],[22.9064547,60.22755644],[22.89253451,60.20960504],[22.8701831,60.19798986],[22.89081514,60.17971121],[22.87290291,60.17336982],[22.869021,60.16426605],[22.87716388,60.15660344],[22.90283193,60.15105719],[22.90067398,60.14467042],[22.90576604,60.14223805],[22.98828998,60.12846877],[23.02646368,60.13682207],[23.03666349,60.1478611],[23.03710604,60.14056501],[23.01884326,60.12838319],[23.02683874,60.12273931],[23.05505879,60.12744026],[23.02550764,60.11161146],[23.03197274,60.1067507],[23.02800357,60.10157039],[23.05645225,60.08861231]]],[[[21.46101168,60.02225365],[21.47065043,60.02545053],[21.47061499,60.03172152],[21.45946608,60.03174986],[21.45892377,60.02305382],[21.46101168,60.02225365]]],[[[22.87273569,60.06992971],[22.88592494,60.07993746],[22.91528314,60.08108633],[22.91949017,60.09102182],[22.94348702,60.09449865],[22.93131439,60.08938654],[22.93138493,60.08374294],[22.96731602,60.0899183],[22.96805114,60.09889733],[22.96190316,60.0999463],[22.96888569,60.10325103],[22.95556909,60.11466062],[22.96394517,60.11939471],[22.91005591,60.12413439],[22.88825331,60.1182278],[22.8672891,60.10360444],[22.86939775,60.08673383],[22.83825283,60.08354395],[22.84457476,60.07883133],[22.88010828,60.08479173],[22.88462402,60.08016729],[22.88010792,60.07799175],[22.85526064,60.07560816],[22.8687591,60.07090389],[22.87273569,60.06992971]]],[[[21.77730596,60.02854672],[21.77610763,60.03686341],[21.76650779,60.04025804],[21.7696877,60.03599853],[21.7635548,60.03068875],[21.77374296,60.02880442],[21.77730596,60.02854672]]],[[[22.81065317,60.0621175],[22.82306756,60.06956965],[22.81559437,60.07303494],[22.79456438,60.06917438],[22.79348367,60.06526226],[22.80880479,60.0624942],[22.81065317,60.0621175]]],[[[21.247997,59.98276247],[21.24951893,59.98995993],[21.23878864,59.99352364],[21.23063807,59.99364845],[21.24471483,59.98345558],[21.247997,59.98276247]]],[[[21.87726679,60.00637304],[21.88135562,60.01064039],[21.87452635,60.01364097],[21.86104973,60.00701486],[21.87060102,60.00617308],[21.87726679,60.00637304]]],[[[22.83124524,60.03495107],[22.83931283,60.04311065],[22.83591027,60.04645222],[22.82417463,60.04227688],[22.82912997,60.03588734],[22.83124524,60.03495107]]],[[[22.81706561,60.03104861],[22.8191093,60.04639666],[22.80261934,60.05138838],[22.80426365,60.03756156],[22.81269782,60.03097996],[22.81706561,60.03104861]]],[[[22.35175338,60.01079585],[22.35680162,60.02199316],[22.36713502,60.01740024],[22.36600007,60.02214249],[22.35067064,60.02969242],[22.35002953,60.01217287],[22.35175338,60.01079585]]],[[[22.50628355,60.00205121],[22.52916521,60.008898],[22.5138986,60.01379024],[22.5052242,60.00216032],[22.50628355,60.00205121]]],[[[22.75693697,60.00632521],[22.76014715,60.00900951],[22.7496581,60.01724914],[22.7549106,60.02226646],[22.74641352,60.02907931],[22.76121921,60.03086462],[22.75811903,60.02430622],[22.76733789,60.01109449],[22.78292657,60.01804151],[22.77408938,60.02377086],[22.79188644,60.03065026],[22.77904086,60.03160718],[22.78690196,60.03673931],[22.77384805,60.04404632],[22.75369821,60.04376856],[22.7789445,60.04922919],[22.77695321,60.06361474],[22.75774547,60.0648674],[22.77138236,60.06671079],[22.77360307,60.07860552],[22.84011224,60.09540981],[22.85736296,60.12799839],[22.88026896,60.13519076],[22.85749138,60.13936734],[22.86689256,60.15204876],[22.8453598,60.16236814],[22.85654101,60.16647646],[22.8294781,60.17498246],[22.86595281,60.18521186],[22.85243026,60.19837808],[22.86250795,60.2097195],[22.85701817,60.21476113],[22.83351262,60.21220845],[22.89624306,60.22301141],[22.89737462,60.23787125],[22.91079311,60.24801826],[22.90481147,60.25147572],[22.93544573,60.25840136],[22.98365468,60.30009079],[22.95363013,60.31446896],[22.90628196,60.30100166],[22.90217312,60.28082792],[22.89190684,60.27372826],[22.87720699,60.2763237],[22.87106555,60.26929393],[22.87749489,60.26660141],[22.85756392,60.24652788],[22.86233333,60.24289401],[22.84454461,60.23772678],[22.82000565,60.2415031],[22.80479412,60.23537063],[22.73949681,60.23803737],[22.64371288,60.22730928],[22.6129429,60.22918459],[22.5929797,60.22158265],[22.59158618,60.21092229],[22.55783661,60.21013275],[22.53919292,60.20316094],[22.52587874,60.20921309],[22.46199618,60.20731255],[22.44043187,60.18991758],[22.41447991,60.18132541],[22.41196818,60.16915495],[22.41990042,60.1574348],[22.4530121,60.1669047],[22.48471903,60.15867586],[22.53961884,60.16214571],[22.54442594,60.15719709],[22.61820339,60.15028303],[22.50829445,60.15034598],[22.4344101,60.13521588],[22.42726923,60.12400918],[22.44089324,60.1238633],[22.43846325,60.12029584],[22.45794466,60.11177042],[22.49357594,60.10723643],[22.46679567,60.10512835],[22.47485919,60.10324084],[22.47534925,60.09212316],[22.4881848,60.08430429],[22.48091138,60.07576054],[22.4673561,60.07365457],[22.47111023,60.08473165],[22.46002054,60.08727118],[22.46215081,60.09604586],[22.43713555,60.09948707],[22.42463214,60.11043847],[22.40541102,60.10537466],[22.4182046,60.09648292],[22.41167135,60.08697296],[22.40543007,60.10051173],[22.36498549,60.08915175],[22.36853194,60.07627534],[22.36328994,60.06003821],[22.37802617,60.04064908],[22.3752165,60.03731308],[22.38560993,60.03153375],[22.37560796,60.02280428],[22.39036162,60.00155336],[22.40410326,60.00628761],[22.39770552,60.03222348],[22.40746624,60.03032352],[22.40425262,60.01215958],[22.41184146,60.00876141],[22.43238364,60.0196491],[22.43290207,60.03112709],[22.43878452,60.03001752],[22.44628695,60.01169208],[22.43489546,60.00470787],[22.45009471,59.99815546],[22.46526259,60.00561264],[22.46024634,60.01827728],[22.47417842,60.01117058],[22.5082345,60.01558383],[22.52173755,60.02293396],[22.55499242,60.02615625],[22.54952158,60.03110924],[22.59581085,60.03935503],[22.60819171,60.04937492],[22.5996538,60.03577644],[22.57953284,60.03176875],[22.57247073,60.02640679],[22.57629386,60.02370406],[22.59234046,60.0210492],[22.60650351,60.02979817],[22.62323181,60.016098],[22.655737,60.01946466],[22.64967829,60.02932055],[22.67387073,60.04613158],[22.68141488,60.04203911],[22.67575156,60.03573382],[22.69437195,60.00686056],[22.7061048,60.0064168],[22.7032776,60.01172539],[22.72551854,60.01720093],[22.75142264,60.00661745],[22.75693697,60.00632521]]],[[[22.61513759,59.99880194],[22.63010722,60.00273898],[22.62579728,60.0061049],[22.63054909,60.00961692],[22.64820324,60.00816661],[22.64157617,60.0146602],[22.62080233,60.01335321],[22.6123722,59.9988645],[22.61513759,59.99880194]]],[[[22.87151027,60.00449694],[22.88728234,60.00903813],[22.87670634,60.01828788],[22.89535391,60.02469905],[22.88279551,60.03222858],[22.91710229,60.04309943],[22.91133195,60.05313329],[22.91599006,60.06000779],[22.90794489,60.06289479],[22.93284039,60.06872338],[22.90786998,60.07203903],[22.90237148,60.0652874],[22.87318615,60.06611936],[22.84789132,60.05543694],[22.8886552,60.04694234],[22.88183918,60.03696089],[22.85241078,60.04391122],[22.85098322,60.03840684],[22.86123067,60.032752],[22.85225768,60.01326572],[22.86118469,60.00929421],[22.85986997,60.00444837],[22.86848876,60.00592038],[22.87151027,60.00449694]]],[[[21.90360815,59.96972592],[21.9128596,59.97237945],[21.91206902,59.9771595],[21.8964511,59.97540608],[21.89796976,59.9712179],[21.90360815,59.96972592]]],[[[22.92626353,60.00488947],[22.94144031,60.01916518],[22.95667712,60.0186455],[22.95503626,60.02951303],[22.97445165,60.03401099],[22.97109091,60.04315126],[22.949173,60.05172843],[22.9222607,60.03805613],[22.91880692,60.02733473],[22.92685333,60.02347436],[22.90624977,60.01786355],[22.9064041,60.01037923],[22.92333779,60.00697752],[22.92626353,60.00488947]]],[[[22.74164442,59.99727238],[22.74442912,60.00489953],[22.73241881,60.0099288],[22.71835831,60.01107501],[22.71663571,60.00547214],[22.7392447,59.9977098],[22.74164442,59.99727238]]],[[[21.78675287,59.96199314],[21.79465002,59.97946769],[21.78159106,59.97670196],[21.78265581,59.96222844],[21.78675287,59.96199314]]],[[[22.67758412,59.99125239],[22.68682804,60.00074045],[22.67584562,60.01021344],[22.68294122,60.01268328],[22.68326264,60.0205633],[22.67419274,60.02402741],[22.67779066,60.02953416],[22.67170768,60.03508365],[22.65811814,60.03094343],[22.66785161,60.02207088],[22.64938674,60.01524599],[22.66310059,59.99347738],[22.67758412,59.99125239]]],[[[22.56117862,59.98307943],[22.56407886,59.98592844],[22.55537421,59.99054094],[22.54098045,59.98857703],[22.5598355,59.98335752],[22.56117862,59.98307943]]],[[[21.61634396,59.94623027],[21.61373253,59.95253082],[21.59945261,59.95607478],[21.59373716,59.95009039],[21.60995492,59.94635613],[21.61634396,59.94623027]]],[[[22.41106564,59.97519999],[22.43276502,59.98973382],[22.42946473,59.99559691],[22.4174859,60.00043788],[22.40806737,59.97736498],[22.41106564,59.97519999]]],[[[22.39106971,59.96885103],[22.40051115,59.97187492],[22.39866177,59.97688646],[22.39147168,59.97519927],[22.38434059,59.98362636],[22.38901505,59.97024189],[22.39106971,59.96885103]]],[[[22.57119603,59.9721234],[22.58293739,59.97419951],[22.58066993,59.9788188],[22.56775872,59.97782279],[22.56201389,59.97440843],[22.56814054,59.97241715],[22.57119603,59.9721234]]],[[[21.74826699,59.9417203],[21.77843062,59.95390298],[21.77798996,59.96997413],[21.74485163,59.96485239],[21.7438548,59.95586422],[21.75617744,59.95326657],[21.73339742,59.94602253],[21.74735716,59.94288034],[21.74826699,59.9417203]]],[[[22.35789748,59.96384202],[22.35326057,59.97668979],[22.36521423,59.97617279],[22.36437153,59.98816929],[22.37285838,59.99058101],[22.3732789,59.99801834],[22.34802797,59.99234921],[22.35074821,59.98046489],[22.33730644,59.9682263],[22.35303036,59.96521936],[22.35789748,59.96384202]]],[[[22.43770632,59.95960605],[22.45530896,59.9696372],[22.46799478,59.96403912],[22.46595268,59.97708928],[22.45001438,59.97623452],[22.45228765,59.98287432],[22.4406751,59.98690237],[22.43551666,59.96068895],[22.43770632,59.95960605]]],[[[22.51252654,59.95836194],[22.55966203,59.97209203],[22.55982923,59.98171861],[22.51975583,59.98808743],[22.50089234,59.98154522],[22.50664185,59.97561397],[22.50132362,59.96433473],[22.5106233,59.95831783],[22.51252654,59.95836194]]],[[[21.81251439,59.93226475],[21.81703486,59.93587843],[21.80891716,59.93858983],[21.80956811,59.94638516],[21.80352166,59.94213258],[21.80637203,59.93460098],[21.81251439,59.93226475]]],[[[22.63702221,59.96007996],[22.64734926,59.96329762],[22.63979168,59.97579403],[22.62171063,59.98463018],[22.62472731,59.98915736],[22.60843489,59.98942992],[22.61337865,59.98446892],[22.60076577,59.98178747],[22.60137581,59.9717922],[22.6320164,59.96198293],[22.63702221,59.96007996]]],[[[22.55294834,59.9545155],[22.56860156,59.95768029],[22.56944228,59.96716833],[22.51469398,59.95714847],[22.55181573,59.95495507],[22.55294834,59.9545155]]],[[[21.46090425,59.90352283],[21.46877655,59.90697566],[21.46163592,59.91332753],[21.45349649,59.91156144],[21.45933128,59.90378806],[21.46090425,59.90352283]]],[[[22.5591993,59.9447325],[22.5804153,59.9484938],[22.57661095,59.95095339],[22.58565899,59.95619524],[22.56717725,59.95422586],[22.5548138,59.94544522],[22.5591993,59.9447325]]],[[[21.73381763,59.91077282],[21.75238987,59.91863118],[21.74556722,59.92201076],[21.70976967,59.91413879],[21.71409837,59.91049737],[21.74036033,59.9200967],[21.72784375,59.91094686],[21.73381763,59.91077282]]],[[[21.78362402,59.9123945],[21.79377932,59.9180348],[21.78932528,59.93202809],[21.77204226,59.93029535],[21.77791338,59.92610688],[21.77228277,59.92118677],[21.78087978,59.91747424],[21.77812584,59.91412351],[21.78362402,59.9123945]]],[[[22.34504049,59.9324953],[22.37295247,59.95021012],[22.36634822,59.95397267],[22.36989031,59.96043974],[22.35294711,59.96419826],[22.33510996,59.96070831],[22.3301154,59.94952341],[22.34110117,59.93279561],[22.34504049,59.9324953]]],[[[22.62182924,59.93728593],[22.60289325,59.94625821],[22.59751055,59.94465806],[22.60529824,59.93896267],[22.61575204,59.93747116],[22.62182924,59.93728593]]],[[[22.18045011,59.92156025],[22.18502622,59.92871134],[22.16691987,59.92510558],[22.17803301,59.92231076],[22.18045011,59.92156025]]],[[[22.63594113,59.93670988],[22.65064552,59.93974785],[22.62472099,59.9485315],[22.65239113,59.95240427],[22.62426412,59.95453815],[22.62918525,59.95881094],[22.61164444,59.96584875],[22.58694205,59.96061244],[22.62983358,59.93927629],[22.63594113,59.93670988]]],[[[21.68020712,59.90143487],[21.69683442,59.90506808],[21.6987377,59.91120094],[21.69041502,59.91557401],[21.67138895,59.90951047],[21.67826887,59.90183995],[21.68020712,59.90143487]]],[[[22.71267822,59.93843355],[22.71920856,59.94789596],[22.70382336,59.94232749],[22.70897658,59.9385734],[22.71267822,59.93843355]]],[[[21.74618213,59.90268468],[21.77055472,59.91231877],[21.75517307,59.91465],[21.74534073,59.90413264],[21.74618213,59.90268468]]],[[[21.8706766,59.90347553],[21.88686812,59.90991824],[21.87295187,59.91233341],[21.87017653,59.90491389],[21.8706766,59.90347553]]],[[[22.35759601,59.92103602],[22.37606579,59.93182923],[22.37282708,59.9375571],[22.35867801,59.93818023],[22.34545704,59.9289454],[22.35381338,59.92183885],[22.35759601,59.92103602]]],[[[22.49820995,59.92373183],[22.51536722,59.92693482],[22.51690021,59.93318735],[22.50876022,59.93555885],[22.5183749,59.94137025],[22.49702337,59.95427169],[22.49195245,59.94119031],[22.50114309,59.93517117],[22.49695697,59.92535413],[22.49820995,59.92373183]]],[[[22.40785358,59.92057191],[22.42535692,59.92738852],[22.42499232,59.95063942],[22.43517005,59.96255483],[22.4319341,59.97561767],[22.42403736,59.97945904],[22.41516497,59.97080353],[22.41526855,59.96184791],[22.39348737,59.94757113],[22.40635602,59.9205807],[22.40785358,59.92057191]]],[[[22.47370623,59.92144899],[22.47314775,59.93582237],[22.46386299,59.9414897],[22.45755061,59.92695557],[22.46715517,59.92251886],[22.47370623,59.92144899]]],[[[22.45570132,59.91441785],[22.46633423,59.91938858],[22.46305752,59.92322654],[22.45174029,59.92484737],[22.45284147,59.91530857],[22.45570132,59.91441785]]],[[[22.35421725,59.90559759],[22.3745162,59.90985487],[22.38432222,59.92386087],[22.37439755,59.92455929],[22.3498247,59.90643308],[22.35421725,59.90559759]]],[[[22.3896735,59.90680545],[22.39855036,59.9073142],[22.39991937,59.9146868],[22.37955896,59.91358403],[22.38728651,59.90724176],[22.3896735,59.90680545]]],[[[21.76715119,59.87953214],[21.77405478,59.88414986],[21.76992475,59.88691076],[21.75776444,59.88685416],[21.7623078,59.88136408],[21.76715119,59.87953214]]],[[[22.60814873,59.90064772],[22.61424624,59.90380587],[22.60073465,59.90774924],[22.58996539,59.90439481],[22.60406361,59.90122407],[22.60814873,59.90064772]]],[[[22.37289657,59.89176597],[22.40070346,59.89846671],[22.38557662,59.90174483],[22.36929462,59.90046047],[22.36877607,59.89170603],[22.37289657,59.89176597]]],[[[22.54523687,59.89583364],[22.55746757,59.90804376],[22.53656878,59.90609153],[22.54261025,59.89575394],[22.54523687,59.89583364]]],[[[22.40010096,59.88953754],[22.41840769,59.89045987],[22.42204722,59.89732617],[22.39913817,59.88974243],[22.40010096,59.88953754]]],[[[22.19067711,59.86730801],[22.21545619,59.87410875],[22.19558332,59.87757032],[22.18039833,59.87587201],[22.17456302,59.867858],[22.18667664,59.86726586],[22.19067711,59.86730801]]],[[[22.48267513,59.87539066],[22.50118077,59.8858208],[22.52166123,59.88741154],[22.53139836,59.89737275],[22.52610935,59.90034851],[22.50106601,59.89718866],[22.48969451,59.88787006],[22.47770472,59.88982234],[22.47336707,59.87885331],[22.47961227,59.87528889],[22.48267513,59.87539066]]],[[[22.09329392,59.85758705],[22.09989624,59.86540219],[22.06975466,59.8598183],[22.08936329,59.85747989],[22.09329392,59.85758705]]],[[[22.33538204,59.85611225],[22.33701165,59.86011652],[22.31557733,59.86539216],[22.31220842,59.86212999],[22.32760613,59.86152027],[22.31760217,59.85781876],[22.33150178,59.85618867],[22.33538204,59.85611225]]],[[[22.11639306,59.84534382],[22.13361525,59.8536782],[22.11282312,59.84717365],[22.11639306,59.84534382]]],[[[22.41808764,59.84751262],[22.45727361,59.85462545],[22.46628951,59.86230511],[22.48996726,59.86108018],[22.5059571,59.86660218],[22.51321458,59.87819785],[22.48676291,59.87730024],[22.46825394,59.86918486],[22.45161946,59.87325651],[22.43694738,59.86252964],[22.41322471,59.86426594],[22.41425187,59.84758381],[22.41808764,59.84751262]]],[[[21.57799337,59.8154992],[21.63182048,59.82686396],[21.63351068,59.83078428],[21.60434284,59.83337815],[21.58550282,59.82746835],[21.57498328,59.81559561],[21.57799337,59.8154992]]],[[[22.39458518,59.84338592],[22.40885939,59.85306841],[22.40375935,59.85649044],[22.39585089,59.85118061],[22.39956026,59.86080844],[22.38472431,59.85961121],[22.3818608,59.85646664],[22.39147918,59.85339087],[22.37380798,59.85034797],[22.37925826,59.8465214],[22.39458518,59.84338592]]],[[[22.42595808,59.83030026],[22.42241965,59.8362163],[22.42785411,59.83846683],[22.40874082,59.84025077],[22.42011563,59.83355268],[22.42595808,59.83030026]]],[[[21.37282301,59.7757469],[21.3825904,59.78081134],[21.36940759,59.78587875],[21.35748908,59.78258893],[21.36858301,59.77610126],[21.37282301,59.7757469]]],[[[22.38788471,59.80786127],[22.40463271,59.81211272],[22.39413911,59.82402006],[22.37848658,59.81731743],[22.38666731,59.81408233],[22.38473977,59.80790508],[22.38788471,59.80786127]]],[[[22.3133178,59.80197002],[22.32099994,59.80288189],[22.32068521,59.80818677],[22.33854179,59.80455106],[22.3406763,59.80864609],[22.32193808,59.82635782],[22.30914444,59.80246733],[22.3133178,59.80197002]]]]}},{"type":"Feature","id":"04","properties":{"code":"04","nameFi":"Satakunta","nameSv":"Satakunta","nameEn":"Satakunta","year":2026},"geometry":{"type":"MultiPolygon","coordinates":[[[[21.46264744,61.83941489],[21.46177421,61.84608426],[21.44326583,61.85034736],[21.4335151,61.84824065],[21.43870047,61.84142511],[21.4595111,61.83972763],[21.46264744,61.83941489]]],[[[21.52917588,61.74825382],[21.53216513,61.75645567],[21.50492723,61.76606977],[21.50177665,61.76274571],[21.5152469,61.7595956],[21.52451984,61.74827579],[21.52917588,61.74825382]]],[[[21.5013964,61.66620256],[21.51155552,61.66757795],[21.5095318,61.67134378],[21.48860552,61.67277051],[21.48799279,61.66850986],[21.49870716,61.66726238],[21.5013964,61.66620256]]],[[[21.4642063,61.6492676],[21.47603044,61.65324281],[21.46879104,61.66687632],[21.45212809,61.66764921],[21.44323194,61.67822334],[21.43126803,61.68104681],[21.41432113,61.67595611],[21.45313038,61.6650049],[21.44491803,61.65969311],[21.45930515,61.64930396],[21.4642063,61.6492676]]],[[[21.54540464,61.62615927],[21.55400589,61.63181795],[21.53911728,61.63489438],[21.53570246,61.62933818],[21.54288103,61.62731538],[21.54540464,61.62615927]]],[[[21.50499964,61.61837912],[21.51337468,61.62129639],[21.5086115,61.62660674],[21.52645453,61.62659317],[21.53009671,61.63322378],[21.51283873,61.63989408],[21.46849913,61.6488257],[21.47730917,61.62594033],[21.44496528,61.62461429],[21.50064048,61.61952361],[21.50499964,61.61837912]]],[[[21.58203443,61.61810657],[21.5863952,61.62266056],[21.56554524,61.62750857],[21.5536445,61.62308662],[21.57869585,61.61805314],[21.58203443,61.61810657]]],[[[21.4549091,61.6044689],[21.42312905,61.62645934],[21.44500877,61.63005951],[21.4133806,61.6398057],[21.38574088,61.63623646],[21.38385746,61.62975363],[21.41376377,61.62911337],[21.41493386,61.62024069],[21.45270695,61.60458264],[21.4549091,61.6044689]]],[[[21.34350796,61.47085801],[21.36572631,61.47962997],[21.35314292,61.48390504],[21.33503938,61.47674998],[21.34292287,61.47237914],[21.34350796,61.47085801]]],[[[21.37723552,61.40401687],[21.3823084,61.40806028],[21.3582529,61.41443079],[21.34574624,61.41404801],[21.37394418,61.40398081],[21.37723552,61.40401687]]],[[[21.50130963,61.39910496],[21.50662338,61.40262177],[21.49453588,61.40682919],[21.48619111,61.40155251],[21.4982905,61.39976437],[21.50130963,61.39910496]]],[[[21.49632777,61.38473837],[21.49994986,61.39457303],[21.44306783,61.4077839],[21.49205417,61.38650981],[21.49632777,61.38473837]]],[[[21.51991307,61.38252474],[21.52920736,61.38484662],[21.51636719,61.39536194],[21.5066624,61.38956269],[21.51653966,61.38291739],[21.51991307,61.38252474]]],[[[21.43688619,61.35988467],[21.44151662,61.36296345],[21.43816381,61.37399678],[21.4194772,61.37585935],[21.43449296,61.36057321],[21.43688619,61.35988467]]],[[[21.50799937,61.34079903],[21.51357697,61.3440427],[21.48762995,61.357048],[21.47768584,61.35558082],[21.4834223,61.35114076],[21.46569553,61.35123054],[21.46343732,61.34432794],[21.50448013,61.34074881],[21.50799937,61.34079903]]],[[[21.49848857,61.29054413],[21.49235524,61.29997172],[21.47422553,61.30178981],[21.46779017,61.30083966],[21.4696772,61.29535595],[21.49694075,61.29057882],[21.49848857,61.29054413]]],[[[21.51229753,61.2183039],[21.52053699,61.21964866],[21.51799907,61.23014679],[21.52470832,61.23420222],[21.52024448,61.23879994],[21.49374086,61.2474197],[21.44296639,61.24990943],[21.41979421,61.24364519],[21.43259348,61.23894152],[21.42545754,61.23581305],[21.45840955,61.23532435],[21.46817623,61.23154545],[21.4604956,61.22940458],[21.49303877,61.22518531],[21.50180487,61.21801981],[21.51229753,61.2183039]]],[[[21.47123415,61.20786994],[21.48338259,61.21221163],[21.4584179,61.21697927],[21.46119928,61.20991402],[21.4694332,61.20886275],[21.47123415,61.20786994]]],[[[21.45821799,61.20633753],[21.44399926,61.214792],[21.4564077,61.21917022],[21.45105879,61.22371487],[21.42875689,61.21415475],[21.45543483,61.20661107],[21.45821799,61.20633753]]],[[[21.50283879,61.19968414],[21.49585961,61.21009404],[21.48357253,61.20793576],[21.50019495,61.19994021],[21.50283879,61.19968414]]],[[[21.43495237,61.19470793],[21.46055036,61.19696399],[21.44550508,61.20599239],[21.40446286,61.21282542],[21.42656054,61.19718709],[21.43495237,61.19470793]]],[[[21.36734579,61.17209988],[21.38426041,61.18233901],[21.41101318,61.18468745],[21.37184146,61.19630859],[21.40233743,61.20961],[21.38678267,61.21587182],[21.36004306,61.21484247],[21.36511515,61.20356325],[21.35551349,61.20626315],[21.35679571,61.19766354],[21.33467485,61.19285614],[21.3481044,61.18746111],[21.34271177,61.18325834],[21.34967769,61.18115668],[21.3491753,61.17481711],[21.36439249,61.17271036],[21.36734579,61.17209988]]],[[[21.43540507,61.17062984],[21.4147126,61.17843021],[21.40949842,61.1742476],[21.43350949,61.17073072],[21.43540507,61.17062984]]],[[[22.16031363,60.87200577],[22.17098156,60.87717383],[22.18875859,60.90102528],[22.24128406,60.92381858],[22.26363192,60.92686351],[22.31311264,60.91601449],[22.36456513,60.93181364],[22.51966891,60.95111067],[22.58623954,60.93879031],[22.52246586,60.97640117],[22.57907907,60.99019926],[22.70938278,60.98258689],[22.79275251,61.00035391],[22.81593305,60.99340872],[22.82644512,61.01364594],[22.82488923,61.02651815],[22.80726957,61.04116042],[22.82370413,61.0420451],[22.83627746,61.06018475],[22.83686991,61.06912843],[22.81634194,61.07879672],[22.82391055,61.10143535],[22.86983611,61.08380258],[22.88905746,61.0568371],[22.92635583,61.05491195],[22.93570829,61.04479934],[22.96850459,61.04325438],[22.95993524,61.05881307],[23.00623431,61.07494953],[22.99549551,61.08777418],[22.93628651,61.07289368],[22.91568341,61.08653814],[22.97193535,61.11585261],[22.94242094,61.12443882],[22.94124975,61.13663833],[22.92418107,61.14199349],[22.91507278,61.17877569],[22.95605478,61.17660112],[22.93422021,61.20497636],[22.87212254,61.22263696],[22.88210731,61.226088],[22.85606097,61.23584268],[22.84551614,61.22938824],[22.76786958,61.24634331],[22.64543605,61.2466204],[22.61876439,61.29169103],[22.55945425,61.33091531],[22.59140256,61.34211944],[22.55838357,61.39428592],[22.57423114,61.39687895],[22.56141334,61.41956389],[22.50918016,61.42814921],[22.43416186,61.4889227],[22.58248245,61.54830609],[22.60271633,61.54249998],[22.64088319,61.56119573],[22.64583224,61.58413588],[22.69605206,61.59976434],[22.66090815,61.64165351],[22.70427256,61.62387412],[22.72492997,61.64496133],[22.71429245,61.65354542],[22.7125787,61.66872471],[22.68952436,61.67493687],[22.68542411,61.660635],[22.65499512,61.65406345],[22.647174,61.69650129],[22.68729609,61.69907797],[22.69100864,61.7025472],[22.67944083,61.72577022],[22.69370164,61.73776619],[22.71898181,61.73638994],[22.73340014,61.74274056],[22.72853905,61.74975456],[22.75896039,61.75689546],[22.78636511,61.75533598],[22.8022408,61.7678404],[22.82842184,61.81521817],[22.76685788,61.85463373],[22.74737354,61.8485282],[22.73673672,61.85998982],[22.78818504,61.87062568],[22.78206011,61.88065822],[22.73482287,61.88980109],[22.73872876,61.91064385],[22.73076014,61.91551275],[22.68321238,61.92164977],[22.66593666,61.93067105],[22.64664346,61.95210753],[22.6565094,61.95491113],[22.65501016,61.96525932],[22.59460192,61.97411194],[22.52259537,61.99810587],[22.56404904,62.01073102],[22.60210246,62.03708205],[22.68377078,62.05369255],[22.78024024,62.06072364],[22.76433291,62.14164392],[22.77089353,62.15439459],[22.81940719,62.16568731],[22.8306315,62.16201525],[22.86162644,62.17255603],[22.84145345,62.18686608],[22.847731,62.19678255],[22.83125226,62.27088367],[22.74557476,62.2733098],[22.59174816,62.31112583],[22.52482868,62.21019282],[22.50532836,62.21347902],[22.4504271,62.1984587],[22.32006402,62.1031057],[22.19872152,62.10333597],[22.10839574,62.03184737],[21.97468637,61.97975961],[21.70256264,62.02092572],[21.52401323,62.02459122],[21.42663977,62.00958504],[21.36027318,61.96001428],[21.32922733,61.95383209],[21.36890094,61.93836609],[21.38265142,61.94735673],[21.39782647,61.94819036],[21.3924894,61.95331159],[21.39681564,61.95641817],[21.41859557,61.95446423],[21.4073497,61.94740326],[21.41365575,61.93832405],[21.39994145,61.93996011],[21.43890139,61.92613739],[21.43417484,61.9210166],[21.43864596,61.91658554],[21.41975037,61.91172107],[21.46036064,61.88900045],[21.47214156,61.86882735],[21.46602275,61.86979152],[21.46227266,61.8616553],[21.46664014,61.84929815],[21.47774156,61.85556103],[21.48311602,61.84391635],[21.49291663,61.84261561],[21.48732639,61.83753102],[21.46961524,61.84588888],[21.47776316,61.83961556],[21.46678687,61.83757448],[21.49105572,61.82403112],[21.4956439,61.82896554],[21.52703154,61.82530323],[21.53602857,61.81567284],[21.54757915,61.81440585],[21.53336157,61.81051521],[21.51914993,61.82006785],[21.51612027,61.80930513],[21.50929799,61.80822665],[21.51793999,61.79975487],[21.50353281,61.79372165],[21.50956255,61.78902018],[21.50353205,61.78436898],[21.4832444,61.78811028],[21.49756344,61.79256565],[21.49483426,61.80633445],[21.48684539,61.80892253],[21.42168891,61.80595384],[21.44768001,61.79900293],[21.44648322,61.79055198],[21.47468402,61.77952561],[21.47337512,61.77153129],[21.49866242,61.76672209],[21.48867645,61.77656201],[21.50565032,61.77940649],[21.50514198,61.77371537],[21.55154703,61.75359022],[21.57091079,61.73519736],[21.60483231,61.71854115],[21.59789702,61.71585147],[21.55230101,61.73473158],[21.54083979,61.73363599],[21.5388985,61.72809707],[21.5510577,61.72490294],[21.54298083,61.71449011],[21.54913718,61.71130207],[21.50994204,61.72252575],[21.5338021,61.70125019],[21.55593,61.69332674],[21.57622301,61.69399608],[21.54294879,61.69115519],[21.53011679,61.69570784],[21.53699717,61.68281402],[21.55757657,61.67373125],[21.55189775,61.67220851],[21.55644656,61.66176324],[21.58092746,61.65814534],[21.60113915,61.63108559],[21.63701189,61.61813673],[21.61265851,61.61863379],[21.61389378,61.61052076],[21.63001263,61.60642099],[21.61517936,61.60250996],[21.64524794,61.59289032],[21.63625855,61.58970764],[21.66233745,61.58169722],[21.65634338,61.57905965],[21.66100923,61.57201612],[21.67394391,61.57170281],[21.69823074,61.55645913],[21.67799941,61.55173158],[21.61521595,61.5645396],[21.60917426,61.5739859],[21.57425017,61.57439822],[21.57326705,61.58188076],[21.53887001,61.58623838],[21.5183783,61.60938932],[21.51186591,61.60891325],[21.51675771,61.60230407],[21.49681132,61.60132493],[21.50193686,61.59701621],[21.46743244,61.59979391],[21.47377339,61.59284497],[21.46212939,61.58946062],[21.4991876,61.58677498],[21.48692086,61.58273654],[21.49058325,61.5759683],[21.48065618,61.56732392],[21.51492157,61.56917225],[21.53784964,61.53364562],[21.57326949,61.52939365],[21.58014253,61.53176841],[21.57194051,61.53621333],[21.57757361,61.53952724],[21.59092906,61.53288741],[21.58584308,61.52922145],[21.63224738,61.51446023],[21.62963776,61.50568241],[21.60618701,61.50671184],[21.60682794,61.50245941],[21.57585158,61.49432375],[21.50059575,61.5105578],[21.45182244,61.50734168],[21.46679953,61.50701698],[21.48703221,61.49405697],[21.51499522,61.4930463],[21.50300339,61.48578598],[21.51830706,61.47989593],[21.53755012,61.48203749],[21.56269652,61.47061674],[21.57286435,61.45364512],[21.59810041,61.44519654],[21.58667202,61.43697738],[21.59140687,61.43477601],[21.58802023,61.42980286],[21.57423482,61.43136633],[21.56147068,61.42420479],[21.55392064,61.42624739],[21.55603729,61.43076539],[21.54325945,61.42726593],[21.46638195,61.43948841],[21.47908548,61.43006456],[21.44738007,61.42994017],[21.52723012,61.40744494],[21.53400384,61.40180215],[21.52758062,61.39664969],[21.55326392,61.38739713],[21.53240217,61.38612646],[21.53904159,61.38204075],[21.5363271,61.37707768],[21.50779518,61.38062811],[21.52749721,61.37290819],[21.50866721,61.37080518],[21.53244742,61.36262122],[21.52407897,61.35688971],[21.57040474,61.34531496],[21.56762003,61.34151785],[21.57508572,61.33875116],[21.55361212,61.33708736],[21.56598602,61.32835436],[21.54243862,61.32857221],[21.55207408,61.32565781],[21.53968965,61.32011559],[21.56665371,61.30493535],[21.54714022,61.30716531],[21.55458597,61.29660391],[21.51651735,61.3134768],[21.51978929,61.30842314],[21.49422711,61.30379307],[21.51203605,61.29667236],[21.51110062,61.28817417],[21.53288618,61.28771789],[21.55493943,61.27797676],[21.52145206,61.28386963],[21.48756469,61.28131509],[21.48324987,61.27676705],[21.49290539,61.2631996],[21.60784681,61.22874774],[21.5863983,61.22369478],[21.60095861,61.21727693],[21.59364738,61.21390459],[21.54412332,61.23324774],[21.52544173,61.23058597],[21.52761402,61.22052843],[21.50663591,61.2150469],[21.51369191,61.20742204],[21.50593557,61.20651248],[21.50885044,61.19964824],[21.53596889,61.18796875],[21.53088055,61.18614577],[21.49086461,61.1972929],[21.44000987,61.19094226],[21.44716258,61.18854288],[21.44743606,61.17608608],[21.46097218,61.17123433],[21.4330541,61.16448795],[21.45933808,61.15670211],[21.46331762,61.15413546],[21.45640059,61.15182001],[21.46257474,61.14473012],[21.47866906,61.14191686],[21.46691103,61.13439582],[21.44099907,61.13621199],[21.45514781,61.13058703],[21.43002719,61.13469873],[21.42726202,61.1277271],[21.46137894,61.12733757],[21.45353611,61.12308759],[21.45420028,61.11400853],[21.44437236,61.11327772],[21.45797443,61.10350976],[21.44387163,61.10251276],[21.47440521,61.09091063],[21.46435373,61.08427567],[21.46728029,61.08038342],[21.49404472,61.08022585],[21.49404008,61.07509235],[21.46776501,61.07338601],[21.4569466,61.08383347],[21.4403375,61.08781028],[21.41222251,61.08366192],[21.38891033,61.09367753],[21.37128616,61.08822962],[21.3828456,61.08076735],[21.42449811,61.07445167],[21.41903735,61.07028979],[21.42387829,61.06616346],[21.43466712,61.06715744],[21.42549012,61.06115977],[21.42792744,61.0513364],[21.41994109,61.04731341],[21.42716225,61.02740219],[21.47470099,61.00919687],[21.48020692,60.99947884],[21.60700593,61.01070072],[21.59114071,61.02882549],[21.621164,61.05178979],[21.65140727,61.01736204],[21.65464338,60.99991656],[21.66559235,60.99633226],[21.6933146,61.00355378],[21.73438522,61.00089142],[21.76602912,61.01369528],[21.75324836,61.02655998],[21.77575219,61.03411221],[21.82520694,61.03417543],[21.8049769,61.02009596],[21.84410988,61.00940231],[21.87704462,60.98277499],[21.90296916,60.98615981],[21.92615403,60.9761536],[21.95136519,60.97693612],[21.94417144,60.94651905],[21.99675713,60.9125495],[21.98521433,60.90100182],[22.00814543,60.89743924],[22.12846734,60.9042054],[22.16031363,60.87200577]]]]}},{"type":"Feature","id":"05","properties":{"code":"05","nameFi":"Kanta-Häme","nameSv":"Egentliga Tavastland","nameEn":"Kanta-Häme","year":2026},"geometry":{"type":"MultiPolygon","coordinates":[[[[24.42368035,60.55249151],[24.54895214,60.55983982],[24.57725031,60.58580122],[24.56293619,60.60246749],[24.56602855,60.63707183],[24.61591118,60.66756883],[24.69127358,60.6493123],[24.73988031,60.64749645],[24.76416305,60.65992169],[24.7792677,60.65389147],[24.80945581,60.67282677],[24.83507239,60.66627535],[24.83560104,60.65930141],[24.89418028,60.66010454],[24.92087526,60.66292858],[24.93259494,60.67367983],[25.03486643,60.68499215],[25.05347681,60.6796351],[25.06186853,60.66925443],[25.1124618,60.66159624],[25.08422086,60.69920788],[25.19293019,60.72473784],[25.1454766,60.73147468],[25.11866429,60.7466846],[25.06792439,60.71455297],[25.05827802,60.72498625],[25.09063842,60.76293462],[25.15244574,60.76836463],[25.15487587,60.77838285],[25.10206822,60.80976477],[25.11097449,60.81858337],[25.09235379,60.82226598],[25.07857206,60.839236],[25.08898096,60.86104341],[25.10810892,60.86507519],[25.09377065,60.91899674],[25.00753606,60.92793085],[25.02587526,60.96174604],[25.05938298,60.98589977],[25.04833657,60.99296958],[25.02738542,60.99364816],[25.02612373,61.00428029],[25.04542464,61.0166352],[25.02869728,61.03094658],[25.05700098,61.05005767],[25.15226509,61.06298661],[25.17014121,61.07399308],[25.19808355,61.07624544],[25.21269918,61.10335202],[25.23993524,61.11455178],[25.24619698,61.1312507],[25.23644177,61.13991251],[25.25369761,61.14885494],[25.25803383,61.15978366],[25.2498289,61.1763529],[25.25986742,61.18588943],[25.1997537,61.2221239],[25.20282374,61.24093849],[25.09684965,61.25600397],[25.02938215,61.2461533],[25.0128172,61.29106704],[24.97592544,61.27539065],[24.94880978,61.29060352],[24.9252496,61.2818646],[24.92103801,61.31434292],[24.91394261,61.32488128],[24.87885668,61.29776509],[24.89130676,61.28744525],[24.77056198,61.26770382],[24.73173745,61.3174559],[24.71992868,61.29863049],[24.71697422,61.27944075],[24.70832039,61.27239895],[24.58963,61.28836536],[24.57367671,61.30393745],[24.38639981,61.24966605],[24.30238525,61.2332161],[24.28255098,61.24011633],[24.25801193,61.21824342],[24.29727314,61.19158114],[24.2354996,61.15143138],[24.13895867,61.14321171],[24.13428576,61.13827995],[24.14196703,61.12315574],[24.11109558,61.12829294],[24.02628441,61.11955714],[23.8449863,61.07443329],[23.82535953,61.08238468],[23.80453416,61.07936053],[23.75675671,61.05735518],[23.80372075,61.05100972],[23.79566443,61.0438668],[23.80470547,61.03602233],[23.79261465,61.02517589],[23.86559791,61.03726887],[23.87851298,61.02200564],[23.83445104,61.00261235],[23.81540806,61.0006608],[23.85253797,60.98051086],[23.86490756,60.95361435],[23.83937006,60.93970585],[23.79495132,60.98905078],[23.7665579,60.99706748],[23.73588225,60.99211493],[23.73763241,61.00370238],[23.71233695,61.00903356],[23.68511416,61.00294903],[23.61854998,61.0025082],[23.60809573,60.99135512],[23.58595664,60.98408435],[23.56643618,61.00101899],[23.53097484,60.98735839],[23.51078962,60.99353055],[23.47906446,60.99010542],[23.45784592,60.98314614],[23.47409108,60.96346796],[23.41119857,60.96821667],[23.36246161,61.0145164],[23.33593736,61.00999033],[23.26812083,61.01985477],[23.25998477,61.018554],[23.26822651,61.01266877],[23.2661706,61.00651693],[23.21332709,61.00691893],[23.19536593,61.00121983],[23.25539236,60.96346724],[23.29392897,60.95469738],[23.29133912,60.9179321],[23.25308294,60.9194712],[23.2666648,60.88910952],[23.15524053,60.89242911],[23.13563812,60.88351847],[23.13744825,60.84077106],[23.14258185,60.83750298],[23.23006968,60.8254068],[23.19486873,60.81341449],[23.15461535,60.77416826],[23.25487792,60.72809566],[23.27727888,60.71107542],[23.27909697,60.72610187],[23.33349773,60.71794026],[23.45437599,60.74872387],[23.50213692,60.74398928],[23.50032681,60.72744489],[23.5294505,60.71838978],[23.53924815,60.70432261],[23.57588495,60.69431652],[23.62592006,60.69379707],[23.68155737,60.68322786],[23.67289323,60.67073011],[23.68414733,60.6572413],[23.7138347,60.66379156],[23.74791348,60.65325662],[23.81418591,60.65607893],[23.88671029,60.6496532],[23.91786561,60.65384333],[23.96144773,60.63807833],[24.04107251,60.64452161],[24.08428585,60.62809028],[24.13478106,60.62311746],[24.17494301,60.62808261],[24.23726373,60.61806607],[24.23421401,60.6014501],[24.28538667,60.56541063],[24.30557556,60.57104757],[24.29332446,60.58435596],[24.34772354,60.61215375],[24.41042243,60.59212201],[24.39844718,60.57717738],[24.42368035,60.55249151]]]]}},{"type":"Feature","id":"06","properties":{"code":"06","nameFi":"Pirkanmaa","nameSv":"Birkaland","nameEn":"Pirkanmaa","year":2026},"geometry":{"type":"MultiPolygon","coordinates":[[[[23.83937006,60.93970585],[23.86490756,60.95361435],[23.85253797,60.98051086],[23.81540806,61.0006608],[23.83445104,61.00261235],[23.87851298,61.02200564],[23.86559791,61.03726887],[23.79261465,61.02517589],[23.80470547,61.03602233],[23.79566443,61.0438668],[23.80372075,61.05100972],[23.75675671,61.05735518],[23.80453416,61.07936053],[23.82535953,61.08238468],[23.8449863,61.07443329],[24.02628441,61.11955714],[24.11109558,61.12829294],[24.14196703,61.12315574],[24.13428576,61.13827995],[24.13895867,61.14321171],[24.2354996,61.15143138],[24.29727314,61.19158114],[24.25801193,61.21824342],[24.28255098,61.24011633],[24.30238525,61.2332161],[24.38639981,61.24966605],[24.57367671,61.30393745],[24.58963,61.28836536],[24.70832039,61.27239895],[24.71697422,61.27944075],[24.71992868,61.29863049],[24.73173745,61.3174559],[24.77056198,61.26770382],[24.89130676,61.28744525],[24.87885668,61.29776509],[24.91394261,61.32488128],[24.88925254,61.35568823],[24.90479966,61.38867886],[24.89395642,61.39125524],[24.91240245,61.41583755],[24.87688517,61.43722251],[24.85549034,61.46942586],[24.8599527,61.47597779],[24.97048058,61.45070384],[25.09354326,61.47164146],[25.11811899,61.47299326],[25.14777318,61.45922452],[25.18329131,61.47836007],[25.25613593,61.47272603],[25.2758483,61.48017305],[25.43742715,61.48690617],[25.5066393,61.63391607],[25.49704112,61.70456789],[25.5008678,61.76298862],[25.53522096,61.77955941],[25.41226481,61.75525657],[25.39609883,61.74484803],[25.40749884,61.74038149],[25.39344762,61.72290837],[25.37284398,61.71307434],[25.35779512,61.71964738],[25.26517981,61.72646524],[25.26824026,61.73681509],[25.26391759,61.7392072],[25.23558185,61.72638594],[25.21856535,61.73673131],[25.19025318,61.72941268],[24.97927771,61.78694939],[24.96163644,61.77654968],[25.00350068,61.731259],[24.97880034,61.72184712],[24.95910555,61.72833464],[24.96662849,61.74480747],[24.95567408,61.75553451],[24.943857,61.75108929],[24.95013162,61.74388652],[24.91346154,61.70647532],[24.93074453,61.68491635],[24.96421703,61.66180102],[24.9489511,61.64104287],[24.96033447,61.63065268],[24.91814,61.63098477],[24.88823378,61.64727438],[24.83374301,61.65000405],[24.81203398,61.66002373],[24.85498149,61.67320628],[24.79137406,61.69039523],[24.76747116,61.67588764],[24.735951,61.69376299],[24.74862547,61.71911478],[24.72158061,61.76341566],[24.72464868,61.77944276],[24.77051057,61.76901684],[24.78347817,61.75885024],[24.81522676,61.75429743],[24.81005022,61.76423961],[24.82071283,61.77013398],[24.77280346,61.80150068],[24.72984887,61.81331654],[24.66665127,61.86298953],[24.55196096,61.91227491],[24.52464401,61.90933337],[24.55823912,61.951476],[24.58346499,61.95164452],[24.60105203,61.96212705],[24.62126075,61.99253448],[24.6864933,62.00295835],[24.73091348,62.02319177],[24.70387428,62.04666587],[24.66834893,62.04937349],[24.66679191,62.0894626],[24.67370632,62.11545692],[24.60172729,62.13937466],[24.56019641,62.1856501],[24.49821163,62.19710183],[24.42696086,62.1729716],[24.4406654,62.15804717],[24.42747239,62.15270452],[24.3891737,62.16641007],[24.33594797,62.16803971],[24.29328837,62.19533301],[24.25273473,62.2523185],[24.14448327,62.2524998],[24.08077527,62.27640522],[24.07583548,62.29695165],[24.02481307,62.31334799],[24.01300321,62.36332639],[23.99544891,62.37688618],[23.92421872,62.39062172],[23.90735832,62.41403705],[23.91050335,62.42413249],[23.90178798,62.43573951],[23.91209468,62.45754996],[23.89913725,62.48448779],[23.86735542,62.48543437],[23.86818481,62.4602147],[23.83910752,62.45957915],[23.83523018,62.49433633],[23.80382323,62.47796774],[23.8173958,62.46681511],[23.7597714,62.45569007],[23.66371329,62.40863804],[23.50340731,62.41464022],[23.5180567,62.36805199],[23.47503543,62.3826922],[23.44516605,62.3753811],[23.42275643,62.37831909],[23.39010176,62.38920011],[23.33776362,62.42508345],[23.2750844,62.40790161],[23.21782335,62.33416672],[22.89686915,62.26900579],[22.83125226,62.27088367],[22.847731,62.19678255],[22.84145345,62.18686608],[22.86162644,62.17255603],[22.8306315,62.16201525],[22.81940719,62.16568731],[22.77089353,62.15439459],[22.76433291,62.14164392],[22.78024024,62.06072364],[22.68377078,62.05369255],[22.60210246,62.03708205],[22.56404904,62.01073102],[22.52259537,61.99810587],[22.59460192,61.97411194],[22.65501016,61.96525932],[22.6565094,61.95491113],[22.64664346,61.95210753],[22.66593666,61.93067105],[22.68321238,61.92164977],[22.73076014,61.91551275],[22.73872876,61.91064385],[22.73482287,61.88980109],[22.78206011,61.88065822],[22.78818504,61.87062568],[22.73673672,61.85998982],[22.74737354,61.8485282],[22.76685788,61.85463373],[22.82842184,61.81521817],[22.8022408,61.7678404],[22.78636511,61.75533598],[22.75896039,61.75689546],[22.72853905,61.74975456],[22.73340014,61.74274056],[22.71898181,61.73638994],[22.69370164,61.73776619],[22.67944083,61.72577022],[22.69100864,61.7025472],[22.68729609,61.69907797],[22.647174,61.69650129],[22.65499512,61.65406345],[22.68542411,61.660635],[22.68952436,61.67493687],[22.7125787,61.66872471],[22.71429245,61.65354542],[22.72492997,61.64496133],[22.70427256,61.62387412],[22.66090815,61.64165351],[22.69605206,61.59976434],[22.64583224,61.58413588],[22.64088319,61.56119573],[22.60271633,61.54249998],[22.58248245,61.54830609],[22.43416186,61.4889227],[22.50918016,61.42814921],[22.56141334,61.41956389],[22.57423114,61.39687895],[22.55838357,61.39428592],[22.59140256,61.34211944],[22.55945425,61.33091531],[22.61876439,61.29169103],[22.64543605,61.2466204],[22.76786958,61.24634331],[22.84551614,61.22938824],[22.85606097,61.23584268],[22.88210731,61.226088],[22.87212254,61.22263696],[22.93422021,61.20497636],[22.95605478,61.17660112],[22.91507278,61.17877569],[22.92418107,61.14199349],[22.94124975,61.13663833],[22.94242094,61.12443882],[22.97193535,61.11585261],[22.91568341,61.08653814],[22.93628651,61.07289368],[22.99549551,61.08777418],[23.00623431,61.07494953],[23.00127312,61.07070639],[22.95993524,61.05881307],[22.96850459,61.04325438],[23.01628123,61.02240231],[23.05535575,61.03099324],[23.14807639,61.0314113],[23.16504759,61.00544795],[23.19536593,61.00121983],[23.21332709,61.00691893],[23.2661706,61.00651693],[23.26822651,61.01266877],[23.25998477,61.018554],[23.26812083,61.01985477],[23.33593736,61.00999033],[23.36246161,61.0145164],[23.41119857,60.96821667],[23.47409108,60.96346796],[23.45784592,60.98314614],[23.51078962,60.99353055],[23.53097484,60.98735839],[23.56643618,61.00101899],[23.58595664,60.98408435],[23.60809573,60.99135512],[23.61854998,61.0025082],[23.68511416,61.00294903],[23.71233695,61.00903356],[23.73763241,61.00370238],[23.73588225,60.99211493],[23.7665579,60.99706748],[23.79495132,60.98905078],[23.83937006,60.93970585]]]]}},{"type":"Feature","id":"07","properties":{"code":"07","nameFi":"Päijät-Häme","nameSv":"Päijänne-Tavastland","nameEn":"Päijät-Häme","year":2026},"geometry":{"type":"MultiPolygon","coordinates":[[[[25.61086851,60.67147628],[25.61779498,60.68031031],[25.67954973,60.69154869],[25.69736815,60.70786194],[25.72300729,60.71842111],[25.74675048,60.70806147],[25.83485921,60.71495157],[25.85936573,60.73202235],[25.91493336,60.73587076],[25.93351866,60.70594319],[26.0277751,60.71663027],[26.10923912,60.68637661],[26.14181409,60.69049598],[26.21425843,60.71625176],[26.22384401,60.72927309],[26.20836347,60.7579944],[26.22920833,60.74784389],[26.25314946,60.74809501],[26.25370156,60.76100924],[26.25977831,60.76234301],[26.30013052,60.74920561],[26.37442466,60.76110868],[26.36839335,60.7687797],[26.39688878,60.7794064],[26.37885634,60.80553695],[26.452758,60.81661501],[26.51139239,60.84061533],[26.45999189,60.87354587],[26.46381357,60.87724491],[26.53861649,60.87185799],[26.54496825,60.8838187],[26.53539828,60.93763396],[26.49544514,60.99065272],[26.50435797,61.00979607],[26.42304941,61.01205986],[26.37534922,61.02805079],[26.35509728,61.02256985],[26.34618976,61.0004711],[26.33099993,61.00007204],[26.28572367,61.01290187],[26.26581097,61.01166051],[26.24909428,61.03993012],[26.26731884,61.06982686],[26.31096591,61.10665474],[26.25649743,61.10533883],[26.23445045,61.13000432],[26.26901079,61.14953598],[26.27054561,61.16300954],[26.34774558,61.17369296],[26.38547765,61.18813788],[26.39643536,61.21372616],[26.43130489,61.23730692],[26.42497013,61.25150286],[26.44357049,61.25639069],[26.4439963,61.26279324],[26.48393253,61.26511671],[26.51366287,61.27432642],[26.50461058,61.28031167],[26.48307142,61.32283654],[26.39956965,61.32202078],[26.31581674,61.35984631],[26.31823806,61.37090473],[26.28513437,61.368186],[26.28652955,61.37629606],[26.31971684,61.39871749],[26.26484934,61.42583083],[26.24366417,61.44645121],[26.29325077,61.46435345],[26.28663493,61.48191252],[26.25610998,61.50927583],[26.26849954,61.52405697],[26.29246202,61.52498783],[26.29940854,61.54505763],[26.28355116,61.55347738],[26.26123667,61.57987985],[26.30137001,61.57850897],[26.31965919,61.57197157],[26.31503915,61.60844944],[26.2994564,61.62738473],[26.31440591,61.63972193],[26.30028415,61.6538011],[26.28307957,61.65670347],[26.26710292,61.64174402],[26.22615486,61.64170339],[26.19181421,61.6500334],[26.16097247,61.6160516],[26.13758739,61.61953462],[26.13834234,61.62984755],[26.12835691,61.63780126],[26.10516138,61.64454743],[26.07038263,61.67242153],[26.08440183,61.68906966],[26.08106176,61.70974026],[26.05247444,61.73834091],[26.0454885,61.7256856],[26.01573858,61.7204934],[25.9975998,61.72894968],[25.98030774,61.74717438],[25.98385248,61.7596],[25.94748557,61.77131882],[25.92163813,61.78734718],[25.90752366,61.76507064],[25.85845512,61.76207836],[25.88332244,61.794623],[25.84495622,61.8014079],[25.85612924,61.78078238],[25.83129472,61.76800164],[25.77117859,61.68506677],[25.74277359,61.69251375],[25.74891032,61.70480763],[25.66437029,61.71588652],[25.63908327,61.69492397],[25.60842422,61.68069232],[25.56702297,61.6735906],[25.50133331,61.67685865],[25.5066393,61.63391607],[25.43742715,61.48690617],[25.2758483,61.48017305],[25.25613593,61.47272603],[25.18329131,61.47836007],[25.14777318,61.45922452],[25.11811899,61.47299326],[25.09354326,61.47164146],[24.97048058,61.45070384],[24.8599527,61.47597779],[24.85549034,61.46942586],[24.87688517,61.43722251],[24.91240245,61.41583755],[24.89395642,61.39125524],[24.90479966,61.38867886],[24.88925254,61.35568823],[24.92103801,61.31434292],[24.9252496,61.2818646],[24.94880978,61.29060352],[24.97592544,61.27539065],[25.0128172,61.29106704],[25.02938215,61.2461533],[25.09684965,61.25600397],[25.20282374,61.24093849],[25.1997537,61.2221239],[25.25986742,61.18588943],[25.2498289,61.1763529],[25.25803383,61.15978366],[25.25369761,61.14885494],[25.23644177,61.13991251],[25.24619698,61.1312507],[25.23993524,61.11455178],[25.21269918,61.10335202],[25.19808355,61.07624544],[25.17014121,61.07399308],[25.15226509,61.06298661],[25.05700098,61.05005767],[25.02869728,61.03094658],[25.04542464,61.0166352],[25.02612373,61.00428029],[25.02738542,60.99364816],[25.04833657,60.99296958],[25.05938298,60.98589977],[25.02587526,60.96174604],[25.00753606,60.92793085],[25.09377065,60.91899674],[25.10810892,60.86507519],[25.08898096,60.86104341],[25.07857206,60.839236],[25.09235379,60.82226598],[25.12101203,60.81639782],[25.18927116,60.82034404],[25.18430472,60.82509036],[25.18823081,60.83446991],[25.20911237,60.84085115],[25.22116594,60.80403666],[25.28473026,60.77622777],[25.29811757,60.75195513],[25.31909199,60.76096611],[25.3821838,60.75340107],[25.4332997,60.79544895],[25.47452396,60.79268878],[25.51364792,60.74812173],[25.52542317,60.71942695],[25.51928424,60.70389458],[25.61086851,60.67147628]]]]}},{"type":"Feature","id":"08","properties":{"code":"08","nameFi":"Kymenlaakso","nameSv":"Kymmenedalen","nameEn":"Kymenlaakso","year":2026},"geometry":{"type":"MultiPolygon","coordinates":[[[[27.3762883,60.48661579],[27.37971328,60.49296277],[27.3619043,60.49892596],[27.33829645,60.49447692],[27.34024785,60.48889132],[27.37291849,60.48800303],[27.3762883,60.48661579]]],[[[27.54723897,60.47384881],[27.55224243,60.48145722],[27.54074561,60.48734952],[27.53302267,60.48486774],[27.54261415,60.47505041],[27.54723897,60.47384881]]],[[[27.16872457,60.46323315],[27.17451117,60.46845689],[27.16749757,60.47224779],[27.15875574,60.46939058],[27.16558176,60.46337754],[27.16872457,60.46323315]]],[[[27.33982063,60.46288163],[27.34494871,60.46484848],[27.33729923,60.47299387],[27.32802615,60.46962908],[27.33805534,60.46399317],[27.33982063,60.46288163]]],[[[26.9844646,60.46331092],[26.98844227,60.46757186],[26.97293667,60.48442149],[26.96579383,60.47827172],[26.98240439,60.46503802],[26.9844646,60.46331092]]],[[[27.2227599,60.45777284],[27.22859048,60.46848451],[27.22126914,60.47291809],[27.21459619,60.46312762],[27.22033577,60.45880402],[27.2227599,60.45777284]]],[[[27.72881986,60.45459152],[27.73212366,60.46770002],[27.71447899,60.4627686],[27.72536171,60.45488638],[27.72881986,60.45459152]]],[[[26.76847789,60.45550538],[26.78290687,60.45840933],[26.76840615,60.46203883],[26.7595099,60.47386964],[26.75055835,60.47106731],[26.7661897,60.45661956],[26.76847789,60.45550538]]],[[[26.90596301,60.45121083],[26.91022273,60.45943562],[26.89443618,60.46080244],[26.90089533,60.45402579],[26.90596301,60.45121083]]],[[[26.85079301,60.44974105],[26.85672103,60.45016514],[26.85449663,60.45506544],[26.83024037,60.45489473],[26.84589933,60.45239682],[26.85079301,60.44974105]]],[[[27.5343296,60.4476802],[27.54320126,60.44772456],[27.53921861,60.45263923],[27.52594314,60.45616366],[27.52046601,60.4497875],[27.52821666,60.45018246],[27.5343296,60.4476802]]],[[[27.39738643,60.44744107],[27.41892262,60.45687096],[27.40824279,60.4635588],[27.36290867,60.47488691],[27.38376806,60.45026316],[27.39318249,60.44889543],[27.39738643,60.44744107]]],[[[26.93858409,60.44648062],[26.9501084,60.45207414],[26.94925654,60.45888603],[26.96385268,60.47211261],[26.94898165,60.4744095],[26.92025121,60.46494388],[26.92879631,60.45135242],[26.93858409,60.44648062]]],[[[27.18944757,60.44411537],[27.18349578,60.45047108],[27.18876346,60.45414775],[27.15861194,60.46146302],[27.15947513,60.45392081],[27.183915,60.44414014],[27.18944757,60.44411537]]],[[[27.04595017,60.43715769],[27.05728675,60.43787437],[27.05897619,60.44389158],[27.04807881,60.44452939],[27.04486317,60.43757217],[27.04595017,60.43715769]]],[[[27.54282226,60.42738156],[27.55610007,60.43026726],[27.55290807,60.44092402],[27.53913677,60.43942522],[27.53969683,60.42861643],[27.54282226,60.42738156]]],[[[26.67474562,60.42482524],[26.68008938,60.42656777],[26.67589838,60.43364887],[26.70941086,60.43197641],[26.72064529,60.45023903],[26.74413413,60.4521587],[26.73475262,60.480132],[26.7421642,60.48443963],[26.75201321,60.476962],[26.76497975,60.47722839],[26.78111793,60.49276945],[26.79683455,60.4864823],[26.76378282,60.47239333],[26.79342987,60.45505922],[26.82179423,60.4650187],[26.83428036,60.45965389],[26.84533023,60.46304351],[26.84552456,60.47327631],[26.85606208,60.47769403],[26.87141318,60.47095028],[26.88661491,60.4749339],[26.88968517,60.48501153],[26.91639579,60.46830547],[26.93056063,60.46867716],[26.9357975,60.47222222],[26.92908988,60.47628738],[26.94903774,60.48238108],[26.94228845,60.49153024],[26.92125312,60.48739813],[26.91192226,60.49836834],[26.93010077,60.49475395],[26.93940861,60.50034602],[26.95477081,60.48599018],[26.97395686,60.49632726],[26.98154516,60.48891187],[26.98856612,60.498755],[26.9760146,60.5081881],[26.98051351,60.51234088],[27.0087952,60.50782256],[27.02239616,60.51801284],[27.01394669,60.53734499],[27.00564106,60.54218858],[27.00774744,60.55451761],[27.02604749,60.54784129],[27.02304717,60.53836201],[27.03405856,60.53426024],[27.0297094,60.53199705],[27.03975821,60.5201699],[27.06584409,60.52968493],[27.0589103,60.53313581],[27.0624648,60.5376969],[27.04115829,60.54143003],[27.04860572,60.54441822],[27.04535789,60.54945327],[27.06696154,60.54065615],[27.06933501,60.53380838],[27.09299588,60.53196855],[27.09386364,60.55036235],[27.12787987,60.52912592],[27.16134811,60.53932297],[27.12945608,60.5247852],[27.15957663,60.51798022],[27.18241934,60.52854083],[27.17218642,60.54091424],[27.17385062,60.55386061],[27.1667939,60.55799614],[27.1724349,60.56369677],[27.16163067,60.56825497],[27.17164958,60.57410977],[27.1850543,60.5714521],[27.18038159,60.56237204],[27.22179326,60.55930664],[27.22270814,60.55311775],[27.27787409,60.53377266],[27.26653501,60.52897225],[27.25575355,60.53179166],[27.2605667,60.53615271],[27.19971946,60.5536731],[27.18978571,60.54728559],[27.20443576,60.53039013],[27.19656774,60.52551776],[27.19653996,60.51607756],[27.22162772,60.5154345],[27.23287555,60.52697651],[27.2547192,60.52477654],[27.2825932,60.51162328],[27.30438356,60.52193315],[27.30965606,60.51792921],[27.30421354,60.51312452],[27.33524707,60.50566047],[27.33607133,60.51351205],[27.36505819,60.50044418],[27.37034089,60.50525267],[27.35867916,60.51157462],[27.36538572,60.51310996],[27.38799717,60.49952107],[27.3863096,60.49325743],[27.41070392,60.48304133],[27.41202012,60.4721916],[27.42691605,60.46509992],[27.44982758,60.4736133],[27.47539227,60.46091047],[27.49173954,60.46278596],[27.48224036,60.47946357],[27.4667502,60.48023232],[27.45714028,60.4876359],[27.49043451,60.5108985],[27.50093645,60.50219552],[27.56626383,60.48842704],[27.56534287,60.48257507],[27.57674082,60.47492656],[27.61840628,60.46741429],[27.6210312,60.4727005],[27.5891486,60.48538757],[27.56845142,60.50570995],[27.5779331,60.51169157],[27.59982682,60.51190326],[27.60640942,60.52522662],[27.62111158,60.52638758],[27.64881554,60.51959776],[27.6446174,60.5142362],[27.61069709,60.51774139],[27.60782666,60.50892614],[27.59663291,60.50851211],[27.58726872,60.49615733],[27.61712993,60.48166375],[27.63092503,60.48311754],[27.62670302,60.49221389],[27.63482564,60.49310806],[27.68109654,60.48442948],[27.70496392,60.49455437],[27.74115838,60.48526723],[27.74410173,60.50466809],[27.73086908,60.50860317],[27.72913398,60.51479468],[27.72218745,60.51077471],[27.70719995,60.51764936],[27.71831379,60.52727857],[27.74444645,60.52005837],[27.74133392,60.52769956],[27.71950549,60.53256753],[27.72664437,60.53532946],[27.71503763,60.54166293],[27.72257231,60.55135729],[27.71562342,60.56426714],[27.73847069,60.57229077],[27.72475551,60.57657421],[27.7672509,60.58117655],[27.77787521,60.55046452],[27.7962979,60.54490914],[27.84749728,60.56138031],[27.84233923,60.5658683],[27.84451028,60.58049573],[27.87342529,60.60455234],[27.99128251,60.66898492],[27.95147098,60.66715534],[27.95714264,60.67736576],[27.95272774,60.68598401],[27.90192916,60.69638513],[27.85930128,60.74105182],[27.85115206,60.76516591],[27.79292334,60.76920302],[27.77327085,60.75889583],[27.75133958,60.75757892],[27.72753856,60.76279427],[27.71042683,60.78994574],[27.71388375,60.79533163],[27.6782158,60.80164165],[27.60604327,60.80583739],[27.5496642,60.79783453],[27.50471649,60.79923219],[27.45283931,60.82058819],[27.37262169,60.87899313],[27.21322432,60.90404989],[27.13611047,60.95124727],[27.12106943,60.9640195],[27.12943458,60.9668943],[27.1525854,60.95312056],[27.18486216,60.95085997],[27.24166253,60.96348062],[27.24832453,60.97031327],[27.21918038,60.96980373],[27.2072214,60.9997089],[27.19296288,61.00766237],[27.17330574,60.9979851],[27.14115344,61.01054789],[27.15952385,61.0277383],[27.1468736,61.04790785],[27.15288246,61.07079978],[27.18500843,61.08604722],[27.22848998,61.09020228],[27.21345004,61.10326273],[27.17669445,61.10694302],[27.18540549,61.11185819],[27.18687115,61.12106903],[27.2182962,61.14278523],[27.20582011,61.16247141],[27.12088952,61.16441062],[27.09631523,61.15534135],[27.0311675,61.15206131],[26.91213304,61.18316155],[26.92952756,61.21003721],[26.92075858,61.22574934],[26.89082707,61.24244961],[26.89672354,61.24409288],[26.87802417,61.27814496],[26.88121925,61.28520396],[26.78182279,61.26998884],[26.77194156,61.26615505],[26.77336079,61.25854305],[26.76055114,61.23961555],[26.74544521,61.22968339],[26.66131779,61.20687905],[26.62987814,61.22103498],[26.67110157,61.24359059],[26.62913899,61.29257891],[26.5617117,61.27055062],[26.54957783,61.27701877],[26.4439963,61.26279324],[26.44357049,61.25639069],[26.42497013,61.25150286],[26.43130489,61.23730692],[26.39643536,61.21372616],[26.38547765,61.18813788],[26.34774558,61.17369296],[26.27054561,61.16300954],[26.26901079,61.14953598],[26.23445045,61.13000432],[26.25649743,61.10533883],[26.31096591,61.10665474],[26.26731884,61.06982686],[26.24909428,61.03993012],[26.26581097,61.01166051],[26.34618976,61.0004711],[26.35509728,61.02256985],[26.37534922,61.02805079],[26.42304941,61.01205986],[26.50435797,61.00979607],[26.49544514,60.99065272],[26.53539828,60.93763396],[26.54496825,60.8838187],[26.53861649,60.87185799],[26.46381357,60.87724491],[26.45999189,60.87354587],[26.51139239,60.84061533],[26.452758,60.81661501],[26.37885634,60.80553695],[26.39688878,60.7794064],[26.36839335,60.7687797],[26.37442466,60.76110868],[26.30507731,60.75334125],[26.30013052,60.74920561],[26.30045532,60.7309506],[26.3314679,60.71188897],[26.3250744,60.69666047],[26.33844821,60.67582716],[26.36208217,60.66822393],[26.34710468,60.66135799],[26.4313951,60.64955127],[26.45845324,60.6390821],[26.4818476,60.61425312],[26.48345131,60.59685153],[26.53866194,60.59517403],[26.54429215,60.55490657],[26.50061376,60.5454413],[26.511203,60.52731408],[26.44783952,60.492419],[26.45315532,60.4861319],[26.46613599,60.48728181],[26.48483624,60.46553219],[26.51829343,60.44787828],[26.53235061,60.45231746],[26.55929693,60.43187929],[26.57109882,60.43127109],[26.56082621,60.45100421],[26.56375924,60.45592199],[26.62284754,60.4604548],[26.63858856,60.4556622],[26.65397326,60.43239747],[26.67125805,60.42628818],[26.67474562,60.42482524]]],[[[27.07015596,60.42469211],[27.06408693,60.44023214],[27.05682616,60.43524762],[27.06788805,60.42489402],[27.07015596,60.42469211]]],[[[27.46229083,60.42316164],[27.46094025,60.4283943],[27.46940688,60.43147561],[27.46395902,60.43404377],[27.44859145,60.42974648],[27.45880693,60.42349679],[27.46229083,60.42316164]]],[[[26.90658285,60.41682521],[26.9108462,60.41952911],[26.90399204,60.4243724],[26.91886844,60.42067542],[26.92555163,60.42450881],[26.91712662,60.42803922],[26.9287634,60.43144883],[26.9188316,60.43202383],[26.9193181,60.44563144],[26.89171052,60.45522231],[26.8913535,60.46302699],[26.88204551,60.46812299],[26.8656675,60.4622559],[26.87086083,60.4506637],[26.84374136,60.44786758],[26.85049603,60.44075949],[26.84582827,60.43406717],[26.88632078,60.43280948],[26.88619171,60.42574341],[26.89799111,60.4217828],[26.90658285,60.41682521]]],[[[27.02651973,60.41285833],[27.03295552,60.41700704],[27.0198583,60.42352497],[27.03514899,60.42543782],[27.03082099,60.436629],[27.04235052,60.43875698],[27.02973251,60.44464867],[27.03689565,60.45125137],[27.03312408,60.457569],[27.00778236,60.4510605],[27.00935498,60.43885895],[26.99725131,60.4403813],[26.98888139,60.43281391],[27.00198303,60.42578011],[27.00708187,60.4152172],[27.0145059,60.4152345],[27.02651973,60.41285833]]],[[[27.10842822,60.40997838],[27.11845061,60.41454209],[27.11515657,60.4239517],[27.10863964,60.41264325],[27.10842822,60.40997838]]],[[[27.08007404,60.40849968],[27.0763327,60.41845638],[27.06592055,60.42379189],[27.05755524,60.42224032],[27.07597669,60.40882719],[27.08007404,60.40849968]]],[[[26.73386443,60.4064242],[26.73363479,60.42262402],[26.76208581,60.42357085],[26.74116731,60.43693512],[26.73731912,60.43280758],[26.74176872,60.42870361],[26.72895972,60.42832576],[26.72219103,60.41400343],[26.73027009,60.40724424],[26.73386443,60.4064242]]],[[[26.98902004,60.40652646],[26.99591797,60.40939918],[26.98317796,60.426996],[26.97751639,60.42432759],[26.98527759,60.40727524],[26.98902004,60.40652646]]],[[[27.39677416,60.40477898],[27.40047926,60.40854636],[27.39117086,60.4146073],[27.38325996,60.41153502],[27.39246032,60.4061305],[27.39677416,60.40477898]]],[[[27.42213617,60.39660968],[27.42469332,60.40004829],[27.41637577,60.4044154],[27.42665634,60.40839954],[27.42329604,60.41665057],[27.40470225,60.40613087],[27.41987435,60.39780423],[27.42213617,60.39660968]]],[[[26.6974549,60.39000275],[26.70157299,60.39709487],[26.68637855,60.40468105],[26.68047251,60.39867551],[26.69478913,60.39576568],[26.69410805,60.39008628],[26.6974549,60.39000275]]],[[[27.42682822,60.38112734],[27.4417556,60.3878656],[27.42787298,60.39147612],[27.42456197,60.38220007],[27.42682822,60.38112734]]],[[[26.54613633,60.37477154],[26.5506613,60.37719285],[26.54559029,60.3804984],[26.55506627,60.38154195],[26.54357117,60.39625541],[26.54862416,60.40102771],[26.57856311,60.40373418],[26.58218629,60.41155633],[26.59133089,60.4069121],[26.62617952,60.41724501],[26.65929255,60.41647233],[26.6475266,60.43298776],[26.59744906,60.44755437],[26.57342656,60.43570679],[26.58694524,60.42293055],[26.56026825,60.42059484],[26.54678014,60.40731255],[26.50452147,60.4189948],[26.50475859,60.40704914],[26.51357058,60.40141019],[26.5089016,60.39927324],[26.53784359,60.3832523],[26.54068076,60.37542525],[26.54613633,60.37477154]]],[[[27.05344733,60.37173588],[27.06711321,60.37588933],[27.06025554,60.39475918],[27.07033533,60.3981277],[27.06203289,60.40442039],[27.01234532,60.40741343],[27.03709552,60.37494602],[27.04698615,60.37414153],[27.05344733,60.37173588]]],[[[26.6285448,60.36596641],[26.65268379,60.37333151],[26.65852569,60.37713678],[26.65262605,60.38025182],[26.6235917,60.37184284],[26.62366069,60.36598165],[26.6285448,60.36596641]]],[[[26.5979854,60.35576169],[26.61011079,60.36197999],[26.59942538,60.37221299],[26.59497731,60.35632662],[26.5979854,60.35576169]]],[[[26.77869288,60.34460373],[26.78485046,60.3577929],[26.76090233,60.37135609],[26.74509462,60.36252033],[26.77578392,60.34541005],[26.77869288,60.34460373]]],[[[26.81400453,60.30761267],[26.81378334,60.31513884],[26.80104755,60.31502406],[26.8113341,60.3081846],[26.81400453,60.30761267]]],[[[27.13787991,60.28091753],[27.15336631,60.2903756],[27.14310452,60.29143474],[27.13378401,60.28279214],[27.13787991,60.28091753]]],[[[27.30383729,60.27531066],[27.31564131,60.27969696],[27.30762295,60.28437753],[27.29544156,60.28142105],[27.30063077,60.27606964],[27.30383729,60.27531066]]]]}},{"type":"Feature","id":"09","properties":{"code":"09","nameFi":"Etelä-Karjala","nameSv":"Södra Karelen","nameEn":"South Karelia","year":2026},"geometry":{"type":"MultiPolygon","coordinates":[[[[27.95147098,60.66715534],[27.99128251,60.66898492],[28.13546677,60.74086777],[28.17428175,60.77861803],[28.22050005,60.78279329],[28.31191052,60.84126787],[28.32427602,60.85787518],[28.33584596,60.85424891],[28.48367691,60.92900425],[28.52460578,60.95710513],[28.65500104,60.94949981],[28.68403329,60.97894018],[28.71384661,61.04446344],[28.80739087,61.09601089],[28.81910181,61.12157673],[28.88353372,61.14233179],[28.95685716,61.15155036],[28.98566887,61.17381195],[29.24482832,61.27069048],[29.24134551,61.27605778],[29.26553693,61.29164179],[29.32224925,61.34752325],[29.50310039,61.4612774],[29.49624671,61.49189944],[29.59167221,61.49556622],[29.64523368,61.5201553],[29.64320688,61.52609605],[29.74053689,61.57575532],[29.75463897,61.60310018],[29.81028204,61.63555794],[29.81867805,61.65517292],[30.03810265,61.76539763],[30.07129641,61.81891705],[30.14391463,61.85229192],[30.1335789,61.8643154],[30.08241759,61.85320907],[29.55927164,61.72207283],[29.54899712,61.69007498],[29.53834687,61.68389443],[29.40419875,61.65386806],[29.29487819,61.59700068],[29.26156801,61.55776951],[29.2203094,61.56006444],[29.04901405,61.53369843],[28.95605018,61.54066419],[28.88673035,61.52730522],[28.81177769,61.53577695],[28.81786588,61.51428441],[28.81417873,61.50158291],[28.79271717,61.49525858],[28.79144052,61.47775769],[28.71964883,61.48317752],[28.68419008,61.47674249],[28.67807801,61.46833127],[28.64859973,61.46492596],[28.52342078,61.47777433],[28.5253999,61.49810588],[28.49082951,61.51344458],[28.46292673,61.49902532],[28.44993427,61.51080121],[28.44005671,61.51155019],[28.41947016,61.48461426],[28.42662029,61.45684406],[28.3540145,61.43809423],[28.34236157,61.43171174],[28.33983686,61.4162761],[28.30767539,61.41689559],[28.28552029,61.39117166],[28.25219792,61.37968657],[28.05985668,61.35554627],[27.93115528,61.35039292],[27.85578319,61.35123968],[27.79260651,61.36207843],[27.75446149,61.32905031],[27.69626491,61.32979156],[27.6467337,61.34388947],[27.59554321,61.34316818],[27.59117696,61.33812136],[27.59649658,61.32677288],[27.61373981,61.31746452],[27.60832278,61.30795208],[27.59208598,61.31083625],[27.58431078,61.29982277],[27.55735055,61.303566],[27.54281821,61.28921425],[27.56989024,61.28090199],[27.5964406,61.28083561],[27.57704879,61.26320083],[27.54388642,61.25669773],[27.50756827,61.26980411],[27.43029948,61.2716431],[27.43887488,61.2558833],[27.43328073,61.2476918],[27.37455289,61.24814469],[27.36434408,61.23934922],[27.38782474,61.2022518],[27.35877963,61.19494968],[27.36219531,61.17949979],[27.35550404,61.17354613],[27.31550934,61.16808848],[27.30196338,61.17721352],[27.26910614,61.16561909],[27.20582011,61.16247141],[27.2182962,61.14278523],[27.18687115,61.12106903],[27.18540549,61.11185819],[27.17669445,61.10694302],[27.21345004,61.10326273],[27.22848998,61.09020228],[27.18500843,61.08604722],[27.15288246,61.07079978],[27.1468736,61.04790785],[27.15952385,61.0277383],[27.14115344,61.01054789],[27.17330574,60.9979851],[27.19296288,61.00766237],[27.2072214,60.9997089],[27.21918038,60.96980373],[27.24832453,60.97031327],[27.24166253,60.96348062],[27.18486216,60.95085997],[27.1525854,60.95312056],[27.12943458,60.9668943],[27.12106943,60.9640195],[27.13611047,60.95124727],[27.21322432,60.90404989],[27.37262169,60.87899313],[27.45283931,60.82058819],[27.50471649,60.79923219],[27.5496642,60.79783453],[27.60604327,60.80583739],[27.6782158,60.80164165],[27.71388375,60.79533163],[27.71042683,60.78994574],[27.72753856,60.76279427],[27.75133958,60.75757892],[27.77327085,60.75889583],[27.79292334,60.76920302],[27.85115206,60.76516591],[27.85930128,60.74105182],[27.88057519,60.71336817],[27.90192916,60.69638513],[27.95272774,60.68598401],[27.95714264,60.67736576],[27.95147098,60.66715534]]]]}},{"type":"Feature","id":"10","properties":{"code":"10","nameFi":"Etelä-Savo","nameSv":"Södra Savolax","nameEn":"South Savo","year":2026},"geometry":{"type":"MultiPolygon","coordinates":[[[[27.0311675,61.15206131],[27.09631523,61.15534135],[27.12088952,61.16441062],[27.26910614,61.16561909],[27.30196338,61.17721352],[27.31550934,61.16808848],[27.35550404,61.17354613],[27.36219531,61.17949979],[27.35877963,61.19494968],[27.38782474,61.2022518],[27.36434408,61.23934922],[27.37455289,61.24814469],[27.43328073,61.2476918],[27.43887488,61.2558833],[27.43029948,61.2716431],[27.50756827,61.26980411],[27.54388642,61.25669773],[27.57704879,61.26320083],[27.5964406,61.28083561],[27.56989024,61.28090199],[27.54281821,61.28921425],[27.55735055,61.303566],[27.58431078,61.29982277],[27.59208598,61.31083625],[27.60832278,61.30795208],[27.61373981,61.31746452],[27.59649658,61.32677288],[27.59117696,61.33812136],[27.59554321,61.34316818],[27.6467337,61.34388947],[27.69626491,61.32979156],[27.75446149,61.32905031],[27.79260651,61.36207843],[27.85578319,61.35123968],[27.93115528,61.35039292],[28.05985668,61.35554627],[28.25219792,61.37968657],[28.28552029,61.39117166],[28.30767539,61.41689559],[28.33983686,61.4162761],[28.34236157,61.43171174],[28.3540145,61.43809423],[28.42662029,61.45684406],[28.41947016,61.48461426],[28.44005671,61.51155019],[28.44993427,61.51080121],[28.46292673,61.49902532],[28.49082951,61.51344458],[28.5253999,61.49810588],[28.52342078,61.47777433],[28.57743715,61.47569308],[28.58856598,61.46845024],[28.64859973,61.46492596],[28.67807801,61.46833127],[28.68419008,61.47674249],[28.71964883,61.48317752],[28.79144052,61.47775769],[28.79271717,61.49525858],[28.81417873,61.50158291],[28.81786588,61.51428441],[28.81177769,61.53577695],[28.88673035,61.52730522],[28.95605018,61.54066419],[29.04901405,61.53369843],[29.2203094,61.56006444],[29.26156801,61.55776951],[29.29487819,61.59700068],[29.40419875,61.65386806],[29.53834687,61.68389443],[29.54899712,61.69007498],[29.55927164,61.72207283],[29.57071949,61.73606556],[29.63836783,61.76063426],[29.67586155,61.79173978],[29.68957162,61.8202948],[29.68834024,61.83769747],[29.66541487,61.85508086],[29.69682563,61.86439821],[29.61486346,61.91332911],[29.61621925,61.93572733],[29.66037253,61.97689975],[29.56643816,62.02482498],[29.57244673,62.03012547],[29.50933356,62.03829198],[29.48233314,62.05668661],[29.45952411,62.08115746],[29.40726778,62.20178495],[29.43008176,62.23652899],[29.39403733,62.25035101],[29.30751648,62.33432951],[29.29596533,62.38672779],[29.26770794,62.40768521],[29.23080859,62.41775702],[29.1991848,62.40198987],[29.1742464,62.40741999],[29.16078822,62.39795703],[29.18356251,62.36867594],[29.18362659,62.36280297],[29.15953364,62.3558893],[29.1593828,62.34315299],[29.16823997,62.33205016],[29.12436212,62.32651957],[29.08945171,62.34297758],[29.04091093,62.32116134],[29.00510026,62.32743024],[28.9852605,62.31061393],[28.95995484,62.30944804],[28.95138459,62.29921703],[28.97203971,62.29057898],[28.96145692,62.28572647],[28.9477238,62.29229318],[28.93506961,62.28601409],[28.95089655,62.27682836],[28.92669922,62.25701979],[28.88862869,62.26368704],[28.85972877,62.25288218],[28.8476834,62.26434559],[28.8143611,62.26778395],[28.79026273,62.27782156],[28.77931067,62.29336308],[28.75283539,62.2867605],[28.74671247,62.2532927],[28.79403656,62.21058388],[28.7796675,62.20492443],[28.73802409,62.21703577],[28.71585486,62.23548995],[28.70182082,62.22375779],[28.65997067,62.23921329],[28.65280824,62.23132303],[28.65830234,62.20376668],[28.6315913,62.20964208],[28.62956089,62.20101224],[28.65166699,62.19118702],[28.6420266,62.17496815],[28.65224368,62.1699516],[28.62776092,62.16678501],[28.63157961,62.15644314],[28.61299508,62.15797141],[28.62351719,62.14268741],[28.61618564,62.14100792],[28.56245808,62.17037544],[28.55350118,62.18500549],[28.54068624,62.18977741],[28.52354831,62.18487534],[28.50447511,62.20152298],[28.47076899,62.20125368],[28.32760077,62.22223001],[28.3047533,62.23213591],[28.26442306,62.22908114],[28.25699432,62.21896506],[28.22581154,62.21058248],[28.18121644,62.22830568],[28.10830485,62.226354],[28.05988706,62.24355365],[28.04892182,62.2352927],[28.06883169,62.23001517],[28.09205907,62.20881378],[28.02696975,62.20530415],[28.02684517,62.1703782],[28.08008766,62.11643784],[28.04177709,62.11305045],[28.01466117,62.09742422],[27.98248968,62.10529555],[27.97418882,62.10068529],[27.99859134,62.08607197],[27.9895023,62.07541889],[28.00740338,62.06807351],[27.99866439,62.06148016],[27.94673857,62.08814596],[27.92698392,62.08235136],[27.94472326,62.05863413],[27.93409539,62.05053712],[27.91398104,62.05250099],[27.8613217,62.03909627],[27.88633769,62.01493214],[27.87184874,62.00646183],[27.85133693,62.0143393],[27.79360807,61.98775915],[27.76882723,62.00166167],[27.69985532,62.00855406],[27.61578379,62.0505533],[27.63897411,62.0643304],[27.61410192,62.07632886],[27.64582902,62.08801287],[27.62519604,62.10286134],[27.64099181,62.10754127],[27.62457109,62.11569301],[27.63914541,62.12383779],[27.61832268,62.14349986],[27.63093391,62.15020689],[27.60157189,62.15707263],[27.56616412,62.14764238],[27.54789204,62.17196366],[27.54598488,62.19003417],[27.50144975,62.2337735],[27.53272929,62.22687042],[27.56356367,62.22937828],[27.49372455,62.27478981],[27.51867752,62.28759005],[27.54956842,62.28326864],[27.55627526,62.27714949],[27.58809656,62.29041044],[27.60589422,62.27848003],[27.63188706,62.2829631],[27.62681112,62.30467222],[27.64772797,62.32056469],[27.69295688,62.33303485],[27.67545557,62.3521498],[27.6919111,62.37475951],[27.6855823,62.38862593],[27.65255124,62.39981284],[27.62990158,62.41963988],[27.57257253,62.44805732],[27.46465295,62.47084009],[27.45947041,62.48400271],[27.44127492,62.48501329],[27.40850882,62.50388615],[27.38559851,62.50546543],[27.3842927,62.51428613],[27.36356286,62.53001764],[27.3445096,62.52287903],[27.34741672,62.50845277],[27.33772631,62.49711106],[27.30252827,62.4858881],[27.28380119,62.46219087],[27.26777532,62.46282796],[27.25069254,62.47981809],[27.22490605,62.48003648],[27.18936799,62.47014558],[27.1954608,62.455952],[27.16668753,62.4592209],[27.17021201,62.47614768],[27.1140571,62.5062135],[27.10214801,62.48476708],[27.08141594,62.48852687],[27.06128955,62.47132345],[26.99714605,62.46950903],[26.97051201,62.48904842],[26.95223678,62.48145601],[26.95119152,62.47553967],[26.97184778,62.45427825],[26.95143553,62.4426354],[26.93629577,62.45680113],[26.88392484,62.47760194],[26.87947801,62.48551267],[26.83343502,62.46822556],[26.81676923,62.45407327],[26.83255904,62.44297873],[26.76066043,62.42399867],[26.7091253,62.45294794],[26.69801441,62.4452163],[26.70549759,62.42702283],[26.680533,62.40382289],[26.77612478,62.35411026],[26.6690442,62.34186159],[26.66199909,62.32696674],[26.68316056,62.30772638],[26.61077902,62.29497925],[26.63253715,62.28338438],[26.62872456,62.2655993],[26.64048752,62.24771893],[26.63861756,62.23894006],[26.6486696,62.23426887],[26.65263159,62.21692754],[26.62688938,62.21136665],[26.61409241,62.21705983],[26.54403392,62.26562678],[26.47835658,62.24697064],[26.49630221,62.22890105],[26.46847505,62.21767533],[26.44957599,62.21265004],[26.43502077,62.22639566],[26.41458275,62.21889117],[26.41481177,62.20785812],[26.36512707,62.20709569],[26.33015525,62.19283806],[26.31594811,62.2004707],[26.22072254,62.11856172],[26.41459035,61.97288555],[26.33421257,61.95077066],[26.33175107,61.93055405],[26.34092673,61.92610112],[26.34300381,61.90073093],[26.32429221,61.88003399],[26.3780901,61.88306762],[26.37106511,61.87046842],[26.38910241,61.85415263],[26.37734971,61.84605521],[26.37398916,61.82796539],[26.37922336,61.82288355],[26.36718131,61.80787348],[26.42577693,61.79629285],[26.48422222,61.75068315],[26.53375147,61.69132815],[26.52482124,61.67546543],[26.51545804,61.62705648],[26.37718876,61.65780527],[26.37869782,61.64948545],[26.34888385,61.63440722],[26.35478994,61.62192764],[26.31503915,61.60844944],[26.31965919,61.57197157],[26.30137001,61.57850897],[26.26123667,61.57987985],[26.28355116,61.55347738],[26.29940854,61.54505763],[26.29246202,61.52498783],[26.26849954,61.52405697],[26.25610998,61.50927583],[26.28663493,61.48191252],[26.29325077,61.46435345],[26.24366417,61.44645121],[26.26484934,61.42583083],[26.31971684,61.39871749],[26.28652955,61.37629606],[26.28753445,61.36633195],[26.31823806,61.37090473],[26.31581674,61.35984631],[26.39956965,61.32202078],[26.48307142,61.32283654],[26.50461058,61.28031167],[26.51366287,61.27432642],[26.54957783,61.27701877],[26.5617117,61.27055062],[26.62913899,61.29257891],[26.67110157,61.24359059],[26.62987814,61.22103498],[26.66131779,61.20687905],[26.74544521,61.22968339],[26.76055114,61.23961555],[26.77336079,61.25854305],[26.77194156,61.26615505],[26.78182279,61.26998884],[26.88121925,61.28520396],[26.87802417,61.27814496],[26.89672354,61.24409288],[26.89082707,61.24244961],[26.92075858,61.22574934],[26.92952756,61.21003721],[26.91213304,61.18316155],[26.96088921,61.17044306],[27.0311675,61.15206131]]]]}},{"type":"Feature","id":"11","properties":{"code":"11","nameFi":"Pohjois-Savo","nameSv":"Norra Savolax","nameEn":"North Savo","year":2026},"geometry":{"type":"MultiPolygon","coordinates":[[[[27.79360807,61.98775915],[27.85133693,62.0143393],[27.87184874,62.00646183],[27.88633769,62.01493214],[27.8613217,62.03909627],[27.91398104,62.05250099],[27.93409539,62.05053712],[27.94472326,62.05863413],[27.92698392,62.08235136],[27.94673857,62.08814596],[27.99866439,62.06148016],[28.00740338,62.06807351],[27.9895023,62.07541889],[27.99859134,62.08607197],[27.97418882,62.10068529],[27.98248968,62.10529555],[28.01466117,62.09742422],[28.04177709,62.11305045],[28.08008766,62.11643784],[28.02684517,62.1703782],[28.02696975,62.20530415],[28.09205907,62.20881378],[28.06883169,62.23001517],[28.04892182,62.2352927],[28.05988706,62.24355365],[28.10830485,62.226354],[28.18121644,62.22830568],[28.22581154,62.21058248],[28.25699432,62.21896506],[28.26442306,62.22908114],[28.3047533,62.23213591],[28.32760077,62.22223001],[28.47076899,62.20125368],[28.50447511,62.20152298],[28.52354831,62.18487534],[28.54068624,62.18977741],[28.55350118,62.18500549],[28.56245808,62.17037544],[28.61618564,62.14100792],[28.62351719,62.14268741],[28.61299508,62.15797141],[28.63157961,62.15644314],[28.62776092,62.16678501],[28.65224368,62.1699516],[28.6420266,62.17496815],[28.65166699,62.19118702],[28.62956089,62.20101224],[28.6315913,62.20964208],[28.65830234,62.20376668],[28.65280824,62.23132303],[28.58307248,62.26947839],[28.56245869,62.29436997],[28.55130121,62.29236416],[28.49917646,62.31639774],[28.4744773,62.31833823],[28.48234565,62.31143066],[28.43792646,62.31684349],[28.42298416,62.32885962],[28.43776085,62.34633644],[28.43390786,62.34856822],[28.39813209,62.35730508],[28.31500424,62.35455265],[28.32343612,62.3580219],[28.31880062,62.36801158],[28.32899226,62.3780752],[28.28423548,62.39326453],[28.28501462,62.41236329],[28.24477166,62.4240459],[28.25078054,62.4314797],[28.29737034,62.44189793],[28.30040685,62.45047867],[28.29472708,62.45705029],[28.27677751,62.46241946],[28.28641681,62.47314658],[28.38186558,62.46163577],[28.39340454,62.48489158],[28.36777127,62.50329509],[28.37522201,62.51027305],[28.38765531,62.50875542],[28.40282076,62.52887208],[28.40547561,62.53730536],[28.39755486,62.55584294],[28.4091863,62.56890845],[28.40107281,62.57504661],[28.47745414,62.56575747],[28.52077387,62.5484568],[28.54546156,62.56838144],[28.46697302,62.58316268],[28.48684378,62.58850243],[28.5367394,62.58415206],[28.56076435,62.59699488],[28.57767212,62.5800921],[28.62419601,62.5997102],[28.62597355,62.60609987],[28.59870253,62.61043998],[28.63374156,62.62117601],[28.6428815,62.64894722],[28.65514955,62.6570217],[28.65502138,62.66826896],[28.70287954,62.69426112],[28.64401831,62.72820155],[28.63270643,62.74397736],[28.64256438,62.76078597],[28.68056418,62.77632124],[28.71701221,62.77332522],[28.74769246,62.79910919],[28.74441185,62.81237697],[28.79009325,62.83379658],[28.80948861,62.83012864],[28.84815569,62.80845444],[28.90083002,62.79537484],[28.89865916,62.78969428],[28.93052712,62.77462625],[28.9428711,62.77489681],[28.9662292,62.80299681],[29.09760216,62.84558957],[29.0102947,62.87352199],[28.98950273,62.89637318],[28.93861825,62.91593107],[28.93090991,62.93662013],[28.96325494,62.92490099],[28.99574098,62.9276393],[28.99091093,62.94216075],[28.96278123,62.94580727],[28.9773585,62.95511756],[28.97177415,62.95875885],[29.06753588,62.98418642],[29.03800834,63.01085247],[28.86102087,63.05702972],[28.83133194,63.09390355],[28.707479,63.1704161],[28.69801749,63.18310923],[28.61080413,63.20383534],[28.66148141,63.24166211],[28.64793609,63.25013377],[28.70713636,63.27217636],[28.70294672,63.28426988],[28.68353318,63.28402877],[28.73676392,63.31135744],[28.75952582,63.38780887],[28.66611115,63.42319414],[28.64968713,63.47218709],[28.60345853,63.5274556],[28.61358594,63.53985706],[28.63677514,63.54813625],[28.65051017,63.54033089],[28.68494635,63.55266739],[28.66850905,63.56120523],[28.65990975,63.55808922],[28.61841139,63.56726355],[28.60674884,63.5754417],[28.58584807,63.65910595],[28.60646369,63.6746597],[28.58477487,63.68833188],[28.55090009,63.70062615],[28.46122732,63.69860802],[28.42415503,63.72651007],[28.35959019,63.75475264],[28.27391502,63.6688115],[28.20126418,63.70955315],[28.14463209,63.72468689],[28.06094916,63.78145759],[27.9102601,63.85209989],[27.89279256,63.84911122],[27.74503077,63.90837667],[27.66386008,63.92301975],[27.65029438,63.91874501],[27.54059677,63.95643282],[27.4777652,63.96147773],[27.49702558,63.94970331],[27.44949429,63.94438118],[27.42850667,63.94786505],[27.41867153,63.96639479],[27.26111401,63.98933511],[27.13123456,63.99762758],[27.11927114,63.9907794],[27.01254508,63.99895875],[26.87040219,64.03697385],[26.59795157,63.97949494],[26.21813091,63.83162927],[26.24281751,63.80659323],[26.29180374,63.58994771],[26.19521239,63.56930277],[26.18621576,63.49896419],[26.13863975,63.45758802],[26.17671192,63.43886163],[26.1206615,63.40602276],[26.07054061,63.35477976],[26.08680007,63.35374174],[26.12881146,63.33020076],[26.14189095,63.27470442],[26.17585613,63.24137923],[26.1848672,63.21319332],[26.1477278,63.21004256],[26.16351306,63.14704122],[26.19170489,63.13147527],[26.19291554,63.1188354],[26.20772355,63.11067534],[26.21893632,63.08962568],[26.24370859,63.07077402],[26.32951,63.04289505],[26.33427411,63.03508951],[26.23891982,63.04391618],[26.2225732,63.02587395],[26.28979525,62.98228351],[26.33255145,62.98356941],[26.31412404,62.95867017],[26.27266686,62.92506039],[26.26641514,62.93452394],[26.22212302,62.95440007],[26.12431343,62.95294519],[26.08972748,62.94015741],[26.03983779,62.93611055],[26.06824224,62.88940807],[26.16539973,62.87252663],[26.18883051,62.86192097],[26.15177406,62.84684103],[26.18954405,62.82383433],[26.21075242,62.8306764],[26.22296776,62.82567485],[26.35616094,62.74740993],[26.40569094,62.76768289],[26.39345955,62.77533536],[26.39916293,62.77828808],[26.44656023,62.78917315],[26.52921859,62.72230665],[26.52606213,62.71582159],[26.56222081,62.68170347],[26.56960776,62.65343679],[26.59130409,62.64165143],[26.59838628,62.6107726],[26.5763195,62.60403847],[26.59908838,62.59445145],[26.57242579,62.58852706],[26.55615203,62.56201],[26.50813936,62.53314218],[26.48321527,62.53236425],[26.4706958,62.51892049],[26.57785547,62.47856507],[26.63311343,62.45076946],[26.68484259,62.46339677],[26.76066043,62.42399867],[26.83255904,62.44297873],[26.81676923,62.45407327],[26.83343502,62.46822556],[26.87947801,62.48551267],[26.88392484,62.47760194],[26.93629577,62.45680113],[26.95143553,62.4426354],[26.97184778,62.45427825],[26.95119152,62.47553967],[26.95223678,62.48145601],[26.97051201,62.48904842],[26.99714605,62.46950903],[27.06128955,62.47132345],[27.08141594,62.48852687],[27.10214801,62.48476708],[27.1140571,62.5062135],[27.17021201,62.47614768],[27.16668753,62.4592209],[27.1954608,62.455952],[27.18936799,62.47014558],[27.22490605,62.48003648],[27.25069254,62.47981809],[27.26777532,62.46282796],[27.28380119,62.46219087],[27.30252827,62.4858881],[27.33772631,62.49711106],[27.34741672,62.50845277],[27.3445096,62.52287903],[27.36356286,62.53001764],[27.3842927,62.51428613],[27.38559851,62.50546543],[27.40850882,62.50388615],[27.44127492,62.48501329],[27.45947041,62.48400271],[27.46465295,62.47084009],[27.57257253,62.44805732],[27.62990158,62.41963988],[27.65255124,62.39981284],[27.6855823,62.38862593],[27.6919111,62.37475951],[27.67545557,62.3521498],[27.69295688,62.33303485],[27.64772797,62.32056469],[27.62681112,62.30467222],[27.63188706,62.2829631],[27.60589422,62.27848003],[27.58809656,62.29041044],[27.55627526,62.27714949],[27.54956842,62.28326864],[27.51867752,62.28759005],[27.49372455,62.27478981],[27.56356367,62.22937828],[27.53272929,62.22687042],[27.50144975,62.2337735],[27.54598488,62.19003417],[27.54789204,62.17196366],[27.56616412,62.14764238],[27.60157189,62.15707263],[27.63093391,62.15020689],[27.61832268,62.14349986],[27.63914541,62.12383779],[27.62457109,62.11569301],[27.64099181,62.10754127],[27.62519604,62.10286134],[27.64582902,62.08801287],[27.61410192,62.07632886],[27.63897411,62.0643304],[27.61578379,62.0505533],[27.69985532,62.00855406],[27.76882723,62.00166167],[27.79360807,61.98775915]]]]}},{"type":"Feature","id":"12","properties":{"code":"12","nameFi":"Pohjois-Karjala","nameSv":"Norra Karelen","nameEn":"North Karelia","year":2026},"geometry":{"type":"MultiPolygon","coordinates":[[[[29.55927164,61.72207283],[30.08241759,61.85320907],[30.1335789,61.8643154],[30.14391463,61.85229192],[30.19618137,61.88221243],[30.19409354,61.89128767],[30.21139086,61.8927078],[30.2741668,61.93364416],[30.30074071,61.93497176],[30.31278886,61.94498104],[30.30590657,61.9644579],[30.35165936,61.98000654],[30.60285921,62.14177203],[30.63577179,62.17365032],[30.62867456,62.18877577],[30.65704952,62.20890381],[30.7203022,62.20887615],[30.80869321,62.26101536],[30.81081276,62.27066904],[30.83410704,62.27550596],[30.90419488,62.31053954],[30.94320926,62.30584784],[30.95487488,62.31258171],[30.96207588,62.32771867],[30.94273084,62.33321364],[31.13814061,62.4421704],[31.16275207,62.44606466],[31.17333078,62.48190259],[31.18489343,62.49377741],[31.22161848,62.49857388],[31.34516699,62.64008998],[31.37329323,62.64981384],[31.3762796,62.66945641],[31.38525834,62.67504566],[31.38032539,62.68993258],[31.43920795,62.78488275],[31.46666724,62.78394348],[31.45564346,62.79677383],[31.58670344,62.90870693],[31.50213961,62.99625125],[31.44876587,63.00605549],[31.46298336,63.0242467],[31.4250105,63.04326344],[31.38734668,63.04933408],[31.36087733,63.07224213],[31.29356531,63.09405539],[31.27212703,63.10762809],[31.25543155,63.14183188],[31.25484713,63.17865179],[31.24392684,63.18298746],[31.23824468,63.19513326],[31.23983476,63.21887426],[31.16461985,63.2440908],[31.13750284,63.26519438],[31.10184932,63.27093668],[31.02067565,63.30323128],[30.97916615,63.30777279],[30.94401822,63.33668084],[30.93442158,63.35549734],[30.85014932,63.36845089],[30.78769152,63.40527549],[30.48400795,63.4667034],[30.38453659,63.54550911],[30.2582144,63.58394703],[30.244149,63.60727228],[30.07296645,63.6947396],[30.06050089,63.70378624],[30.06483731,63.70795153],[29.97189359,63.75716535],[29.87466483,63.74920568],[29.77568902,63.70335639],[29.72268884,63.74803151],[29.68252613,63.87894234],[29.31142093,63.85279993],[28.88513706,63.835837],[28.50077086,63.88241469],[28.45996128,63.87111725],[28.47374757,63.85840225],[28.35959019,63.75475264],[28.42415503,63.72651007],[28.46122732,63.69860802],[28.55090009,63.70062615],[28.58477487,63.68833188],[28.60646369,63.6746597],[28.58584807,63.65910595],[28.60674884,63.5754417],[28.61841139,63.56726355],[28.65990975,63.55808922],[28.66850905,63.56120523],[28.68494635,63.55266739],[28.65051017,63.54033089],[28.63677514,63.54813625],[28.61358594,63.53985706],[28.60345853,63.5274556],[28.64968713,63.47218709],[28.66611115,63.42319414],[28.75952582,63.38780887],[28.73676392,63.31135744],[28.68353318,63.28402877],[28.70294672,63.28426988],[28.70713636,63.27217636],[28.64793609,63.25013377],[28.66148141,63.24166211],[28.61080413,63.20383534],[28.69801749,63.18310923],[28.707479,63.1704161],[28.83133194,63.09390355],[28.86102087,63.05702972],[29.03800834,63.01085247],[29.06753588,62.98418642],[28.97177415,62.95875885],[28.9773585,62.95511756],[28.96278123,62.94580727],[28.99091093,62.94216075],[28.99574098,62.9276393],[28.96325494,62.92490099],[28.93090991,62.93662013],[28.93861825,62.91593107],[28.98950273,62.89637318],[29.0102947,62.87352199],[29.09760216,62.84558957],[28.9662292,62.80299681],[28.9428711,62.77489681],[28.93052712,62.77462625],[28.89865916,62.78969428],[28.90083002,62.79537484],[28.84815569,62.80845444],[28.80948861,62.83012864],[28.79009325,62.83379658],[28.74441185,62.81237697],[28.74769246,62.79910919],[28.71701221,62.77332522],[28.68056418,62.77632124],[28.64256438,62.76078597],[28.63270643,62.74397736],[28.64401831,62.72820155],[28.70287954,62.69426112],[28.65502138,62.66826896],[28.65514955,62.6570217],[28.6428815,62.64894722],[28.63374156,62.62117601],[28.59870253,62.61043998],[28.62597355,62.60609987],[28.62419601,62.5997102],[28.57767212,62.5800921],[28.56076435,62.59699488],[28.5367394,62.58415206],[28.48684378,62.58850243],[28.46697302,62.58316268],[28.54546156,62.56838144],[28.52077387,62.5484568],[28.47745414,62.56575747],[28.40107281,62.57504661],[28.4091863,62.56890845],[28.39755486,62.55584294],[28.40547561,62.53730536],[28.40282076,62.52887208],[28.38765531,62.50875542],[28.37522201,62.51027305],[28.36777127,62.50329509],[28.39340454,62.48489158],[28.38186558,62.46163577],[28.28641681,62.47314658],[28.27677751,62.46241946],[28.29472708,62.45705029],[28.30040685,62.45047867],[28.29737034,62.44189793],[28.25078054,62.4314797],[28.24477166,62.4240459],[28.28501462,62.41236329],[28.28423548,62.39326453],[28.32899226,62.3780752],[28.31880062,62.36801158],[28.32343612,62.3580219],[28.31500424,62.35455265],[28.39813209,62.35730508],[28.43390786,62.34856822],[28.43776085,62.34633644],[28.42298416,62.32885962],[28.43792646,62.31684349],[28.48234565,62.31143066],[28.4744773,62.31833823],[28.49917646,62.31639774],[28.55130121,62.29236416],[28.56245869,62.29436997],[28.58307248,62.26947839],[28.65280824,62.23132303],[28.65997067,62.23921329],[28.70182082,62.22375779],[28.71585486,62.23548995],[28.73802409,62.21703577],[28.7796675,62.20492443],[28.79403656,62.21058388],[28.74671247,62.2532927],[28.75283539,62.2867605],[28.77931067,62.29336308],[28.79026273,62.27782156],[28.8143611,62.26778395],[28.8476834,62.26434559],[28.85972877,62.25288218],[28.88862869,62.26368704],[28.92669922,62.25701979],[28.95089655,62.27682836],[28.93506961,62.28601409],[28.9477238,62.29229318],[28.96145692,62.28572647],[28.97203971,62.29057898],[28.95138459,62.29921703],[28.95995484,62.30944804],[28.9852605,62.31061393],[29.00510026,62.32743024],[29.04091093,62.32116134],[29.08945171,62.34297758],[29.12436212,62.32651957],[29.16823997,62.33205016],[29.1593828,62.34315299],[29.15953364,62.3558893],[29.18362659,62.36280297],[29.16078822,62.39795703],[29.1742464,62.40741999],[29.1991848,62.40198987],[29.23080859,62.41775702],[29.26770794,62.40768521],[29.29596533,62.38672779],[29.30751648,62.33432951],[29.39403733,62.25035101],[29.43008176,62.23652899],[29.40726778,62.20178495],[29.45952411,62.08115746],[29.50933356,62.03829198],[29.57244673,62.03012547],[29.56643816,62.02482498],[29.66037253,61.97689975],[29.61621925,61.93572733],[29.61486346,61.91332911],[29.69682563,61.86439821],[29.66541487,61.85508086],[29.68834024,61.83769747],[29.68957162,61.8202948],[29.67586155,61.79173978],[29.63836783,61.76063426],[29.57071949,61.73606556],[29.55927164,61.72207283]]]]}},{"type":"Feature","id":"13","properties":{"code":"13","nameFi":"Keski-Suomi","nameSv":"Mellersta Finland","nameEn":"Central Finland","year":2026},"geometry":{"type":"MultiPolygon","coordinates":[[[[26.31503915,61.60844944],[26.35478994,61.62192764],[26.34888385,61.63440722],[26.37869782,61.64948545],[26.37718876,61.65780527],[26.51545804,61.62705648],[26.52482124,61.67546543],[26.53375147,61.69132815],[26.48422222,61.75068315],[26.42577693,61.79629285],[26.36718131,61.80787348],[26.37922336,61.82288355],[26.37398916,61.82796539],[26.37734971,61.84605521],[26.38910241,61.85415263],[26.37106511,61.87046842],[26.3780901,61.88306762],[26.32429221,61.88003399],[26.34300381,61.90073093],[26.34092673,61.92610112],[26.33175107,61.93055405],[26.33421257,61.95077066],[26.41459035,61.97288555],[26.22072254,62.11856172],[26.31594811,62.2004707],[26.33015525,62.19283806],[26.36512707,62.20709569],[26.41481177,62.20785812],[26.41458275,62.21889117],[26.43502077,62.22639566],[26.44957599,62.21265004],[26.46847505,62.21767533],[26.49630221,62.22890105],[26.47835658,62.24697064],[26.54403392,62.26562678],[26.61409241,62.21705983],[26.62688938,62.21136665],[26.65263159,62.21692754],[26.6486696,62.23426887],[26.63861756,62.23894006],[26.64048752,62.24771893],[26.62872456,62.2655993],[26.63253715,62.28338438],[26.61077902,62.29497925],[26.68316056,62.30772638],[26.66199909,62.32696674],[26.6690442,62.34186159],[26.77612478,62.35411026],[26.680533,62.40382289],[26.70549759,62.42702283],[26.69801441,62.4452163],[26.7091253,62.45294794],[26.68484259,62.46339677],[26.63311343,62.45076946],[26.57785547,62.47856507],[26.4706958,62.51892049],[26.48321527,62.53236425],[26.50813936,62.53314218],[26.55615203,62.56201],[26.57242579,62.58852706],[26.59908838,62.59445145],[26.5763195,62.60403847],[26.59838628,62.6107726],[26.59130409,62.64165143],[26.56960776,62.65343679],[26.56222081,62.68170347],[26.52606213,62.71582159],[26.52921859,62.72230665],[26.44656023,62.78917315],[26.39916293,62.77828808],[26.39345955,62.77533536],[26.40569094,62.76768289],[26.35616094,62.74740993],[26.22296776,62.82567485],[26.21075242,62.8306764],[26.18954405,62.82383433],[26.15177406,62.84684103],[26.18883051,62.86192097],[26.16539973,62.87252663],[26.06824224,62.88940807],[26.03983779,62.93611055],[26.08972748,62.94015741],[26.12431343,62.95294519],[26.22212302,62.95440007],[26.26641514,62.93452394],[26.27266686,62.92506039],[26.31412404,62.95867017],[26.33255145,62.98356941],[26.28979525,62.98228351],[26.2225732,63.02587395],[26.23891982,63.04391618],[26.33427411,63.03508951],[26.32951,63.04289505],[26.24370859,63.07077402],[26.21893632,63.08962568],[26.20772355,63.11067534],[26.19291554,63.1188354],[26.19170489,63.13147527],[26.16351306,63.14704122],[26.1477278,63.21004256],[26.1848672,63.21319332],[26.17585613,63.24137923],[26.14189095,63.27470442],[26.12881146,63.33020076],[26.08680007,63.35374174],[26.07054061,63.35477976],[26.1206615,63.40602276],[26.17671192,63.43886163],[26.13863975,63.45758802],[25.99458983,63.42912039],[25.8928132,63.43965126],[25.80898722,63.49452192],[25.77450278,63.50568461],[25.69824256,63.51995664],[25.54111185,63.52378937],[25.48240771,63.53258064],[25.25109512,63.61229325],[25.14011176,63.57431459],[25.11302704,63.50232614],[25.08187155,63.46716821],[24.90246952,63.43123389],[24.77292097,63.35868414],[24.80360264,63.27593053],[24.75416764,63.2659187],[24.76659287,63.25530448],[24.75181525,63.25197702],[24.76259959,63.21876692],[24.7458424,63.19789813],[24.73161123,63.14703527],[24.77288316,63.13336363],[24.53075118,63.15748061],[24.35900763,63.11642953],[24.31797602,63.06664048],[24.27801668,63.06437538],[24.27205427,63.04826293],[24.27808519,63.0330587],[24.29355094,63.03627983],[24.30859703,63.01848456],[24.29575034,63.01712217],[24.2895171,62.99905504],[24.31106426,62.97727803],[24.33439123,62.9829713],[24.34821973,62.96369857],[24.34297352,62.91771613],[24.43399637,62.90784416],[24.44679079,62.89602357],[24.44843022,62.87098974],[24.34197629,62.85925896],[24.39779733,62.82687851],[24.42879524,62.79694427],[24.48555409,62.74021953],[24.51959193,62.6859783],[24.58216874,62.66478648],[24.51162832,62.63479606],[24.5036392,62.62125632],[24.54104235,62.61624341],[24.57870509,62.62138853],[24.58430595,62.6117157],[24.5536126,62.60797019],[24.56698243,62.58082848],[24.53544005,62.57749571],[24.54546115,62.56138637],[24.5248985,62.55869154],[24.52575189,62.54173874],[24.51841254,62.5400609],[24.53056792,62.52840787],[24.50503951,62.51602781],[24.5135942,62.50314738],[24.49649671,62.49669687],[24.45496273,62.49362522],[24.45182894,62.48474994],[24.42462223,62.47341132],[24.40304493,62.50160186],[24.37965965,62.49350357],[24.37465484,62.50190768],[24.33088323,62.49116719],[24.32116911,62.48232115],[24.33945237,62.46339147],[24.32165874,62.44770133],[24.20128513,62.48265817],[24.01300321,62.36332639],[24.02481307,62.31334799],[24.07583548,62.29695165],[24.08077527,62.27640522],[24.14448327,62.2524998],[24.25273473,62.2523185],[24.29328837,62.19533301],[24.33594797,62.16803971],[24.3891737,62.16641007],[24.42747239,62.15270452],[24.4406654,62.15804717],[24.42696086,62.1729716],[24.49821163,62.19710183],[24.56019641,62.1856501],[24.60172729,62.13937466],[24.67370632,62.11545692],[24.66679191,62.0894626],[24.66834893,62.04937349],[24.70387428,62.04666587],[24.73091348,62.02319177],[24.6864933,62.00295835],[24.62126075,61.99253448],[24.60105203,61.96212705],[24.58346499,61.95164452],[24.55823912,61.951476],[24.52464401,61.90933337],[24.55196096,61.91227491],[24.66665127,61.86298953],[24.72984887,61.81331654],[24.77280346,61.80150068],[24.82071283,61.77013398],[24.81005022,61.76423961],[24.81522676,61.75429743],[24.78347817,61.75885024],[24.77051057,61.76901684],[24.72464868,61.77944276],[24.72158061,61.76341566],[24.74862547,61.71911478],[24.735951,61.69376299],[24.76747116,61.67588764],[24.79137406,61.69039523],[24.85498149,61.67320628],[24.81203398,61.66002373],[24.83374301,61.65000405],[24.88823378,61.64727438],[24.91814,61.63098477],[24.96033447,61.63065268],[24.9489511,61.64104287],[24.96421703,61.66180102],[24.93074453,61.68491635],[24.91346154,61.70647532],[24.95013162,61.74388652],[24.943857,61.75108929],[24.95567408,61.75553451],[24.96662849,61.74480747],[24.95910555,61.72833464],[24.97880034,61.72184712],[25.00350068,61.731259],[24.96163644,61.77654968],[24.97927771,61.78694939],[25.19025318,61.72941268],[25.21856535,61.73673131],[25.23558185,61.72638594],[25.26391759,61.7392072],[25.26824026,61.73681509],[25.26517981,61.72646524],[25.35779512,61.71964738],[25.37284398,61.71307434],[25.39344762,61.72290837],[25.40749884,61.74038149],[25.39609883,61.74484803],[25.41226481,61.75525657],[25.53522096,61.77955941],[25.5008678,61.76298862],[25.49704112,61.70456789],[25.50133331,61.67685865],[25.56702297,61.6735906],[25.60842422,61.68069232],[25.63908327,61.69492397],[25.66437029,61.71588652],[25.74891032,61.70480763],[25.74277359,61.69251375],[25.77117859,61.68506677],[25.83129472,61.76800164],[25.85612924,61.78078238],[25.84495622,61.8014079],[25.88332244,61.794623],[25.85845512,61.76207836],[25.90752366,61.76507064],[25.92163813,61.78734718],[25.94748557,61.77131882],[25.98385248,61.7596],[25.98030774,61.74717438],[25.9975998,61.72894968],[26.01573858,61.7204934],[26.0454885,61.7256856],[26.05247444,61.73834091],[26.08106176,61.70974026],[26.08440183,61.68906966],[26.07038263,61.67242153],[26.10516138,61.64454743],[26.12835691,61.63780126],[26.13834234,61.62984755],[26.13758739,61.61953462],[26.16097247,61.6160516],[26.19181421,61.6500334],[26.22615486,61.64170339],[26.26710292,61.64174402],[26.28307957,61.65670347],[26.30028415,61.6538011],[26.31440591,61.63972193],[26.2994564,61.62738473],[26.31503915,61.60844944]]]]}},{"type":"Feature","id":"14","properties":{"code":"14","nameFi":"Etelä-Pohjanmaa","nameSv":"Södra Österbotten","nameEn":"South Ostrobothnia","year":2026},"geometry":{"type":"MultiPolygon","coordinates":[[[[21.97468637,61.97975961],[22.10839574,62.03184737],[22.19872152,62.10333597],[22.32006402,62.1031057],[22.4504271,62.1984587],[22.50532836,62.21347902],[22.52482868,62.21019282],[22.59174816,62.31112583],[22.74557476,62.2733098],[22.89686915,62.26900579],[23.21782335,62.33416672],[23.2750844,62.40790161],[23.33776362,62.42508345],[23.39010176,62.38920011],[23.42275643,62.37831909],[23.44516605,62.3753811],[23.47503543,62.3826922],[23.5180567,62.36805199],[23.50340731,62.41464022],[23.66371329,62.40863804],[23.7597714,62.45569007],[23.8173958,62.46681511],[23.80382323,62.47796774],[23.83523018,62.49433633],[23.83910752,62.45957915],[23.86818481,62.4602147],[23.86735542,62.48543437],[23.89913725,62.48448779],[23.91209468,62.45754996],[23.90178798,62.43573951],[23.91050335,62.42413249],[23.90735832,62.41403705],[23.92421872,62.39062172],[23.99544891,62.37688618],[24.01300321,62.36332639],[24.20128513,62.48265817],[24.32165874,62.44770133],[24.33945237,62.46339147],[24.32116911,62.48232115],[24.33088323,62.49116719],[24.37465484,62.50190768],[24.37965965,62.49350357],[24.40304493,62.50160186],[24.42462223,62.47341132],[24.45182894,62.48474994],[24.45496273,62.49362522],[24.5135942,62.50314738],[24.50503951,62.51602781],[24.53056792,62.52840787],[24.51841254,62.5400609],[24.52575189,62.54173874],[24.5248985,62.55869154],[24.54546115,62.56138637],[24.53544005,62.57749571],[24.56698243,62.58082848],[24.5536126,62.60797019],[24.58430595,62.6117157],[24.57870509,62.62138853],[24.54104235,62.61624341],[24.5036392,62.62125632],[24.51162832,62.63479606],[24.58216874,62.66478648],[24.51959193,62.6859783],[24.48555409,62.74021953],[24.42879524,62.79694427],[24.39779733,62.82687851],[24.34197629,62.85925896],[24.44843022,62.87098974],[24.44679079,62.89602357],[24.43399637,62.90784416],[24.34297352,62.91771613],[24.34821973,62.96369857],[24.33439123,62.9829713],[24.31106426,62.97727803],[24.2895171,62.99905504],[24.29575034,63.01712217],[24.30859703,63.01848456],[24.29355094,63.03627983],[24.27808519,63.0330587],[24.27205427,63.04826293],[24.27801668,63.06437538],[24.31797602,63.06664048],[24.35900763,63.11642953],[24.30440795,63.14111625],[24.25688621,63.1330175],[24.2031796,63.15486861],[24.17077105,63.14799836],[24.17817331,63.16092474],[24.19711089,63.1588965],[24.23448091,63.17069885],[24.17235769,63.21125856],[24.0970315,63.24501126],[24.01667127,63.26836524],[23.95599855,63.27601581],[23.86202124,63.27758447],[23.77073135,63.31311384],[23.69698894,63.3803207],[23.62539141,63.40103215],[23.55500642,63.44280727],[23.56472858,63.44921787],[23.54396218,63.46753423],[23.41965742,63.48165281],[23.39288859,63.49804668],[23.26463723,63.47005565],[23.20703964,63.39896145],[23.11296562,63.34730256],[23.0771994,63.36920248],[23.03141281,63.36176445],[23.02355426,63.38043389],[22.99515884,63.37804738],[22.99832409,63.37053704],[22.97159968,63.37226566],[22.98069891,63.33039745],[22.90624003,63.35111288],[22.87134174,63.35453344],[22.87432125,63.34625374],[22.8295222,63.34593677],[22.73560838,63.35895936],[22.75110558,63.34451708],[22.64526453,63.31679477],[22.67264271,63.29770721],[22.60687652,63.27910922],[22.5958604,63.28400793],[22.55940168,63.26570317],[22.55693419,63.25528651],[22.56198616,63.24923868],[22.59041784,63.2446024],[22.62853842,63.2099107],[22.59332971,63.20131592],[22.57218672,63.17933996],[22.6171094,63.18621395],[22.63631155,63.15887025],[22.65047387,63.15331137],[22.64767854,63.14640431],[22.65820209,63.13313991],[22.62917907,63.12850375],[22.63029925,63.12340041],[22.64362668,63.12404804],[22.6486193,63.10538611],[22.48554772,63.10006653],[22.31119954,63.05611355],[22.24232257,63.0637265],[22.16538912,63.01875239],[22.15362008,63.0035041],[22.16366439,62.97623228],[22.14397311,62.96310734],[22.20069132,62.92512481],[22.23108723,62.88166886],[22.24899567,62.88001382],[22.25807685,62.84468676],[22.26587644,62.83608921],[22.26531156,62.82147696],[22.28955874,62.79881585],[22.2006773,62.75157423],[22.12424261,62.76732384],[22.12106773,62.76018249],[22.06710826,62.76863478],[22.06323265,62.76345449],[21.8582363,62.81178805],[21.84240029,62.81756326],[21.83096269,62.84536324],[21.77206102,62.86356418],[21.76522555,62.84760427],[21.72877402,62.82107345],[21.72913831,62.7676655],[21.74779717,62.72020303],[21.79096769,62.69422482],[21.65375544,62.63736678],[21.64664508,62.62156597],[21.62535372,62.61071267],[21.59176943,62.60543816],[21.59552654,62.55846843],[21.61480489,62.55430441],[21.54536074,62.4471973],[21.55496051,62.42219923],[21.55162536,62.40932933],[21.55690585,62.40751607],[21.55139477,62.39625158],[21.52348901,62.37956035],[21.54625677,62.3734606],[21.56600919,62.35664856],[21.65014171,62.36731061],[21.68657197,62.35521372],[21.6863343,62.33957393],[21.66306587,62.32899686],[21.68315469,62.31907476],[21.67286038,62.2601128],[21.73639387,62.25772223],[21.74545411,62.25286444],[21.74115748,62.24126976],[21.76751021,62.2226833],[21.71078867,62.21753274],[21.66697138,62.1865102],[21.70437079,62.16670638],[21.69570985,62.14379117],[21.67972771,62.13820499],[21.6417004,62.14944314],[21.64299919,62.11174936],[21.62545931,62.09930499],[21.65084001,62.05928782],[21.62891818,62.0403048],[21.64784794,62.01958504],[21.74940517,62.01586182],[21.97468637,61.97975961]]]]}},{"type":"Feature","id":"15","properties":{"code":"15","nameFi":"Pohjanmaa","nameSv":"Österbotten","nameEn":"Ostrobothnia","year":2026},"geometry":{"type":"MultiPolygon","coordinates":[[[[22.77348778,63.91436804],[22.77658042,63.92036357],[22.76475421,63.92889183],[22.73974102,63.92090412],[22.76034687,63.91620759],[22.77348778,63.91436804]]],[[[22.77738922,63.89446185],[22.78435132,63.89714008],[22.7772257,63.89978285],[22.77888987,63.90444185],[22.76643712,63.90824821],[22.75641374,63.90295878],[22.77104375,63.89501431],[22.77738922,63.89446185]]],[[[22.79304019,63.87899565],[22.79523985,63.88947205],[22.77997289,63.89311228],[22.76299756,63.88955196],[22.78621542,63.8789365],[22.79304019,63.87899565]]],[[[22.82429435,63.8612782],[22.83860018,63.86618556],[22.81415344,63.87001185],[22.80879383,63.86619428],[22.82266343,63.86305291],[22.82429435,63.8612782]]],[[[22.77286431,63.85900075],[22.7767859,63.86461436],[22.77252257,63.87473863],[22.75089776,63.87691389],[22.75455343,63.87010039],[22.74566301,63.87089272],[22.75776429,63.85972737],[22.76719109,63.86034394],[22.77286431,63.85900075]]],[[[22.64486261,63.80840175],[22.65627981,63.82049861],[22.64384272,63.83514184],[22.63365419,63.82912641],[22.63906104,63.8221204],[22.6336816,63.8108427],[22.64031235,63.80988179],[22.64486261,63.80840175]]],[[[22.60610596,63.79463325],[22.60451793,63.7984671],[22.63641761,63.807584],[22.61750931,63.80948936],[22.60224679,63.81893896],[22.5997614,63.8103125],[22.5845972,63.81334444],[22.59804908,63.80192127],[22.59069935,63.79831221],[22.59984855,63.7954999],[22.60610596,63.79463325]]],[[[22.66503907,63.78677977],[22.66546404,63.79484995],[22.67509013,63.79584493],[22.6665158,63.80907093],[22.65125317,63.80872335],[22.65927206,63.79044878],[22.66503907,63.78677977]]],[[[22.64044599,63.7790504],[22.63800704,63.78963249],[22.6219363,63.7950023],[22.62910691,63.78048382],[22.63604258,63.77909373],[22.64044599,63.7790504]]],[[[22.66140585,63.76218069],[22.68274696,63.77757857],[22.65341558,63.7885778],[22.64759553,63.80560936],[22.63254412,63.79648816],[22.6594183,63.77142761],[22.65871594,63.76239933],[22.66140585,63.76218069]]],[[[22.55039828,63.74955768],[22.56804343,63.76380654],[22.56233468,63.76864267],[22.56553691,63.77601616],[22.55220571,63.78190923],[22.55829276,63.76551643],[22.54960208,63.76385643],[22.54860396,63.74960429],[22.55039828,63.74955768]]],[[[22.60926981,63.74984241],[22.61010096,63.75734245],[22.62075315,63.7614694],[22.62025166,63.77118985],[22.64883284,63.77033082],[22.60168114,63.78379051],[22.60858784,63.7925055],[22.5855464,63.79304194],[22.59521253,63.77803049],[22.58094277,63.76254304],[22.60483573,63.75059836],[22.60926981,63.74984241]]],[[[22.62364746,63.74463785],[22.63181184,63.74757433],[22.62147213,63.75974641],[22.61912278,63.74489477],[22.62364746,63.74463785]]],[[[22.67087011,63.74468955],[22.68339692,63.75045134],[22.67483131,63.7537205],[22.66622607,63.74567948],[22.67087011,63.74468955]]],[[[22.65757773,63.73897011],[22.66348768,63.74306903],[22.65717478,63.74491826],[22.65920223,63.75540091],[22.64216087,63.74637065],[22.65330094,63.73972932],[22.65757773,63.73897011]]],[[[22.38922298,63.59360614],[22.40433876,63.60686823],[22.39283955,63.62218093],[22.38140118,63.62633265],[22.36719651,63.62755472],[22.35265151,63.61123681],[22.3830992,63.60481194],[22.38168215,63.59483328],[22.38922298,63.59360614]]],[[[22.37786982,63.58568188],[22.38662844,63.59059112],[22.3722587,63.5963633],[22.36628638,63.59320548],[22.37682967,63.58604655],[22.37786982,63.58568188]]],[[[22.46684047,63.53851961],[22.46059598,63.55385901],[22.44789624,63.5574913],[22.45283382,63.56051226],[22.43993616,63.56933099],[22.4548445,63.5740308],[22.43522078,63.58613622],[22.41826954,63.58286547],[22.42452016,63.57086705],[22.44924289,63.54328745],[22.46520095,63.53878133],[22.46684047,63.53851961]]],[[[22.39320143,63.53383068],[22.38874273,63.54364954],[22.37374487,63.54337433],[22.39054053,63.53457891],[22.39320143,63.53383068]]],[[[22.4423005,63.52137858],[22.44963308,63.52336445],[22.43991397,63.52956684],[22.44666777,63.53900607],[22.43545265,63.55167503],[22.42718696,63.5333907],[22.44138374,63.52155696],[22.4423005,63.52137858]]],[[[22.42068573,63.50360464],[22.42005723,63.51155944],[22.40816574,63.51351773],[22.41148265,63.50339659],[22.42068573,63.50360464]]],[[[21.08089864,63.43476205],[21.08620527,63.4385633],[21.07189464,63.44035184],[21.06776137,63.43740155],[21.07917981,63.43546104],[21.08089864,63.43476205]]],[[[22.13805929,63.46078488],[22.14891975,63.46406501],[22.136259,63.47307525],[22.12561275,63.46507231],[22.12984791,63.46215602],[22.13805929,63.46078488]]],[[[21.07389248,63.41463614],[21.08900511,63.42433177],[21.08847589,63.43204259],[21.06277002,63.4359893],[21.05345502,63.43398639],[21.05299728,63.42151738],[21.06992621,63.41513252],[21.07389248,63.41463614]]],[[[21.74128224,63.42798175],[21.75505252,63.4311392],[21.74611138,63.43152323],[21.75021411,63.43651646],[21.74084601,63.44500201],[21.75078009,63.455694],[21.71065425,63.44766315],[21.72884141,63.44025311],[21.70268805,63.43480999],[21.72740171,63.43519733],[21.7349269,63.43348172],[21.72593255,63.4284232],[21.73549717,63.42917025],[21.74128224,63.42798175]]],[[[21.82127115,63.43036367],[21.82567374,63.43460618],[21.81904482,63.434478],[21.8273149,63.44038288],[21.81856417,63.45043374],[21.78177918,63.45916028],[21.78844089,63.45044461],[21.77560859,63.44807349],[21.79019622,63.44563871],[21.79391103,63.4381787],[21.78087022,63.43150747],[21.8179816,63.43039391],[21.82127115,63.43036367]]],[[[22.084105,63.4273049],[22.10099075,63.4281969],[22.09656181,63.43082512],[22.10049712,63.43754732],[22.0827008,63.43743347],[22.07831218,63.43069825],[22.08233266,63.42951958],[22.084105,63.4273049]]],[[[21.78534197,63.40379477],[21.80926536,63.41921978],[21.80138183,63.42507681],[21.78330995,63.40492765],[21.78534197,63.40379477]]],[[[22.27046324,63.40257691],[22.27324112,63.40703123],[22.25304611,63.419821],[22.24382138,63.41844892],[22.26570099,63.40460438],[22.27046324,63.40257691]]],[[[21.66890643,63.38104126],[21.69449842,63.38907079],[21.68419185,63.39473936],[21.69187432,63.39692121],[21.6816042,63.39929434],[21.64775432,63.39718721],[21.64885952,63.39127522],[21.66683979,63.38732389],[21.6597684,63.38237398],[21.6660263,63.38114448],[21.66890643,63.38104126]]],[[[21.23807742,63.36041209],[21.23752486,63.36627768],[21.25682713,63.37821153],[21.26182039,63.39217595],[21.25555525,63.39737455],[21.2036673,63.38859987],[21.20830375,63.38483955],[21.19624822,63.38341677],[21.17971534,63.36783931],[21.23622516,63.3604101],[21.23807742,63.36041209]]],[[[21.08488477,63.34904512],[21.10123186,63.36298054],[21.07756518,63.35501866],[21.07979923,63.34898191],[21.08488477,63.34904512]]],[[[21.24120947,63.35221792],[21.23978496,63.35799173],[21.22707573,63.36131509],[21.22010597,63.36146797],[21.23337251,63.35418035],[21.24120947,63.35221792]]],[[[22.15773032,63.37768514],[22.17312575,63.38000246],[22.16457454,63.3835352],[22.15323031,63.38228895],[22.15515244,63.37782096],[22.15773032,63.37768514]]],[[[22.13116724,63.36890176],[22.14124393,63.37154438],[22.13832261,63.37812868],[22.12432812,63.37804837],[22.12460565,63.36954932],[22.13116724,63.36890176]]],[[[21.19971684,63.32227452],[21.19429157,63.33328785],[21.20688921,63.33461472],[21.19854159,63.33884929],[21.23844162,63.35139616],[21.21230056,63.3579416],[21.19942327,63.35062397],[21.17457815,63.3529609],[21.1780712,63.34519349],[21.16516192,63.34755468],[21.16890326,63.34200343],[21.15246739,63.33893853],[21.1596867,63.33682596],[21.16198907,63.32547762],[21.19134736,63.3248643],[21.19971684,63.32227452]]],[[[21.96079617,63.33433056],[22.00258882,63.35014268],[22.01410637,63.37023202],[22.05153902,63.359812],[22.03111208,63.35501093],[22.01963359,63.36462658],[22.01072059,63.36281531],[22.0072251,63.3499875],[22.03132992,63.33868487],[22.05689464,63.35469944],[22.09448161,63.36505411],[22.09204963,63.37268093],[22.08213658,63.37575491],[22.09977476,63.37949086],[22.08831976,63.38756324],[22.05020091,63.39372568],[22.02687177,63.38262902],[22.00747668,63.39604088],[22.00191532,63.38651722],[21.98726514,63.38419118],[21.99398685,63.37645786],[21.9681042,63.3667696],[21.96628979,63.35720417],[21.95585952,63.35587647],[21.94101284,63.34041757],[21.95417631,63.33463957],[21.96079617,63.33433056]]],[[[21.99976252,63.33236593],[22.01102845,63.33637361],[22.01032962,63.3465453],[22.00339361,63.34596695],[21.99859088,63.33460174],[21.99976252,63.33236593]]],[[[21.14965961,63.29381507],[21.1716008,63.30493653],[21.1606977,63.31004494],[21.17975639,63.31318347],[21.17352933,63.32072685],[21.14215771,63.32499338],[21.12632657,63.31813958],[21.12880746,63.30709183],[21.12476702,63.31241143],[21.11406226,63.30891102],[21.1090254,63.30336901],[21.11850799,63.29607385],[21.10917196,63.29572417],[21.14521217,63.29471608],[21.14965961,63.29381507]]],[[[22.04733865,63.32623263],[22.05499032,63.33031519],[22.05094885,63.3396918],[22.03493814,63.33559567],[22.0446655,63.32664202],[22.04733865,63.32623263]]],[[[21.33625191,63.28798742],[21.35745403,63.29066253],[21.36876962,63.30733339],[21.39210822,63.31654962],[21.39192457,63.33359688],[21.41740129,63.34787965],[21.40662379,63.36895778],[21.32728715,63.37206622],[21.31127736,63.36954375],[21.2982832,63.3586425],[21.25119953,63.35827163],[21.25373599,63.35235054],[21.24324191,63.34130387],[21.24802281,63.33699786],[21.22938218,63.33081422],[21.28089468,63.33117146],[21.2780871,63.31018006],[21.28805855,63.30845879],[21.3465803,63.32013846],[21.35256977,63.31153756],[21.33454581,63.30663459],[21.34095576,63.29801406],[21.33256559,63.2953807],[21.33404175,63.28898971],[21.33625191,63.28798742]]],[[[22.24690796,63.31113686],[22.25234678,63.311728],[22.24969753,63.32645203],[22.26015183,63.33012621],[22.24526504,63.32877639],[22.24619142,63.31325181],[22.24690796,63.31113686]]],[[[21.96620056,63.29876243],[21.9698279,63.30931228],[21.95776082,63.30878049],[21.96340305,63.2992667],[21.96620056,63.29876243]]],[[[21.09373528,63.26303179],[21.10899765,63.26484882],[21.10261555,63.271657],[21.08177617,63.27286303],[21.0915986,63.26376958],[21.09373528,63.26303179]]],[[[21.81952453,63.28907312],[21.82800101,63.29557783],[21.81173922,63.30439181],[21.80391369,63.30451296],[21.79875417,63.29580094],[21.81643579,63.29028798],[21.81952453,63.28907312]]],[[[21.70809886,63.28455665],[21.70308737,63.29566522],[21.6882004,63.29510263],[21.70442496,63.28624333],[21.70809886,63.28455665]]],[[[21.42956478,63.27242401],[21.43732983,63.2736162],[21.43006349,63.27953453],[21.43068817,63.29324763],[21.42127936,63.28816233],[21.41639379,63.29731806],[21.41397627,63.2918716],[21.39841973,63.29595562],[21.39876096,63.28962668],[21.38113128,63.29509152],[21.42662779,63.27378867],[21.42956478,63.27242401]]],[[[20.66850671,63.23885735],[20.68477415,63.24270006],[20.68760337,63.2465513],[20.67925399,63.24815698],[20.66249401,63.24332099],[20.66508725,63.23891933],[20.66850671,63.23885735]]],[[[21.88643718,63.28502015],[21.89586131,63.29139459],[21.89224024,63.3011924],[21.86895024,63.29574305],[21.88262561,63.28508625],[21.88643718,63.28502015]]],[[[21.75947743,63.27270388],[21.75835602,63.279347],[21.77089205,63.2754807],[21.7853308,63.28327864],[21.76992795,63.29465578],[21.7589942,63.29160826],[21.76726812,63.2993349],[21.76224464,63.30203052],[21.75437896,63.29881252],[21.75375702,63.30885824],[21.76625624,63.30560987],[21.77054661,63.31599931],[21.71745363,63.31177845],[21.70352576,63.31546372],[21.70854695,63.32126919],[21.69105224,63.32823283],[21.68647332,63.32485291],[21.69725012,63.31323024],[21.71642688,63.30525392],[21.713088,63.29964624],[21.72354047,63.28362707],[21.75390912,63.27254784],[21.75947743,63.27270388]]],[[[21.94843681,63.27936086],[21.96130544,63.28429493],[21.95436971,63.30237603],[21.93637249,63.3014178],[21.92735556,63.29160505],[21.94439857,63.27982523],[21.94843681,63.27936086]]],[[[21.98725594,63.27923774],[21.999409,63.28201157],[21.99570546,63.2930695],[22.00352128,63.29462617],[21.97785636,63.30768368],[21.96815244,63.28665919],[21.97200973,63.28016809],[21.98367587,63.28008837],[21.98725594,63.27923774]]],[[[22.04394773,63.2797332],[22.04604343,63.28676224],[22.065645,63.29727423],[22.05882743,63.31046955],[22.03667738,63.32743628],[22.02080696,63.32735431],[22.02343734,63.33499539],[21.99450702,63.32740087],[22.02790399,63.31334338],[22.00317236,63.31446588],[21.99077292,63.32302075],[21.98351689,63.30972416],[22.00537445,63.30517797],[22.0102651,63.29393205],[22.00396702,63.28253425],[22.03533706,63.28057681],[22.04394773,63.2797332]]],[[[21.60188891,63.25693739],[21.61075957,63.26317307],[21.60113817,63.27053311],[21.58532342,63.2664134],[21.59814592,63.2570618],[21.60188891,63.25693739]]],[[[21.66801502,63.25615673],[21.67537477,63.27040047],[21.66729998,63.28293113],[21.67756523,63.29520467],[21.69288317,63.29859055],[21.6936378,63.30767081],[21.67916762,63.32003087],[21.6637729,63.32271037],[21.64270337,63.30850695],[21.63352893,63.30869565],[21.6376339,63.3055255],[21.62049786,63.30378496],[21.640878,63.30288458],[21.63376287,63.29873896],[21.64061059,63.29016218],[21.63099782,63.28407783],[21.64331018,63.27437329],[21.63258364,63.26986167],[21.6373183,63.25996298],[21.65898167,63.2565828],[21.66801502,63.25615673]]],[[[22.00735943,63.26794032],[22.02140482,63.27576443],[22.00956012,63.28083061],[21.99274117,63.27696912],[21.99645286,63.26822007],[22.00735943,63.26794032]]],[[[22.03850937,63.2598879],[22.04413223,63.26728274],[22.03627357,63.2721184],[22.01817465,63.26478012],[22.03534122,63.2603002],[22.03850937,63.2598879]]],[[[22.22721434,63.26075777],[22.23490299,63.26829569],[22.22702045,63.27967179],[22.20961452,63.27319797],[22.21945131,63.27157563],[22.22148659,63.26294399],[22.22721434,63.26075777]]],[[[21.72271407,63.23926004],[21.73548359,63.24488168],[21.71308694,63.25369534],[21.70990502,63.24860012],[21.71848378,63.23963001],[21.72271407,63.23926004]]],[[[22.14682289,63.25424485],[22.16118366,63.2581979],[22.16476142,63.27805282],[22.12671913,63.28887153],[22.15862188,63.288936],[22.1696591,63.28030804],[22.199773,63.27329976],[22.2217882,63.27979884],[22.2372652,63.30132088],[22.23302775,63.30930592],[22.23831254,63.33586344],[22.23124984,63.34920718],[22.22387869,63.34781827],[22.2299483,63.33944921],[22.21316995,63.33937633],[22.20998349,63.31862663],[22.19992698,63.31297492],[22.18694796,63.31294063],[22.19073448,63.32035321],[22.1672601,63.32491454],[22.15646717,63.31638216],[22.1405387,63.32170349],[22.14548036,63.32746951],[22.10963576,63.33499648],[22.07258914,63.32271835],[22.06161561,63.32701909],[22.09069136,63.29636022],[22.0866899,63.2912175],[22.05654804,63.28853165],[22.08305001,63.27460795],[22.05596048,63.26721708],[22.0705557,63.26976117],[22.14098626,63.25507365],[22.14682289,63.25424485]]],[[[21.2918832,63.1563181],[21.32521903,63.1587627],[21.31911738,63.16692467],[21.33204036,63.17406609],[21.3080189,63.17894774],[21.35857434,63.19815659],[21.35507342,63.20494094],[21.359909,63.21171085],[21.37695397,63.21191593],[21.37591736,63.20281123],[21.36921852,63.20019849],[21.37295139,63.18696839],[21.38084296,63.19351391],[21.39398088,63.18901689],[21.40361917,63.19694806],[21.416046,63.18787693],[21.41374076,63.2035997],[21.42251678,63.19947003],[21.43800604,63.20736572],[21.45605057,63.20353214],[21.45722511,63.21163935],[21.44315458,63.22140674],[21.45043948,63.24776486],[21.41836061,63.26675995],[21.42023116,63.27299512],[21.40068023,63.27247588],[21.37635415,63.28121804],[21.36801551,63.28011831],[21.3717047,63.27197692],[21.34414642,63.27024376],[21.33911749,63.26358664],[21.31113846,63.2562606],[21.27603,63.26535002],[21.28193104,63.26185778],[21.27507729,63.25602735],[21.27781057,63.25166419],[21.31832159,63.25046276],[21.31411441,63.24258129],[21.32261506,63.2395389],[21.3141386,63.23495618],[21.32370847,63.22912356],[21.32048787,63.2257668],[21.30720285,63.23505113],[21.31172003,63.24194742],[21.27247434,63.25087364],[21.26291194,63.24931273],[21.27203918,63.24306428],[21.25682679,63.23636024],[21.23168714,63.23469678],[21.23651371,63.24148236],[21.19563012,63.25616503],[21.22049689,63.25290066],[21.22785445,63.27185864],[21.2483476,63.28675528],[21.26592745,63.28669918],[21.27512452,63.29750364],[21.27031551,63.31021695],[21.2586936,63.31565246],[21.25999689,63.3036586],[21.23604805,63.29640731],[21.23462878,63.30154563],[21.25083631,63.31213422],[21.24553478,63.32121543],[21.21012779,63.32074357],[21.21169381,63.31641203],[21.19875322,63.30785124],[21.18395833,63.3112082],[21.19184061,63.30430906],[21.18091894,63.29957911],[21.18673122,63.29633561],[21.18303302,63.289596],[21.21946277,63.29178719],[21.21951093,63.28402087],[21.19989983,63.28013519],[21.18880969,63.28724626],[21.17668876,63.28152664],[21.15523747,63.28679585],[21.13828863,63.28097441],[21.10598993,63.29477086],[21.10467532,63.30275271],[21.08726316,63.30573184],[21.08605855,63.29965228],[21.0993814,63.2908004],[21.08700353,63.28873758],[21.08526227,63.28209895],[21.1238801,63.2719179],[21.10255576,63.25767277],[21.1466433,63.22992308],[21.13918054,63.21465332],[21.14663343,63.20737853],[21.14299731,63.20347873],[21.15918006,63.20513941],[21.15233381,63.19881866],[21.16201428,63.18882681],[21.20639172,63.18464806],[21.2086356,63.19362713],[21.20020722,63.19975532],[21.20764647,63.19999659],[21.218591,63.18803883],[21.22278387,63.19701453],[21.2336072,63.18324495],[21.23013676,63.17090532],[21.28777718,63.15699828],[21.2918832,63.1563181]]],[[[21.4005246,63.15583138],[21.41075624,63.15898313],[21.38806571,63.16747268],[21.40159036,63.17010505],[21.39199613,63.1768229],[21.38073284,63.17100366],[21.38097807,63.16227596],[21.39760048,63.1566099],[21.4005246,63.15583138]]],[[[21.47525809,63.13798566],[21.48124246,63.1414009],[21.47588663,63.15095265],[21.47089218,63.13800836],[21.47525809,63.13798566]]],[[[21.53110191,63.13358179],[21.53748681,63.14136718],[21.52403216,63.14281167],[21.52411519,63.15107428],[21.497348,63.15215935],[21.48985806,63.16262561],[21.47386619,63.16639416],[21.48024137,63.15916667],[21.47682858,63.155102],[21.49007221,63.15156644],[21.48236021,63.1454519],[21.51315467,63.14913184],[21.51633418,63.13946908],[21.52690913,63.13412835],[21.53110191,63.13358179]]],[[[20.79019541,63.10212156],[20.81047673,63.10753879],[20.8088851,63.12320694],[20.79563226,63.11950481],[20.78779966,63.10368122],[20.79019541,63.10212156]]],[[[21.5210028,63.12648562],[21.52911578,63.12964353],[21.51092631,63.13988057],[21.50034015,63.13980121],[21.49907206,63.13345145],[21.51664147,63.1272847],[21.5210028,63.12648562]]],[[[21.48010516,63.11965286],[21.48768115,63.12328689],[21.48147317,63.12715344],[21.48333447,63.13270705],[21.47127297,63.13394058],[21.47528459,63.12192922],[21.48010516,63.11965286]]],[[[21.52565889,63.11334639],[21.53305399,63.12228482],[21.52439561,63.1255385],[21.51944491,63.11658183],[21.52565889,63.11334639]]],[[[21.50219516,63.11167606],[21.50635874,63.12134062],[21.49483294,63.11977202],[21.49252566,63.11483143],[21.49803046,63.11285917],[21.50219516,63.11167606]]],[[[21.48270622,63.10614915],[21.47789108,63.11684322],[21.46809261,63.11459178],[21.4704312,63.10781038],[21.48270622,63.10614915]]],[[[20.73218093,63.07464653],[20.73038075,63.08496082],[20.7241778,63.08200399],[20.72894177,63.07511544],[20.73218093,63.07464653]]],[[[21.34086005,63.08928043],[21.35298072,63.09091418],[21.35449693,63.09775651],[21.32861884,63.09582811],[21.33739916,63.09016871],[21.34086005,63.08928043]]],[[[20.83301444,63.05297403],[20.83679557,63.05649645],[20.82407396,63.06156405],[20.81591834,63.0542693],[20.83070947,63.05346984],[20.83301444,63.05297403]]],[[[21.57504429,63.08065514],[21.59098616,63.09100525],[21.57543063,63.10194323],[21.56883213,63.10182331],[21.56919495,63.09261076],[21.54770129,63.09094429],[21.56476258,63.08284808],[21.57504429,63.08065514]]],[[[21.45923715,63.07511044],[21.46689611,63.07851353],[21.45512956,63.08969489],[21.44947527,63.08129593],[21.4574646,63.07547225],[21.45923715,63.07511044]]],[[[20.84610033,63.04666391],[20.85483252,63.04893912],[20.85212459,63.05322334],[20.82863053,63.04907047],[20.84536594,63.04803762],[20.84610033,63.04666391]]],[[[21.3967888,63.06329005],[21.40583942,63.06624811],[21.41021275,63.07747958],[21.3956466,63.08625886],[21.38288545,63.08579439],[21.37581718,63.07502181],[21.40449486,63.07629924],[21.40446007,63.06746956],[21.39642543,63.0639324],[21.3967888,63.06329005]]],[[[21.31848571,63.05391991],[21.33249352,63.05808375],[21.32591722,63.06268447],[21.31181872,63.06055976],[21.31454563,63.05425083],[21.31848571,63.05391991]]],[[[21.39232063,63.04659902],[21.39889014,63.05079902],[21.39539708,63.05478846],[21.37261432,63.06386977],[21.35201218,63.05064679],[21.3886886,63.0477853],[21.39232063,63.04659902]]],[[[21.12587012,63.01294013],[21.13917226,63.02862749],[21.1162023,63.02071636],[21.12423355,63.01446514],[21.12587012,63.01294013]]],[[[21.45533085,63.00664891],[21.42891636,63.0132762],[21.45044519,63.03071158],[21.4288407,63.0322314],[21.45258474,63.04198759],[21.4431148,63.04522108],[21.43898736,63.05636968],[21.45320425,63.06622067],[21.44839799,63.07660467],[21.43747076,63.08421599],[21.40683975,63.08752039],[21.42000102,63.07933734],[21.41078844,63.06875053],[21.42242826,63.06622663],[21.40063977,63.05742608],[21.41471656,63.05246894],[21.39792865,63.04540641],[21.41160634,63.03577959],[21.36935535,63.04625187],[21.33821766,63.03994902],[21.35263479,63.02937565],[21.41373775,63.02044326],[21.4056509,63.01477258],[21.45184071,63.00699791],[21.45533085,63.00664891]]],[[[21.25234477,62.99690464],[21.25598377,63.00402413],[21.24847222,63.00621307],[21.24327338,62.99906124],[21.25234477,62.99690464]]],[[[21.20189243,62.99460429],[21.22201555,62.99848406],[21.24038498,63.01080074],[21.23462624,63.01610524],[21.21533933,63.00633654],[21.19844627,63.02786023],[21.18935631,63.02552574],[21.19003173,63.01639079],[21.1773002,63.01636738],[21.17922987,63.00554327],[21.19651318,62.99523857],[21.20189243,62.99460429]]],[[[21.1170773,62.98343747],[21.11879765,62.9919854],[21.09714486,62.99988105],[21.08917456,62.9996922],[21.1156416,62.98384461],[21.1170773,62.98343747]]],[[[21.23730979,62.98309214],[21.24907854,62.99328747],[21.23764623,62.99877606],[21.22266579,62.99475955],[21.22379884,62.98808597],[21.23756814,62.98369286],[21.23730979,62.98309214]]],[[[21.4104628,62.98905768],[21.41949857,63.00130671],[21.39944296,63.00807271],[21.41393563,63.00521839],[21.41612552,63.01055026],[21.37892582,63.01801776],[21.3716134,63.01603026],[21.38178662,63.01073173],[21.36767736,63.01139209],[21.37908967,63.00078217],[21.33343954,63.01325513],[21.32271664,63.01108589],[21.32086325,63.00364949],[21.33034144,62.99988186],[21.32520526,63.00521269],[21.33764766,63.00813419],[21.34020905,63.00019776],[21.33566053,62.99887281],[21.34310085,62.99517457],[21.34998994,62.99870997],[21.37638747,62.99077604],[21.38253664,62.9964916],[21.40385094,62.9896756],[21.4104628,62.98905768]]],[[[21.43816534,62.98615917],[21.42355084,62.99400857],[21.41941606,62.98841682],[21.43412349,62.98637087],[21.43816534,62.98615917]]],[[[21.46308254,62.98681842],[21.47071654,62.99243736],[21.4631008,62.99880794],[21.43824939,62.99767462],[21.45859333,62.98818499],[21.46308254,62.98681842]]],[[[20.84714728,62.96030054],[20.85571652,62.97581936],[20.84264148,62.97515462],[20.83545098,62.98206347],[20.84261256,62.98817821],[20.82686932,62.99937505],[20.82344514,62.98496862],[20.8141735,62.98379165],[20.82979962,62.97038204],[20.82544918,62.96647775],[20.83718169,62.96079707],[20.84714728,62.96030054]]],[[[20.95696083,62.95750612],[20.95854635,62.96387839],[20.9413008,62.96399018],[20.95470826,62.958395],[20.95696083,62.95750612]]],[[[21.39796775,62.97450749],[21.40416072,62.9789873],[21.38016411,62.97951263],[21.39747498,62.97522731],[21.39796775,62.97450749]]],[[[21.36533578,62.96585997],[21.37792927,62.97006912],[21.37318993,62.97381859],[21.3587592,62.97186439],[21.36076046,62.96657061],[21.36533578,62.96585997]]],[[[21.39027652,62.9555739],[21.40435906,62.96517939],[21.39650613,62.97040549],[21.37691319,62.96370266],[21.38703713,62.95555489],[21.39027652,62.9555739]]],[[[21.420439,62.95643505],[21.42790894,62.96311211],[21.41731658,62.96604917],[21.41029804,62.96483375],[21.41658465,62.95632515],[21.420439,62.95643505]]],[[[21.20597301,62.94280162],[21.2214259,62.94888192],[21.20937622,62.97585127],[21.21017116,62.9905093],[21.15262616,63.00542131],[21.15008415,63.01064311],[21.11947876,62.99972922],[21.13952292,62.97812608],[21.15975414,62.97901425],[21.15690208,62.96554782],[21.14946094,62.96123218],[21.14352501,62.96410131],[21.14656316,62.97212592],[21.13231505,62.96928902],[21.14096585,62.95325951],[21.16780834,62.94247442],[21.17880999,62.94500357],[21.17930874,62.95292346],[21.1868523,62.95630224],[21.19869549,62.95581365],[21.20036482,62.94609764],[21.20597301,62.94280162]]],[[[21.08820705,62.91701589],[21.09776698,62.91905517],[21.0953882,62.92742811],[21.08431813,62.92234678],[21.08734905,62.91713871],[21.08820705,62.91701589]]],[[[21.40642092,62.92766951],[21.41795743,62.9319101],[21.41608421,62.94131428],[21.39217273,62.95392906],[21.37485602,62.95467337],[21.34852777,62.9395476],[21.36957513,62.92957073],[21.38058893,62.94077935],[21.40090771,62.92880155],[21.40642092,62.92766951]]],[[[21.39304116,62.91410542],[21.40101513,62.92577682],[21.38110178,62.93536774],[21.3768132,62.93038178],[21.3868814,62.92579124],[21.38826168,62.91404584],[21.39304116,62.91410542]]],[[[21.22980501,62.90098577],[21.23010467,62.90573802],[21.24266737,62.90431189],[21.22653131,62.91603518],[21.21715653,62.91166373],[21.22799789,62.90125883],[21.22980501,62.90098577]]],[[[21.08942564,62.88879843],[21.09262923,62.89239811],[21.08003104,62.90504432],[21.07466152,62.89918074],[21.08592486,62.89031731],[21.08942564,62.88879843]]],[[[21.23520283,62.865873],[21.23974888,62.86631915],[21.2404343,62.88200716],[21.22696914,62.89935037],[21.20015778,62.91406108],[21.20686706,62.91921676],[21.19678748,62.92180129],[21.20362113,62.92477794],[21.19815908,62.92976007],[21.18335195,62.93188462],[21.16927701,62.91975165],[21.17268718,62.90849914],[21.20729334,62.88916872],[21.20206186,62.87909095],[21.23225761,62.86793279],[21.23520283,62.865873]]],[[[21.14099218,62.8285879],[21.21733255,62.83783279],[21.23589819,62.8604564],[21.21957638,62.85865319],[21.16637712,62.87135183],[21.1588431,62.86914408],[21.1682179,62.86709673],[21.16309491,62.86333232],[21.13160084,62.86301672],[21.13747162,62.85619536],[21.13066997,62.85032654],[21.13892588,62.84542079],[21.10453825,62.84647871],[21.1080626,62.84208127],[21.09582375,62.83494969],[21.10668039,62.8293928],[21.13088585,62.83428229],[21.13987581,62.83058213],[21.14099218,62.8285879]]],[[[21.07341186,62.70602963],[21.0951877,62.72320192],[21.08179734,62.74153618],[21.05781231,62.74523047],[21.04941884,62.74001452],[21.04984018,62.71684151],[21.06032289,62.70637544],[21.06961614,62.70625909],[21.07341186,62.70602963]]],[[[21.07614112,62.65834885],[21.08623572,62.66826211],[21.0791682,62.67334966],[21.06560028,62.666612],[21.07241664,62.65890197],[21.07614112,62.65834885]]],[[[21.06293595,62.61641571],[21.07060475,62.61810206],[21.06685204,62.62657114],[21.05851695,62.62633245],[21.05966608,62.61848424],[21.06293595,62.61641571]]],[[[21.1748952,62.60772342],[21.18715814,62.61752923],[21.16723469,62.61564316],[21.17442171,62.60834627],[21.1748952,62.60772342]]],[[[21.15901756,62.53988595],[21.16327355,62.54384146],[21.15205107,62.55304876],[21.15026568,62.54537577],[21.15751833,62.54012884],[21.15901756,62.53988595]]],[[[21.08452714,62.53027076],[21.09041581,62.53783777],[21.08442685,62.54635492],[21.09585271,62.56807982],[21.08769336,62.57391159],[21.06497466,62.579252],[21.05813759,62.5743307],[21.06429095,62.5735966],[21.06155215,62.56684098],[21.05274907,62.56574755],[21.07013517,62.5666395],[21.05236856,62.55290965],[21.05837179,62.54330335],[21.05265645,62.53853424],[21.08319888,62.53089227],[21.08452714,62.53027076]]],[[[21.1027935,62.52941738],[21.10141901,62.54252759],[21.09380594,62.53451795],[21.10054199,62.52946335],[21.1027935,62.52941738]]],[[[21.11453361,62.52301028],[21.1324846,62.52506983],[21.13268229,62.53388092],[21.13917191,62.53698866],[21.14443921,62.53580667],[21.14025154,62.5291666],[21.15457071,62.53209667],[21.13315917,62.55042173],[21.10372494,62.55282229],[21.1125657,62.52394812],[21.11453361,62.52301028]]],[[[21.1792894,62.37020489],[21.21200666,62.41272028],[21.20048592,62.42611884],[21.17745755,62.4136981],[21.19481781,62.413276],[21.19560228,62.40680269],[21.18841735,62.40716703],[21.1965124,62.39506938],[21.1749837,62.38950962],[21.16722826,62.37290481],[21.17640133,62.37079733],[21.1792894,62.37020489]]],[[[21.1866106,62.35981036],[21.19848499,62.36348035],[21.19338942,62.36848334],[21.19689542,62.37497906],[21.21132101,62.36774156],[21.21611244,62.39364425],[21.20980339,62.39462132],[21.21428031,62.3995175],[21.19454445,62.38565361],[21.18451241,62.36254982],[21.1866106,62.35981036]]],[[[21.23939146,62.33978992],[21.25605012,62.35017959],[21.24940216,62.35769395],[21.24902096,62.38376933],[21.2274184,62.39470884],[21.21779956,62.37830263],[21.21420596,62.34373114],[21.23456765,62.3525031],[21.24003326,62.34849953],[21.23778812,62.34123412],[21.23939146,62.33978992]]],[[[21.18872179,62.33253229],[21.19951693,62.33613231],[21.21057293,62.35692852],[21.19455327,62.35004813],[21.18848437,62.3341788],[21.18872179,62.33253229]]],[[[21.25875358,62.30178504],[21.27331937,62.31928435],[21.25563851,62.30178955],[21.25875358,62.30178504]]],[[[21.30063596,62.29742167],[21.3107917,62.30059776],[21.30457865,62.30262586],[21.30623858,62.3093383],[21.29279536,62.3017814],[21.29820835,62.29868945],[21.30063596,62.29742167]]],[[[21.30360078,62.10887394],[21.29654812,62.13878961],[21.29035047,62.13955878],[21.29376472,62.15486738],[21.28622575,62.150852],[21.28595551,62.13891477],[21.29552829,62.11133958],[21.30061612,62.11110225],[21.30360078,62.10887394]]],[[[21.31037297,62.09496249],[21.3151648,62.10188556],[21.31272375,62.11710778],[21.30743862,62.09593776],[21.31037297,62.09496249]]],[[[21.29758304,62.07314355],[21.29495242,62.08982964],[21.28582763,62.08148462],[21.29548859,62.07312075],[21.29758304,62.07314355]]],[[[21.32922733,61.95383209],[21.36027318,61.96001428],[21.42663977,62.00958504],[21.52401323,62.02459122],[21.64784794,62.01958504],[21.62891818,62.0403048],[21.65084001,62.05928782],[21.62545931,62.09930499],[21.64299919,62.11174936],[21.6417004,62.14944314],[21.67972771,62.13820499],[21.69570985,62.14379117],[21.70437079,62.16670638],[21.66697138,62.1865102],[21.71078867,62.21753274],[21.76751021,62.2226833],[21.74115748,62.24126976],[21.74545411,62.25286444],[21.73639387,62.25772223],[21.67286038,62.2601128],[21.68315469,62.31907476],[21.66306587,62.32899686],[21.6863343,62.33957393],[21.68657197,62.35521372],[21.65014171,62.36731061],[21.56600919,62.35664856],[21.54625677,62.3734606],[21.52348901,62.37956035],[21.55139477,62.39625158],[21.55690585,62.40751607],[21.55162536,62.40932933],[21.55496051,62.42219923],[21.54536074,62.4471973],[21.61480489,62.55430441],[21.59552654,62.55846843],[21.59176943,62.60543816],[21.62535372,62.61071267],[21.64664508,62.62156597],[21.65375544,62.63736678],[21.79096769,62.69422482],[21.74779717,62.72020303],[21.72913831,62.7676655],[21.72877402,62.82107345],[21.76522555,62.84760427],[21.77206102,62.86356418],[21.83096269,62.84536324],[21.84240029,62.81756326],[21.8582363,62.81178805],[22.06323265,62.76345449],[22.06710826,62.76863478],[22.12106773,62.76018249],[22.12424261,62.76732384],[22.2006773,62.75157423],[22.28955874,62.79881585],[22.26531156,62.82147696],[22.26587644,62.83608921],[22.25807685,62.84468676],[22.24899567,62.88001382],[22.23108723,62.88166886],[22.20069132,62.92512481],[22.14397311,62.96310734],[22.16366439,62.97623228],[22.15362008,63.0035041],[22.16538912,63.01875239],[22.24232257,63.0637265],[22.31119954,63.05611355],[22.48554772,63.10006653],[22.6486193,63.10538611],[22.64362668,63.12404804],[22.63029925,63.12340041],[22.62917907,63.12850375],[22.65820209,63.13313991],[22.64767854,63.14640431],[22.65047387,63.15331137],[22.63631155,63.15887025],[22.6171094,63.18621395],[22.57218672,63.17933996],[22.59332971,63.20131592],[22.62853842,63.2099107],[22.59041784,63.2446024],[22.56198616,63.24923868],[22.55693419,63.25528651],[22.55940168,63.26570317],[22.5958604,63.28400793],[22.60687652,63.27910922],[22.67264271,63.29770721],[22.64526453,63.31679477],[22.75110558,63.34451708],[22.73560838,63.35895936],[22.8295222,63.34593677],[22.87432125,63.34625374],[22.87134174,63.35453344],[22.90624003,63.35111288],[22.98069891,63.33039745],[22.97159968,63.37226566],[22.99832409,63.37053704],[22.99515884,63.37804738],[23.02355426,63.38043389],[23.03141281,63.36176445],[23.0771994,63.36920248],[23.11296562,63.34730256],[23.20703964,63.39896145],[23.26463723,63.47005565],[23.39288859,63.49804668],[23.41965742,63.48165281],[23.54396218,63.46753423],[23.56472858,63.44921787],[23.55500642,63.44280727],[23.62539141,63.40103215],[23.69698894,63.3803207],[23.70992526,63.38287712],[23.66002828,63.43482733],[23.65102999,63.53093495],[23.57862146,63.55341105],[23.57701026,63.58686785],[23.55659335,63.60413343],[23.49096451,63.58637533],[23.42240721,63.61601357],[23.45771622,63.61023338],[23.46446804,63.61626488],[23.46711985,63.62031892],[23.45323009,63.6290629],[23.48491314,63.63997668],[23.46882734,63.66160806],[23.49854771,63.65648806],[23.53211778,63.63406546],[23.54648813,63.63372552],[23.61071299,63.65029188],[23.64987145,63.67108678],[23.70485218,63.656542],[23.74408123,63.67543701],[23.47764038,63.77913005],[23.45533583,63.76141947],[23.45787206,63.74160295],[23.44434057,63.73722168],[23.42115734,63.75326008],[23.40482496,63.75036321],[23.39185876,63.75930075],[23.33635195,63.76127448],[23.29164862,63.75361598],[23.265585,63.74147835],[23.24839665,63.71692165],[23.22410873,63.71876473],[23.01289846,63.79125367],[23.00226642,63.78179953],[22.98905123,63.78802211],[22.95388772,63.78203337],[22.96126817,63.7768239],[22.94017183,63.76953922],[22.93322883,63.77850618],[22.92153613,63.7751125],[22.92410202,63.77895896],[22.85985944,63.78470715],[22.8868016,63.8125535],[22.86702566,63.83827358],[22.85090067,63.83901146],[22.84922766,63.84843329],[22.83602517,63.85623148],[22.81205113,63.85227285],[22.80392248,63.85883875],[22.78350999,63.85982],[22.7795716,63.85800692],[22.78831493,63.85047314],[22.82537002,63.84437871],[22.77424482,63.83760725],[22.72717342,63.84884176],[22.72958755,63.84217522],[22.69981194,63.84105329],[22.71142493,63.83125137],[22.69014806,63.83213398],[22.68918171,63.81692917],[22.66741268,63.8130055],[22.68043649,63.79984225],[22.69935591,63.79921253],[22.72456822,63.78744528],[22.73155317,63.78953434],[22.72301636,63.79918884],[22.7633382,63.79949606],[22.73812064,63.78429416],[22.67224618,63.76390433],[22.67423527,63.75836553],[22.70016159,63.75026045],[22.69559579,63.74480518],[22.70359312,63.74012637],[22.69907083,63.73329754],[22.74953593,63.71819362],[22.73992391,63.71406346],[22.74169492,63.70860092],[22.69478878,63.71821206],[22.68845817,63.7097533],[22.6919707,63.68969778],[22.67944897,63.68412004],[22.67780708,63.69302318],[22.66568435,63.69799178],[22.66913704,63.70684234],[22.64957916,63.70438392],[22.64925146,63.69598756],[22.64303158,63.69348883],[22.6270262,63.70205399],[22.64593399,63.71426588],[22.61315647,63.71957925],[22.61403714,63.70067323],[22.60282343,63.68996774],[22.60913151,63.68328294],[22.59417295,63.66665714],[22.57797208,63.67345105],[22.5525191,63.67303477],[22.53957345,63.65890019],[22.5175105,63.65258201],[22.51315644,63.63341896],[22.52119295,63.62175907],[22.49923538,63.61975993],[22.49941828,63.61124515],[22.48892036,63.61660995],[22.49117805,63.60905023],[22.48389544,63.60662773],[22.46240543,63.6034395],[22.44025451,63.60889502],[22.42968493,63.60436201],[22.43483439,63.59743939],[22.4273118,63.59104758],[22.4587776,63.59613345],[22.46791288,63.58058241],[22.48529674,63.58499478],[22.50644042,63.6016033],[22.51830046,63.59502953],[22.4988379,63.58022663],[22.4990737,63.57179602],[22.4793974,63.57307873],[22.47886064,63.56451081],[22.4617311,63.56495006],[22.46828781,63.55289928],[22.48099964,63.55087431],[22.48453157,63.54007552],[22.45386422,63.51115177],[22.44625756,63.49146089],[22.44931583,63.47753544],[22.44111911,63.47956156],[22.43754115,63.49044233],[22.41676843,63.47719965],[22.41384932,63.48644604],[22.40333744,63.48692613],[22.41424142,63.49817457],[22.39267826,63.51270786],[22.35938434,63.50970732],[22.38692707,63.51838223],[22.37766635,63.5368839],[22.36604114,63.54456023],[22.34995716,63.54095105],[22.34622904,63.5521708],[22.35661964,63.54762644],[22.37076486,63.55212946],[22.38045526,63.56535709],[22.37892485,63.57373746],[22.32330055,63.58340332],[22.33962306,63.57066355],[22.32558072,63.56103764],[22.33280069,63.55415094],[22.3213096,63.55336715],[22.30770385,63.54227804],[22.30667744,63.53331719],[22.28912597,63.52254642],[22.2985135,63.51566502],[22.29406766,63.50884539],[22.32877341,63.48057912],[22.40280821,63.43963858],[22.37784725,63.44522101],[22.35587908,63.46267899],[22.35513649,63.45216916],[22.35040984,63.45216873],[22.32891728,63.47523148],[22.30086007,63.48712914],[22.2625957,63.47983693],[22.21714399,63.48097393],[22.20318239,63.47230808],[22.21001329,63.46338],[22.20381667,63.45324402],[22.23050183,63.44021124],[22.23322675,63.43188652],[22.26865058,63.41483842],[22.30129953,63.40743458],[22.30086351,63.39036376],[22.34493272,63.37840724],[22.37916991,63.35028565],[22.39225769,63.33197887],[22.36605484,63.32082864],[22.34892685,63.3216585],[22.36140558,63.31645859],[22.35832422,63.31176816],[22.37066127,63.30028958],[22.36835369,63.29099891],[22.33861696,63.29137557],[22.30989294,63.31087687],[22.28555626,63.31122024],[22.27707557,63.29715856],[22.25577582,63.29685861],[22.25786596,63.28990547],[22.23748062,63.27457252],[22.2428299,63.25471973],[22.20064091,63.26192425],[22.18206021,63.25269136],[22.18528253,63.23275383],[22.16010705,63.24599789],[22.13139006,63.24369724],[22.13491274,63.23946048],[22.09403542,63.22870883],[22.08566311,63.21922993],[22.08212558,63.22413956],[22.09642233,63.23586922],[22.09036294,63.24088082],[22.09598454,63.24962942],[22.08783408,63.25677258],[22.04649523,63.2490368],[22.02439179,63.25353031],[22.04418096,63.24438132],[22.02880551,63.24232054],[22.03010854,63.23696846],[22.02222045,63.23498413],[22.04135733,63.22301204],[22.03419814,63.21694369],[22.04283552,63.20249823],[22.03315289,63.19903359],[22.0121146,63.20767662],[21.98796426,63.20064253],[21.98175437,63.20802616],[21.97479761,63.2039661],[21.98434422,63.19654165],[21.98195138,63.18346344],[22.00650196,63.17707537],[22.00218274,63.1711196],[22.01224973,63.16005692],[22.0022473,63.15806462],[21.9660348,63.16931709],[21.95305062,63.18092093],[21.95667614,63.18562593],[21.94474167,63.18804366],[21.97493706,63.18808311],[21.9630265,63.20808931],[21.95007214,63.21064017],[21.95836808,63.21653744],[21.97378018,63.21874782],[21.99454246,63.21128621],[22.02068047,63.22054328],[22.00797132,63.23302901],[21.99772433,63.23356453],[22.01579298,63.24299507],[22.01391921,63.25359225],[21.99258361,63.25409661],[21.98571589,63.26561778],[21.9712095,63.26475403],[21.96535053,63.25739196],[21.96825024,63.25202298],[21.94746021,63.26090012],[21.9280277,63.24748054],[21.92186651,63.25681099],[21.93185807,63.26695025],[21.91448062,63.27889274],[21.88756016,63.27503067],[21.8840071,63.26125837],[21.85284464,63.26161243],[21.85934097,63.26912363],[21.85399719,63.26959427],[21.83360976,63.25676067],[21.81332212,63.25809618],[21.80805335,63.26456476],[21.79659327,63.2619674],[21.81370202,63.27439401],[21.80636829,63.27565463],[21.78751423,63.26924176],[21.79242578,63.26687211],[21.78725966,63.26000195],[21.77536934,63.25873963],[21.79396393,63.2535211],[21.76421278,63.24512527],[21.75355665,63.24893366],[21.73990804,63.24156084],[21.74139744,63.23053154],[21.75520242,63.22288567],[21.75210295,63.21840922],[21.69950404,63.23727485],[21.675661,63.21178256],[21.66589649,63.21156745],[21.64898413,63.22377747],[21.62712857,63.22159375],[21.59945187,63.23672242],[21.5969992,63.24366658],[21.57977861,63.24768314],[21.58769281,63.25292879],[21.58210932,63.26892014],[21.57309512,63.27268312],[21.58587468,63.28662003],[21.5404205,63.26785852],[21.54782804,63.26344163],[21.54223848,63.25591278],[21.5611512,63.24722128],[21.53797078,63.23657748],[21.52668814,63.23855726],[21.51822164,63.20514653],[21.52865118,63.19914262],[21.51961322,63.19705645],[21.56246827,63.18856441],[21.52356812,63.18743119],[21.52863353,63.18491336],[21.5200088,63.18262776],[21.52291437,63.1728614],[21.5015725,63.17212495],[21.51746255,63.16966826],[21.52191085,63.16403571],[21.51513822,63.16257396],[21.52746822,63.15250748],[21.53362906,63.1545073],[21.52922407,63.16136485],[21.53530908,63.16571868],[21.5400064,63.14552056],[21.55876111,63.13372816],[21.55736728,63.12635859],[21.56380865,63.12146087],[21.60132751,63.12027303],[21.58447466,63.112023],[21.58686958,63.10546037],[21.59710546,63.10304417],[21.61820347,63.11207998],[21.59966138,63.09957566],[21.61234008,63.08299183],[21.65244774,63.07422381],[21.6559745,63.06479285],[21.67511585,63.06639456],[21.68672935,63.05450512],[21.66129745,63.04205956],[21.62686223,63.05047473],[21.63073501,63.05560244],[21.62102995,63.06122601],[21.60822949,63.05226314],[21.58446767,63.0626239],[21.58584076,63.0666942],[21.57661331,63.06907782],[21.57999228,63.07449266],[21.56550759,63.0727424],[21.56096926,63.08037486],[21.54749577,63.08154588],[21.5222958,63.07673382],[21.517936,63.066187],[21.52478817,63.05693498],[21.50943156,63.06073303],[21.49246562,63.05631872],[21.48716677,63.06576518],[21.46995572,63.05763663],[21.46592683,63.04780761],[21.5017141,63.02792358],[21.50410939,63.01276981],[21.49619272,63.01283226],[21.4864022,63.0292737],[21.47301725,63.0336512],[21.46948627,63.02467724],[21.44612544,63.019933],[21.47067036,63.01360353],[21.46753623,63.00716148],[21.49457138,63.00337959],[21.47376685,62.99440891],[21.47232493,62.98351489],[21.49169274,62.96993419],[21.44597591,62.96206845],[21.42876401,62.94965987],[21.43178832,62.92757921],[21.41298312,62.91084777],[21.41551207,62.90357053],[21.40454171,62.89846472],[21.40394344,62.88118327],[21.39221138,62.88092726],[21.38403264,62.88922224],[21.39055355,62.89478033],[21.38560802,62.90326816],[21.37169818,62.90454846],[21.36676659,62.8863249],[21.39123888,62.87775199],[21.38613912,62.87502161],[21.35649102,62.87377731],[21.28945657,62.89220387],[21.25212574,62.88676203],[21.26326027,62.87730196],[21.25812685,62.87288855],[21.26312955,62.86697941],[21.24509839,62.86566163],[21.25134218,62.85868028],[21.24461427,62.85551225],[21.2518594,62.84088042],[21.22662235,62.81889623],[21.20589167,62.81513479],[21.20774929,62.80489238],[21.18643039,62.80538894],[21.17491606,62.81628746],[21.1391543,62.81021907],[21.14116855,62.79619881],[21.12083874,62.79751435],[21.12867789,62.79269328],[21.12587634,62.77556806],[21.14467325,62.7507674],[21.17998022,62.7502662],[21.17573841,62.73095471],[21.14627173,62.71601893],[21.14655981,62.70379612],[21.13355817,62.70519339],[21.10662723,62.69190289],[21.09162855,62.70254912],[21.0798251,62.68857731],[21.083911,62.68261357],[21.10371227,62.682831],[21.09196984,62.67147541],[21.08101016,62.63231749],[21.09889919,62.62403893],[21.07449928,62.62545268],[21.08536132,62.60890975],[21.10003106,62.60715265],[21.1003669,62.61680692],[21.10743352,62.61711301],[21.11120865,62.62770323],[21.12300272,62.63211858],[21.12064651,62.63806108],[21.13415539,62.64446993],[21.14208865,62.63615448],[21.13946053,62.62830097],[21.14957763,62.62497017],[21.14145593,62.62285598],[21.14395016,62.61757157],[21.19253613,62.6249768],[21.19770555,62.62302481],[21.1910132,62.62128353],[21.19263814,62.61343412],[21.22222225,62.60829436],[21.16911715,62.58314409],[21.17160193,62.56807637],[21.15416104,62.57309942],[21.15352583,62.55828294],[21.19077752,62.54328369],[21.17870268,62.5369241],[21.16800924,62.54349405],[21.13816451,62.50946961],[21.13239413,62.4884153],[21.11802297,62.49444006],[21.11208556,62.48820517],[21.15195004,62.47148072],[21.15655086,62.48253744],[21.17267175,62.48564952],[21.16288283,62.47802855],[21.17458278,62.46292571],[21.18788986,62.46705495],[21.20877224,62.49294145],[21.16835045,62.42939555],[21.17381618,62.41940464],[21.24002037,62.4467766],[21.23640391,62.43905178],[21.24228926,62.43446623],[21.22159394,62.41168682],[21.2284001,62.40920228],[21.22537477,62.404944],[21.23711196,62.405229],[21.23289994,62.39783296],[21.25301525,62.38432994],[21.27743638,62.38513532],[21.25319996,62.38945803],[21.27599419,62.39191257],[21.30404164,62.41137384],[21.28168193,62.38556939],[21.30527316,62.38029724],[21.30591101,62.35039261],[21.31378996,62.34991633],[21.32864606,62.37049564],[21.34914283,62.3747839],[21.3663251,62.37086549],[21.35447371,62.34981378],[21.3563496,62.33314831],[21.34622705,62.32349903],[21.33845344,62.32679407],[21.32473136,62.31851405],[21.32210023,62.3285637],[21.31185433,62.33137483],[21.30279534,62.3176988],[21.31648213,62.30372487],[21.3245482,62.30355256],[21.31868547,62.29735048],[21.33562393,62.29552157],[21.34648785,62.31358622],[21.35829228,62.31067611],[21.34080793,62.27858326],[21.34018121,62.2643716],[21.31870384,62.26058844],[21.32356388,62.2545327],[21.31897196,62.2442617],[21.35047157,62.24685693],[21.36390758,62.26392985],[21.37791949,62.26583068],[21.3790187,62.2843276],[21.38506987,62.28610027],[21.39013144,62.27869104],[21.37957216,62.25437999],[21.38652554,62.25176252],[21.3773453,62.22959049],[21.39480143,62.22445683],[21.39624831,62.21745632],[21.40671209,62.2267655],[21.41372641,62.22344242],[21.39698591,62.20453624],[21.41008562,62.20535979],[21.43023458,62.22149726],[21.43805957,62.22085194],[21.40998367,62.19738929],[21.38269309,62.19993945],[21.37384934,62.18776015],[21.36539788,62.1912522],[21.36766984,62.18139463],[21.35800847,62.1812551],[21.35754684,62.17388084],[21.3636444,62.1372587],[21.34561121,62.13687537],[21.33976007,62.14970996],[21.34007419,62.14036668],[21.32809094,62.14417885],[21.33435518,62.15061477],[21.32871976,62.16246799],[21.32427252,62.15052727],[21.31181013,62.15232774],[21.30631968,62.14396604],[21.31618646,62.14281755],[21.32380844,62.10267979],[21.32159495,62.06678656],[21.30795796,62.07023065],[21.31501427,62.05520963],[21.30892935,62.03841221],[21.30086158,62.03693388],[21.29561404,62.02637146],[21.29274214,61.99981759],[21.27957012,61.99326287],[21.29009786,61.98812962],[21.32657914,62.00164366],[21.33880864,62.0005481],[21.34118184,61.99404404],[21.32963926,61.99053732],[21.34453629,61.98854068],[21.34331411,61.98181479],[21.32121105,61.99084666],[21.30825436,61.98845753],[21.32567111,61.98324409],[21.32433267,61.97068841],[21.31116122,61.96787777],[21.32508715,61.9637084],[21.32773824,61.95530621],[21.32922733,61.95383209]]]]}},{"type":"Feature","id":"16","properties":{"code":"16","nameFi":"Keski-Pohjanmaa","nameSv":"Mellersta Österbotten","nameEn":"Central Ostrobothnia","year":2026},"geometry":{"type":"MultiPolygon","coordinates":[[[[23.51663588,64.07779793],[23.53204541,64.08032474],[23.52532577,64.08568238],[23.51059133,64.08589323],[23.51372752,64.07894347],[23.51663588,64.07779793]]],[[[23.54474161,64.06149978],[23.53635311,64.07320609],[23.52587662,64.07114354],[23.53832167,64.0639384],[23.54474161,64.06149978]]],[[[23.22064991,63.93567285],[23.22633216,63.94124879],[23.20643748,63.94519614],[23.19811872,63.95752884],[23.18835994,63.95569182],[23.1838237,63.94733973],[23.20543112,63.93589904],[23.22064991,63.93567285]]],[[[23.29585732,63.93265498],[23.30980554,63.943947],[23.29182583,63.94734724],[23.28449469,63.94772585],[23.28137062,63.93914685],[23.2935007,63.93309663],[23.29585732,63.93265498]]],[[[22.8149324,63.91178678],[22.81692691,63.91940979],[22.80261196,63.92358589],[22.78709812,63.91969046],[22.78881023,63.91333005],[22.81094322,63.91312204],[22.8149324,63.91178678]]],[[[22.99794447,63.8266788],[23.00428213,63.83085547],[22.98671782,63.8419293],[22.97358212,63.83425672],[22.99554515,63.828544],[22.99794447,63.8266788]]],[[[22.98665643,63.81879888],[22.99585387,63.82378554],[22.98381938,63.82979794],[22.97854289,63.82548108],[22.98371777,63.81918719],[22.98665643,63.81879888]]],[[[22.94650662,63.78181477],[22.98905123,63.78802211],[22.98619893,63.79391302],[22.99522448,63.80387985],[22.98720581,63.81699618],[22.93008965,63.82930053],[22.92168377,63.79528283],[22.94201941,63.78400738],[22.94650662,63.78181477]]],[[[22.92153613,63.7751125],[22.93900614,63.77981778],[22.91424112,63.79202242],[22.91858087,63.80970179],[22.9119963,63.81809538],[22.91419894,63.82602801],[22.96629393,63.82939907],[22.9538809,63.84607158],[22.96191805,63.852297],[22.94503242,63.86466617],[22.96785988,63.86471829],[22.95891059,63.87343156],[22.93833502,63.87760777],[22.9410212,63.88693058],[22.93562581,63.89195522],[22.91807644,63.89185096],[22.89824358,63.90104507],[22.85232517,63.89310383],[22.84233666,63.90463321],[22.81999474,63.89851923],[22.83361173,63.89291259],[22.8173714,63.88832108],[22.83432697,63.87065669],[22.87971875,63.86100488],[22.89293182,63.86487386],[22.90841111,63.85594049],[22.88631461,63.85209021],[22.89991761,63.83579123],[22.86429876,63.84236857],[22.8868016,63.8125535],[22.85985944,63.78470715],[22.92410202,63.77895896],[22.92153613,63.7751125]]],[[[24.35900763,63.11642953],[24.53075118,63.15748061],[24.77288316,63.13336363],[24.73161123,63.14703527],[24.7458424,63.19789813],[24.76259959,63.21876692],[24.75181525,63.25197702],[24.76659287,63.25530448],[24.75416764,63.2659187],[24.80360264,63.27593053],[24.77292097,63.35868414],[24.90246952,63.43123389],[25.03631555,63.45807319],[24.91336104,63.52532385],[24.82016951,63.58660505],[24.61871397,63.65088803],[24.56196757,63.68879274],[24.42552253,63.84007318],[24.28379241,63.86239358],[24.24745226,63.8769495],[24.21712019,63.93292057],[24.17982873,63.93831166],[24.0989525,64.00629124],[24.08707769,64.07114503],[23.97044274,64.0952656],[23.96129182,64.07698173],[23.91503117,64.06692798],[23.91678156,64.04339172],[23.92821852,64.03576496],[23.88502109,64.02355084],[23.87961013,64.01240791],[23.92827037,63.97774039],[23.9106092,63.96497951],[23.84355375,63.96986077],[23.77833672,63.99696425],[23.74333489,63.98336649],[23.7552174,63.97765199],[23.7461453,63.97373195],[23.72609967,63.98555336],[23.71156445,63.97763293],[23.64062586,64.03913171],[23.61731415,64.04880513],[23.60352006,64.04485869],[23.5925502,64.05585729],[23.5818347,64.05536233],[23.59325385,64.04926908],[23.56861973,64.04054296],[23.50514075,64.05698856],[23.47615136,64.05664864],[23.43960469,64.0817857],[23.41164332,64.08477507],[23.37980607,64.05642239],[23.38163872,64.02698806],[23.39161115,64.0194172],[23.38741419,64.00627293],[23.3746771,64.00209163],[23.39219859,63.99625439],[23.3898479,63.98993201],[23.37875157,63.98868069],[23.39608074,63.97909766],[23.36469746,63.96849129],[23.3967832,63.95298731],[23.40635415,63.94173917],[23.36766123,63.92882419],[23.38216821,63.92451373],[23.36203462,63.92247234],[23.37057547,63.91293326],[23.35521845,63.91391071],[23.34365167,63.92517778],[23.31090074,63.93836875],[23.30201637,63.92612001],[23.32222486,63.91898922],[23.28801523,63.90996254],[23.26904069,63.91896479],[23.22273437,63.91066684],[23.21515018,63.91846287],[23.21078842,63.91587248],[23.21988243,63.90949162],[23.20770431,63.91164095],[23.20476545,63.90547131],[23.18888107,63.91290295],[23.15647489,63.91497159],[23.16028646,63.9100772],[23.14961182,63.90674155],[23.12889703,63.91782722],[23.12266179,63.91253224],[23.14257632,63.89953801],[23.13534588,63.88933028],[23.12310375,63.88745888],[23.09163206,63.91302932],[23.07806843,63.91422451],[23.07646381,63.90476372],[23.09379177,63.90028164],[23.13250001,63.87345821],[23.1164198,63.85782543],[23.10275916,63.85556409],[23.1034142,63.86805055],[23.08757351,63.87826243],[23.04411487,63.87590257],[23.0361548,63.86761732],[23.02728957,63.86820426],[23.04162757,63.86102809],[23.02342174,63.85585388],[23.02770532,63.85190575],[23.01720588,63.85005028],[23.01937984,63.84573544],[23.0457185,63.83769851],[23.02630782,63.82293856],[23.01393402,63.82916737],[22.99912133,63.82354363],[23.02059186,63.80538773],[23.00355789,63.79630982],[23.02011585,63.79634568],[23.02420517,63.79103272],[23.01157698,63.79531494],[23.01289846,63.79125367],[23.22410873,63.71876473],[23.24839665,63.71692165],[23.265585,63.74147835],[23.29164862,63.75361598],[23.33635195,63.76127448],[23.39185876,63.75930075],[23.40482496,63.75036321],[23.42115734,63.75326008],[23.44434057,63.73722168],[23.45787206,63.74160295],[23.45533583,63.76141947],[23.47764038,63.77913005],[23.74408123,63.67543701],[23.70485218,63.656542],[23.64987145,63.67108678],[23.61071299,63.65029188],[23.54648813,63.63372552],[23.53211778,63.63406546],[23.49854771,63.65648806],[23.46882734,63.66160806],[23.48491314,63.63997668],[23.45323009,63.6290629],[23.46711985,63.62031892],[23.46446804,63.61626488],[23.45771622,63.61023338],[23.42240721,63.61601357],[23.49096451,63.58637533],[23.55659335,63.60413343],[23.57701026,63.58686785],[23.57862146,63.55341105],[23.65102999,63.53093495],[23.66002828,63.43482733],[23.70992526,63.38287712],[23.69698894,63.3803207],[23.77073135,63.31311384],[23.86202124,63.27758447],[23.95599855,63.27601581],[24.01667127,63.26836524],[24.0970315,63.24501126],[24.17235769,63.21125856],[24.23448091,63.17069885],[24.19711089,63.1588965],[24.17817331,63.16092474],[24.17077105,63.14799836],[24.2031796,63.15486861],[24.25688621,63.1330175],[24.30440795,63.14111625],[24.35900763,63.11642953]]]]}},{"type":"Feature","id":"17","properties":{"code":"17","nameFi":"Pohjois-Pohjanmaa","nameSv":"Norra Österbotten","nameEn":"North Ostrobothnia","year":2026},"geometry":{"type":"MultiPolygon","coordinates":[[[[25.01919808,65.40115089],[25.025079,65.4049699],[25.01530667,65.4105991],[25.0202019,65.41773537],[25.01168091,65.41999503],[24.99547393,65.42255347],[24.99212017,65.41937349],[24.99856415,65.41672429],[24.99017861,65.41003399],[24.99469665,65.40521773],[25.0115348,65.41020185],[25.01128635,65.40300648],[25.01919808,65.40115089]]],[[[24.83368894,65.37336448],[24.85506775,65.38666053],[24.84575572,65.39337558],[24.81669644,65.3880551],[24.81575428,65.37999179],[24.82618242,65.37494091],[24.83368894,65.37336448]]],[[[25.26968532,65.34520512],[25.25949998,65.35326555],[25.25220854,65.34986759],[25.25879493,65.34680085],[25.26968532,65.34520512]]],[[[25.21134525,65.27072026],[25.21810282,65.27683971],[25.20692263,65.28354063],[25.20162872,65.27408187],[25.20865649,65.27144851],[25.21134525,65.27072026]]],[[[25.20377768,65.25800918],[25.21962033,65.26677001],[25.20188588,65.26574971],[25.19711933,65.26172286],[25.20095157,65.25841598],[25.20377768,65.25800918]]],[[[25.10932639,65.12483724],[25.13644176,65.13349297],[25.13561904,65.14124912],[25.10207339,65.12770314],[25.10932639,65.12483724]]],[[[25.14198172,65.09918528],[25.19020077,65.11263947],[25.15533282,65.11428115],[25.14236208,65.10962931],[25.1460172,65.10658666],[25.13821802,65.10060279],[25.14198172,65.09918528]]],[[[25.24663213,65.08236029],[25.25117652,65.08423008],[25.23421737,65.09804536],[25.24116031,65.1032175],[25.22585509,65.10664979],[25.20291394,65.1091982],[25.19183178,65.09673387],[25.24318117,65.08293146],[25.24663213,65.08236029]]],[[[25.34434264,65.07098157],[25.3468048,65.07621249],[25.33487361,65.08292299],[25.35178795,65.09937753],[25.34702711,65.10155798],[25.29584574,65.09493589],[25.29237412,65.08486141],[25.32639442,65.08199628],[25.33453498,65.07325043],[25.34434264,65.07098157]]],[[[25.43953153,65.0236013],[25.44327411,65.03014381],[25.41761162,65.04068998],[25.41110433,65.03211909],[25.41400879,65.02474043],[25.43657601,65.02388495],[25.43953153,65.0236013]]],[[[25.41202304,65.01318156],[25.43566447,65.0150939],[25.43952113,65.02334221],[25.4124404,65.02285141],[25.41140592,65.01456872],[25.41202304,65.01318156]]],[[[25.41151866,65.0030834],[25.43207368,65.01361751],[25.39764946,65.01189994],[25.400483,65.00362832],[25.40721454,65.00437313],[25.41151866,65.0030834]]],[[[25.31780542,64.99284345],[25.32124521,64.99940217],[25.30308614,65.00233226],[25.28217038,65.00151844],[25.31514584,64.99314789],[25.31780542,64.99284345]]],[[[24.79242237,64.94166417],[24.84473792,64.96184381],[24.8768283,64.96652443],[24.86822446,64.98857465],[24.8811242,64.99907851],[24.86417648,65.01900066],[24.84117875,65.02431479],[24.83901236,65.03502482],[24.82067807,65.03217681],[24.81868433,65.04111687],[24.83066978,65.0494244],[24.79811104,65.04365254],[24.78891114,65.04569254],[24.79403683,65.0503923],[24.83187924,65.05507662],[24.89987382,65.04730022],[24.92172974,65.03352827],[25.00934412,65.0303409],[25.06115624,65.04415561],[25.02419206,65.05803677],[24.90195229,65.06363697],[24.88537019,65.05941685],[24.87935707,65.06499128],[24.88299364,65.07031174],[24.89953438,65.06917258],[24.89223737,65.07860263],[24.84230877,65.09453437],[24.76141194,65.08335718],[24.64798544,65.08252278],[24.59285801,65.06072779],[24.57448481,65.04357723],[24.55601264,65.03947489],[24.563327,65.0259341],[24.57368702,65.02100678],[24.57631667,65.00395163],[24.61466159,64.98841572],[24.62122168,64.98206619],[24.61670301,64.97625056],[24.63335439,64.96682267],[24.65492941,64.95935473],[24.69370792,64.95986508],[24.72285847,64.9701369],[24.70242669,64.97724072],[24.74678241,64.98067214],[24.75087524,64.97431849],[24.73287235,64.97330763],[24.73981155,64.96947195],[24.73868873,64.95871307],[24.78736028,64.94215208],[24.79242237,64.94166417]]],[[[24.75502609,64.93436632],[24.78023578,64.93736177],[24.78066674,64.94235239],[24.763733,64.94483897],[24.75270238,64.93559713],[24.75502609,64.93436632]]],[[[24.43364459,64.69249231],[24.44782436,64.69595215],[24.45087293,64.70193994],[24.44627746,64.70378413],[24.4258891,64.69993532],[24.43085605,64.69282374],[24.43364459,64.69249231]]],[[[23.67966175,64.17072455],[23.68293956,64.17755961],[23.6502236,64.20082846],[23.64512952,64.21809673],[23.63162597,64.20451476],[23.63485618,64.20160975],[23.61295149,64.19640242],[23.61096545,64.19060118],[23.59928461,64.19226242],[23.5965184,64.18551235],[23.60745449,64.18070843],[23.653276,64.19027417],[23.6671459,64.17602009],[23.67901625,64.17401716],[23.67966175,64.17072455]]],[[[23.64674327,64.14674766],[23.62861683,64.1597011],[23.63083491,64.1519753],[23.64427825,64.1474304],[23.64674327,64.14674766]]],[[[23.54628169,64.07821581],[23.54365873,64.08936187],[23.52795803,64.08824874],[23.53577889,64.08255617],[23.54628169,64.07821581]]],[[[25.99458983,63.42912039],[26.13863975,63.45758802],[26.18621576,63.49896419],[26.19521239,63.56930277],[26.29180374,63.58994771],[26.24281751,63.80659323],[26.21813091,63.83162927],[26.59795157,63.97949494],[26.87040219,64.03697385],[26.781109,64.05710018],[26.76749964,64.26516556],[26.74841807,64.27854105],[26.81380589,64.30615794],[26.88837782,64.30154529],[26.9260503,64.3118871],[26.92172221,64.32169821],[26.94167538,64.32706503],[26.9640873,64.29571945],[27.04239272,64.2845183],[27.18776641,64.31032383],[27.19184168,64.34990161],[27.24762227,64.38025537],[27.2538756,64.39088453],[27.25123368,64.39904564],[27.1800123,64.44097888],[27.18507664,64.45589014],[27.20548457,64.47404308],[27.27221742,64.48991377],[27.2966261,64.50185894],[27.34790331,64.55000018],[27.3969808,64.57188465],[27.37878442,64.57706],[27.38848106,64.58337069],[27.3495639,64.59690193],[27.36849288,64.60379814],[27.25937426,64.62484733],[27.25839406,64.63311578],[27.2690352,64.63761253],[27.26694598,64.66101126],[27.22561142,64.71259537],[27.27929762,64.71731356],[27.19809495,64.77724516],[27.11844245,64.81477298],[27.14809153,64.8352874],[27.35435639,64.81198895],[27.37509469,64.8308141],[27.36090431,64.84298357],[27.3932167,64.84669825],[27.4026396,64.85524605],[27.36973647,64.88992252],[27.40535183,64.92330577],[27.39957688,64.93556323],[27.3768645,64.94138433],[27.39365338,64.94554479],[27.38575154,64.95901459],[27.26250392,65.02733988],[27.32988378,65.0906602],[27.45292619,65.0871939],[27.57213104,65.09444617],[27.6670064,65.12131419],[27.89427385,65.091469],[27.94151735,65.17984176],[27.94819846,65.20574241],[28.03387802,65.23856144],[28.60857068,65.2866784],[28.60436365,65.31245779],[28.6289002,65.35379598],[28.65708479,65.37192134],[28.64691687,65.38933803],[28.95552814,65.44737909],[29.04477149,65.43748099],[29.11610921,65.44756665],[29.21932418,65.49355648],[29.21321752,65.51847742],[29.32032165,65.52088837],[29.50487912,65.48801918],[29.54835511,65.50594001],[29.65091116,65.49756856],[29.75471395,65.49736571],[29.86390215,65.56044385],[29.75396859,65.60935043],[29.7218687,65.63708459],[30.01710879,65.69647782],[30.13846542,65.668677],[30.13406927,65.69972274],[30.06845197,65.89496492],[30.02439663,65.95873254],[30.02422315,65.96670212],[29.99711763,65.97883404],[29.98939896,66.01988384],[29.92330566,66.12714571],[29.70939912,66.26829921],[29.69515175,66.27139146],[29.69682728,66.27719627],[29.63136058,66.36627606],[29.57292982,66.43285322],[29.25797326,66.43289265],[29.2585216,66.40814696],[28.69531203,66.48585326],[28.6648534,66.41294793],[28.612937,66.41248314],[28.58466194,66.40092068],[28.57464913,66.38218389],[28.54871059,66.38288478],[28.5464118,66.34022798],[28.53808747,66.33261021],[28.5929981,66.26788379],[28.63885354,66.26671661],[28.64376373,66.25175604],[28.66213157,66.24730859],[28.68849423,66.26222596],[28.74965945,66.25448295],[28.75880688,66.22923747],[28.7500896,66.21512444],[28.73393112,66.20610163],[28.76842529,66.18455306],[28.7173708,66.16036025],[28.71576175,66.13590789],[28.68715155,66.1275409],[28.60416341,66.12816252],[28.62619999,66.09043488],[28.64581132,66.08586229],[28.62480534,66.07090455],[28.69684966,66.06173548],[28.7184475,66.04325561],[28.74453828,66.0514296],[28.76423984,66.04334482],[28.74839813,66.02372016],[28.747264,66.00180796],[28.66930979,65.99970181],[28.651971,65.98689032],[28.59771293,65.98736616],[28.5982192,65.99921716],[28.54410476,66.0089552],[28.543852,66.0034663],[28.48320983,66.0038771],[28.48263826,65.98969293],[28.41165033,65.98630213],[28.42263718,66.00270051],[28.41522854,66.00507679],[28.39025925,65.99629585],[28.39250656,65.96856714],[28.37282811,65.97126125],[28.36824658,65.96762083],[28.37217097,65.96021886],[28.43293301,65.94647151],[28.45810702,65.91875536],[28.50876821,65.88978058],[28.51319569,65.84620755],[28.4671894,65.84542926],[28.22349866,65.80059491],[28.14351429,65.81491578],[27.76109954,65.82731808],[27.76745659,65.84105622],[27.69489962,65.90096454],[27.65487404,65.96035963],[27.5968794,65.95467069],[27.56500765,65.93146268],[27.52610587,65.92161336],[27.49699565,65.93160392],[27.44706839,65.92861707],[27.40742169,65.93840393],[27.10109476,65.74189964],[27.07197862,65.72977108],[27.03568906,65.73840504],[26.82470418,65.70114508],[26.65986444,65.7102461],[26.3686741,65.71346543],[26.15823371,65.7255555],[26.16011082,65.82233498],[25.79023537,65.7407117],[25.42450495,65.74256857],[25.36006615,65.72738484],[25.30757596,65.68500315],[25.23065126,65.66831816],[25.16256345,65.63588844],[25.12933713,65.60733324],[25.08392342,65.58748003],[25.08272302,65.57172507],[25.10770479,65.57271007],[25.11811978,65.55950821],[25.11399181,65.55048428],[25.15039357,65.56997101],[25.16087393,65.56839223],[25.16054893,65.56302209],[25.1703514,65.56682182],[25.18662909,65.56042384],[25.20789933,65.5613905],[25.20356283,65.55640551],[25.21115929,65.55282404],[25.21159644,65.54197606],[25.25125752,65.53036408],[25.26692494,65.51635789],[25.26639249,65.50939376],[25.28500432,65.50210771],[25.27878057,65.4920595],[25.32476933,65.48623427],[25.3303827,65.48104914],[25.32141719,65.47708331],[25.32764148,65.47182917],[25.32431027,65.46842065],[25.34927542,65.45801238],[25.32544401,65.44844581],[25.34995161,65.44218803],[25.34066155,65.4383729],[25.3652928,65.42411447],[25.341266,65.42115583],[25.32858375,65.4149259],[25.33011429,65.41058464],[25.29955062,65.39945],[25.28619711,65.40839819],[25.25959585,65.40729328],[25.26369066,65.38915027],[25.28844351,65.3836282],[25.26701387,65.3807086],[25.27316262,65.37357513],[25.26049886,65.37271706],[25.26138877,65.3673079],[25.30628959,65.37070033],[25.33330515,65.35955613],[25.30929663,65.35850627],[25.3059047,65.36503581],[25.29439241,65.36696715],[25.29570619,65.35356304],[25.27467548,65.3495534],[25.28331245,65.34575687],[25.27830354,65.34308134],[25.28357302,65.33917514],[25.23420576,65.33015528],[25.24793374,65.32742617],[25.24388314,65.31805152],[25.27460751,65.31135681],[25.31690465,65.29098545],[25.31188111,65.28544295],[25.28822111,65.28560832],[25.28289111,65.27700059],[25.26588145,65.27355135],[25.26864133,65.26624701],[25.32971098,65.26358595],[25.33392739,65.25857273],[25.3115491,65.25685505],[25.31011298,65.24882705],[25.29375833,65.24572767],[25.33727472,65.23913395],[25.34540831,65.23265202],[25.27898878,65.23689606],[25.27629291,65.23354993],[25.2851818,65.23053745],[25.28272195,65.22487478],[25.2916728,65.22070825],[25.25577259,65.21988129],[25.29460865,65.2104032],[25.27779929,65.20863185],[25.30233607,65.19913612],[25.29822525,65.19480584],[25.26584434,65.1995124],[25.26191256,65.19683032],[25.27872935,65.18237588],[25.27463966,65.17509426],[25.22587425,65.16975258],[25.23121181,65.14228075],[25.23816259,65.13537443],[25.22946306,65.12699459],[25.29629916,65.12334773],[25.33873758,65.10626848],[25.38257642,65.09791679],[25.37749342,65.08888471],[25.38976327,65.07050814],[25.40171103,65.06401741],[25.39132578,65.05738605],[25.42843583,65.03515272],[25.47786292,65.02039103],[25.43065573,65.00685024],[25.41895732,64.99758168],[25.40368677,64.99759551],[25.48246658,64.97444755],[25.48654384,64.95771841],[25.46330518,64.94836832],[25.43028146,64.94601646],[25.4131744,64.95109695],[25.40756371,64.95932035],[25.35821833,64.97150109],[25.32557264,64.99038351],[25.28868081,64.99250234],[25.31244523,64.98359599],[25.27930973,64.98466576],[25.25998892,64.99087583],[25.28325922,64.98852504],[25.28695976,64.99437216],[25.21571871,65.00420833],[25.22083108,64.99903877],[25.21003268,64.99454568],[25.21274891,64.98382247],[25.19296771,64.97803202],[25.22375356,64.94532724],[25.32868914,64.90614415],[25.36263281,64.90984413],[25.39145519,64.89860961],[25.3855287,64.8932693],[25.3907509,64.88297832],[25.37655726,64.8822183],[25.3591694,64.86214019],[25.34550432,64.86173237],[25.35453156,64.85736918],[25.33930267,64.84830348],[25.34976414,64.84369669],[25.31275726,64.82833884],[25.29402336,64.82828788],[25.29722274,64.83935911],[25.28946545,64.8507917],[25.30213102,64.85344225],[25.29431821,64.85976677],[25.25579276,64.87291406],[25.21938258,64.87212932],[25.21641828,64.88337683],[25.19906733,64.8805828],[25.19487991,64.88682811],[25.20539429,64.89487653],[25.18606737,64.90291444],[25.16557923,64.90469687],[25.14680707,64.89575149],[25.13165772,64.90541454],[25.12602997,64.91868614],[25.09282482,64.92161039],[25.06130206,64.910485],[25.00162314,64.9131264],[24.95591673,64.9070187],[24.95935129,64.88800816],[24.93036034,64.88144743],[24.8192779,64.88771178],[24.79255951,64.8753637],[24.74433153,64.87491607],[24.71334869,64.86678383],[24.7016238,64.87067222],[24.68542195,64.8550362],[24.687419,64.84557623],[24.67372181,64.83985302],[24.67483547,64.82775363],[24.66938238,64.82522659],[24.67380772,64.81836022],[24.66259484,64.80580531],[24.66656124,64.80178898],[24.64371891,64.80776638],[24.64476226,64.82040308],[24.65373617,64.82727221],[24.64692974,64.83310278],[24.61424236,64.83223263],[24.5447653,64.81739481],[24.54615341,64.8044197],[24.56719077,64.79881122],[24.58065824,64.78540229],[24.56938399,64.77142702],[24.55715997,64.77258101],[24.56415963,64.76398466],[24.55744339,64.74801677],[24.56800032,64.74246546],[24.56640724,64.73242117],[24.55364923,64.72103212],[24.53764588,64.72011971],[24.52978245,64.71300437],[24.50080094,64.71042556],[24.5101706,64.70695561],[24.49624237,64.70594394],[24.50227473,64.70107313],[24.49105544,64.69661253],[24.47366586,64.70190993],[24.46379037,64.6949065],[24.44152296,64.69312011],[24.46595118,64.68404924],[24.43861384,64.67171271],[24.40861719,64.66715465],[24.4058399,64.66196757],[24.41724878,64.65793104],[24.4057899,64.65556498],[24.40806348,64.6509837],[24.39898576,64.6486744],[24.40112579,64.64130558],[24.38191926,64.63289392],[24.39831007,64.62540025],[24.37961756,64.61406836],[24.38274935,64.60840611],[24.36359645,64.60420678],[24.37681861,64.59664941],[24.36624318,64.59294499],[24.38050247,64.5861596],[24.38071995,64.5799269],[24.36195776,64.57477779],[24.36391296,64.56705093],[24.35454396,64.5666328],[24.37293545,64.55899653],[24.37013121,64.54561145],[24.34423742,64.53277748],[24.30611227,64.52449789],[24.28180838,64.52856757],[24.2725816,64.53805275],[24.24771449,64.53450382],[24.26312953,64.52092087],[24.26165966,64.5156215],[24.27614532,64.5128104],[24.29098823,64.49980854],[24.26891527,64.49843167],[24.26735175,64.50398606],[24.25457902,64.50644647],[24.25088301,64.49919102],[24.22694712,64.49768633],[24.21803267,64.48884817],[24.22309041,64.48571181],[24.19789429,64.48273264],[24.19660903,64.47248179],[24.17107573,64.45689718],[24.13209853,64.45506093],[24.10946996,64.44010456],[24.08286298,64.44255746],[24.09377583,64.43648063],[24.08740875,64.43210799],[24.10041611,64.42509637],[24.08925585,64.4133099],[24.02945164,64.41383015],[24.03264303,64.40479679],[24.01900874,64.40259959],[24.02235599,64.39825122],[24.01574825,64.39293096],[24.00021027,64.39055768],[23.9840876,64.36758728],[23.98827994,64.3635028],[23.98099748,64.36183954],[23.98967398,64.35738655],[23.9839125,64.35297896],[23.91899445,64.33110577],[23.91370878,64.28715761],[23.86385811,64.283959],[23.8517508,64.28902614],[23.83464612,64.27126209],[23.8441986,64.26150058],[23.82625015,64.27278675],[23.8202375,64.26210132],[23.83405615,64.25563267],[23.82074823,64.25019018],[23.81396789,64.23858031],[23.7749322,64.2261201],[23.73191185,64.22340379],[23.73368608,64.21735764],[23.72741225,64.21607637],[23.69701035,64.22601119],[23.70032662,64.2233583],[23.68396865,64.21648475],[23.71826961,64.19424851],[23.72054968,64.18573591],[23.6906408,64.17635828],[23.69669637,64.16677008],[23.67337914,64.16013207],[23.6762329,64.15413049],[23.65127062,64.13702534],[23.6295053,64.14267001],[23.64276094,64.13122732],[23.63534084,64.125569],[23.64202405,64.11850451],[23.63651085,64.11509858],[23.59993435,64.12609867],[23.5814432,64.11658324],[23.59822795,64.10294867],[23.59549614,64.09478302],[23.63251057,64.07114769],[23.61501328,64.05586815],[23.61731415,64.04880513],[23.64062586,64.03913171],[23.71156445,63.97763293],[23.72609967,63.98555336],[23.7461453,63.97373195],[23.7552174,63.97765199],[23.74333489,63.98336649],[23.77833672,63.99696425],[23.84355375,63.96986077],[23.9106092,63.96497951],[23.9271805,63.97218741],[23.92827037,63.97774039],[23.87961013,64.01240791],[23.88502109,64.02355084],[23.92821852,64.03576496],[23.91678156,64.04339172],[23.91503117,64.06692798],[23.96129182,64.07698173],[23.97044274,64.0952656],[24.08707769,64.07114503],[24.0989525,64.00629124],[24.17982873,63.93831166],[24.21712019,63.93292057],[24.24745226,63.8769495],[24.28379241,63.86239358],[24.42552253,63.84007318],[24.56196757,63.68879274],[24.61871397,63.65088803],[24.82016951,63.58660505],[24.91336104,63.52532385],[25.03631555,63.45807319],[25.08187155,63.46716821],[25.11302704,63.50232614],[25.14011176,63.57431459],[25.25109512,63.61229325],[25.48240771,63.53258064],[25.54111185,63.52378937],[25.69824256,63.51995664],[25.77450278,63.50568461],[25.80898722,63.49452192],[25.8928132,63.43965126],[25.99458983,63.42912039]]]]}},{"type":"Feature","id":"18","properties":{"code":"18","nameFi":"Kainuu","nameSv":"Kajanaland","nameEn":"Kainuu","year":2026},"geometry":{"type":"MultiPolygon","coordinates":[[[[28.27391502,63.6688115],[28.47374757,63.85840225],[28.45996128,63.87111725],[28.50077086,63.88241469],[28.88513706,63.835837],[29.31142093,63.85279993],[29.68252613,63.87894234],[29.72268884,63.74803151],[29.77568902,63.70335639],[29.87466483,63.74920568],[29.97189359,63.75716535],[30.26041281,63.82200936],[30.32091358,63.90953214],[30.44702615,63.98277323],[30.52802126,64.04887708],[30.5535576,64.1016869],[30.55340217,64.13224724],[30.51588326,64.15496408],[30.46636449,64.20443088],[30.50959606,64.22168725],[30.48243635,64.26232588],[30.38827348,64.26906834],[30.36080532,64.28131891],[30.36693307,64.29968718],[30.21015034,64.35046555],[30.10992411,64.36502865],[30.0448663,64.40202868],[30.05720688,64.434225],[30.05006534,64.44162963],[30.0583381,64.45088729],[30.04593092,64.47211307],[30.02436799,64.48299272],[30.0296798,64.50062777],[30.01460257,64.50434942],[29.98695707,64.53389688],[29.99742895,64.57731247],[29.9894001,64.58762222],[30.05432785,64.61526671],[30.11898934,64.62591497],[30.13010901,64.63472875],[30.13583749,64.64899958],[30.0536589,64.71302841],[30.0413965,64.74119344],[30.0910677,64.76495316],[30.08650961,64.77398819],[30.04292992,64.79288075],[29.7396283,64.78978365],[29.6875026,64.81880896],[29.69970303,64.83722345],[29.64490735,64.86649301],[29.61522106,64.91745702],[29.61099494,64.92731094],[29.61918478,64.95965905],[29.59933311,64.99505586],[29.6144335,65.01279017],[29.62697573,65.06059694],[29.73266765,65.0912944],[29.83093735,65.09192235],[29.8968589,65.10513968],[29.81933283,65.14427824],[29.89358818,65.19297096],[29.88565908,65.20629534],[29.76410211,65.22889171],[29.63400178,65.23158507],[29.60178793,65.25993273],[29.60928179,65.27579191],[29.64605881,65.28907496],[29.7465796,65.34740197],[29.73135834,65.37399482],[29.72739329,65.40033013],[29.73304814,65.47250044],[29.74896366,65.4825954],[29.75471395,65.49736571],[29.65091116,65.49756856],[29.54835511,65.50594001],[29.50487912,65.48801918],[29.32032165,65.52088837],[29.21321752,65.51847742],[29.21932418,65.49355648],[29.11610921,65.44756665],[29.04477149,65.43748099],[28.95552814,65.44737909],[28.64691687,65.38933803],[28.65708479,65.37192134],[28.6289002,65.35379598],[28.60436365,65.31245779],[28.60857068,65.2866784],[28.03387802,65.23856144],[27.94819846,65.20574241],[27.94151735,65.17984176],[27.89427385,65.091469],[27.6670064,65.12131419],[27.57213104,65.09444617],[27.45292619,65.0871939],[27.32988378,65.0906602],[27.26250392,65.02733988],[27.38575154,64.95901459],[27.39365338,64.94554479],[27.3768645,64.94138433],[27.39957688,64.93556323],[27.40535183,64.92330577],[27.36973647,64.88992252],[27.4026396,64.85524605],[27.3932167,64.84669825],[27.36090431,64.84298357],[27.37509469,64.8308141],[27.35435639,64.81198895],[27.14809153,64.8352874],[27.11844245,64.81477298],[27.19809495,64.77724516],[27.27929762,64.71731356],[27.22561142,64.71259537],[27.26694598,64.66101126],[27.2690352,64.63761253],[27.25839406,64.63311578],[27.25937426,64.62484733],[27.36849288,64.60379814],[27.3495639,64.59690193],[27.38848106,64.58337069],[27.37878442,64.57706],[27.3969808,64.57188465],[27.34790331,64.55000018],[27.2966261,64.50185894],[27.27221742,64.48991377],[27.20548457,64.47404308],[27.18507664,64.45589014],[27.1800123,64.44097888],[27.25123368,64.39904564],[27.2538756,64.39088453],[27.24762227,64.38025537],[27.19184168,64.34990161],[27.18776641,64.31032383],[27.04239272,64.2845183],[26.9640873,64.29571945],[26.94167538,64.32706503],[26.92172221,64.32169821],[26.9260503,64.3118871],[26.88837782,64.30154529],[26.81380589,64.30615794],[26.74841807,64.27854105],[26.76749964,64.26516556],[26.781109,64.05710018],[27.01254508,63.99895875],[27.11927114,63.9907794],[27.13123456,63.99762758],[27.26111401,63.98933511],[27.41867153,63.96639479],[27.42850667,63.94786505],[27.44949429,63.94438118],[27.49702558,63.94970331],[27.4777652,63.96147773],[27.54059677,63.95643282],[27.65029438,63.91874501],[27.66386008,63.92301975],[27.74503077,63.90837667],[27.89279256,63.84911122],[27.9102601,63.85209989],[28.06094916,63.78145759],[28.14463209,63.72468689],[28.20126418,63.70955315],[28.25618576,63.67450786],[28.27391502,63.6688115]]]]}},{"type":"Feature","id":"19","properties":{"code":"19","nameFi":"Lappi","nameSv":"Lappland","nameEn":"Lapland","year":2026},"geometry":{"type":"MultiPolygon","coordinates":[[[[24.51481259,65.68957835],[24.51526677,65.69759394],[24.54006829,65.71939039],[24.53008848,65.72823767],[24.51868688,65.72369642],[24.51500877,65.70628743],[24.49820781,65.6926507],[24.50509097,65.69105208],[24.51481259,65.68957835]]],[[[24.29231795,65.68297472],[24.29518941,65.68748487],[24.27678627,65.69600202],[24.27334069,65.69157028],[24.28729918,65.68301476],[24.29231795,65.68297472]]],[[[24.48951659,65.67862118],[24.49745271,65.68055838],[24.49437134,65.68829868],[24.48123654,65.68340646],[24.48705939,65.6789929],[24.48951659,65.67862118]]],[[[24.54185543,65.65532696],[24.58563094,65.65754206],[24.58816961,65.66944372],[24.59953869,65.6663427],[24.60381493,65.67228898],[24.588244,65.68680285],[24.59982929,65.68935627],[24.606836,65.69966204],[24.60431036,65.70663285],[24.57223661,65.68149222],[24.51664532,65.67567514],[24.51519052,65.66412775],[24.53982013,65.65777201],[24.54185543,65.65532696]]],[[[24.83806428,65.63272761],[24.86788064,65.63646237],[24.82766925,65.64205028],[24.82205431,65.638668],[24.83544121,65.63456489],[24.83806428,65.63272761]]],[[[24.59597763,65.62710192],[24.60135474,65.62734087],[24.59915285,65.63344262],[24.58900114,65.63620577],[24.58721411,65.63099928],[24.59460302,65.62869477],[24.59597763,65.62710192]]],[[[24.88669198,65.61950209],[24.89979675,65.62713187],[24.88682034,65.63644306],[24.87282373,65.62372717],[24.88357808,65.61969255],[24.88669198,65.61950209]]],[[[25.04829071,65.60070544],[25.0570613,65.60666803],[25.04595019,65.61866402],[25.02622787,65.61064722],[25.04508525,65.60171929],[25.04829071,65.60070544]]],[[[24.95521955,65.59890651],[24.96304883,65.60375191],[24.95179202,65.62006818],[24.96717788,65.62327836],[24.96331064,65.62626403],[24.93583591,65.62169617],[24.93423759,65.61144897],[24.94968687,65.60015507],[24.95521955,65.59890651]]],[[[24.98256343,65.59614125],[24.99250392,65.60010162],[24.98686335,65.60587936],[24.96610508,65.61442187],[24.97551865,65.60031002],[24.98256343,65.59614125]]],[[[25.08392342,65.58748003],[25.12933713,65.60733324],[25.16256345,65.63588844],[25.23065126,65.66831816],[25.30757596,65.68500315],[25.36006615,65.72738484],[25.42450495,65.74256857],[25.79023537,65.7407117],[26.16011082,65.82233498],[26.15823371,65.7255555],[26.3686741,65.71346543],[26.65986444,65.7102461],[26.82470418,65.70114508],[27.03568906,65.73840504],[27.07197862,65.72977108],[27.10109476,65.74189964],[27.40742169,65.93840393],[27.44706839,65.92861707],[27.49699565,65.93160392],[27.52610587,65.92161336],[27.56500765,65.93146268],[27.5968794,65.95467069],[27.65487404,65.96035963],[27.69489962,65.90096454],[27.76745659,65.84105622],[27.76109954,65.82731808],[28.14351429,65.81491578],[28.22349866,65.80059491],[28.4671894,65.84542926],[28.51319569,65.84620755],[28.50876821,65.88978058],[28.45810702,65.91875536],[28.43293301,65.94647151],[28.37217097,65.96021886],[28.36824658,65.96762083],[28.37282811,65.97126125],[28.39250656,65.96856714],[28.39025925,65.99629585],[28.41522854,66.00507679],[28.42263718,66.00270051],[28.41165033,65.98630213],[28.48263826,65.98969293],[28.48320983,66.0038771],[28.543852,66.0034663],[28.54410476,66.0089552],[28.5982192,65.99921716],[28.59771293,65.98736616],[28.651971,65.98689032],[28.66930979,65.99970181],[28.747264,66.00180796],[28.74839813,66.02372016],[28.76423984,66.04334482],[28.74453828,66.0514296],[28.7184475,66.04325561],[28.69684966,66.06173548],[28.62480534,66.07090455],[28.64581132,66.08586229],[28.62619999,66.09043488],[28.60416341,66.12816252],[28.68715155,66.1275409],[28.71576175,66.13590789],[28.7173708,66.16036025],[28.76842529,66.18455306],[28.73393112,66.20610163],[28.7500896,66.21512444],[28.75880688,66.22923747],[28.74965945,66.25448295],[28.68849423,66.26222596],[28.66213157,66.24730859],[28.64376373,66.25175604],[28.63885354,66.26671661],[28.5929981,66.26788379],[28.53808747,66.33261021],[28.5464118,66.34022798],[28.54871059,66.38288478],[28.57464913,66.38218389],[28.58466194,66.40092068],[28.612937,66.41248314],[28.6648534,66.41294793],[28.69531203,66.48585326],[29.2585216,66.40814696],[29.25797326,66.43289265],[29.57292982,66.43285322],[29.47205554,66.54390061],[29.4106071,66.58317213],[29.4190358,66.59198644],[29.37619507,66.60382364],[29.38609574,66.60749641],[29.36216479,66.62652775],[29.35633492,66.63999144],[29.1494135,66.7804339],[29.10585645,66.79044712],[29.10357068,66.79574402],[29.11896916,66.80147693],[29.06051473,66.85310034],[29.03317251,66.9255118],[29.03413923,66.94361743],[29.04095393,66.96152421],[29.07285178,66.99590103],[29.51649486,67.28065261],[29.50446725,67.28558455],[29.52255731,67.30989714],[29.57098415,67.3108012],[29.58015044,67.31582836],[29.56586336,67.32246619],[29.58433412,67.33081294],[29.61156394,67.32643775],[29.64406013,67.33578209],[29.64288786,67.34160484],[29.61660778,67.34515106],[29.62157088,67.3515613],[29.64556528,67.35474414],[29.65781446,67.37039633],[29.67658787,67.37220218],[29.71611809,67.39257915],[29.71482684,67.3981676],[29.8400559,67.47918222],[29.93022445,67.52252384],[30.01704296,67.67355271],[29.6594055,67.80295896],[29.32708862,68.07454225],[28.64615118,68.19630332],[28.43393186,68.53967099],[28.70640971,68.7322371],[28.80078844,68.86928333],[28.66127829,68.88641974],[28.46801525,68.88543493],[28.41578844,68.91545064],[28.49579095,68.93012434],[28.92929937,69.05191532],[28.85457622,69.07663901],[28.8054298,69.11115556],[28.8303129,69.17190135],[28.83154066,69.22436066],[29.21934007,69.39763601],[29.33649679,69.47832204],[29.17053283,69.63904134],[29.13390345,69.69534055],[28.40422577,69.81842494],[28.33047612,69.84919255],[28.34526805,69.88083213],[28.16071277,69.92099369],[27.98428525,70.01397067],[27.97699444,70.0542476],[27.9594654,70.09266043],[27.80741165,70.07703978],[27.74378933,70.06416125],[27.67210776,70.07771853],[27.59576166,70.07217635],[27.55429622,70.05898375],[27.54069327,70.04564507],[27.54015499,70.03331997],[27.52598679,70.02346381],[27.42855543,70.0192134],[27.35732806,69.99133428],[27.28878931,69.98451776],[27.27664906,69.97923799],[27.27761176,69.97411395],[27.30214766,69.96311117],[27.30066543,69.95473262],[27.13083424,69.93220768],[27.09993616,69.91755801],[27.0621601,69.91775626],[27.04181321,69.91082183],[26.9697242,69.93848552],[26.87870799,69.93333787],[26.85951936,69.94057981],[26.85893033,69.95733689],[26.84867231,69.96019555],[26.78475379,69.95855088],[26.72047018,69.94500697],[26.70686408,69.94658817],[26.67868577,69.96477211],[26.46713054,69.93950624],[26.4550927,69.91869915],[26.40753837,69.90148199],[26.41821576,69.88909307],[26.41421835,69.87907314],[26.38221779,69.85405092],[26.24791572,69.81746511],[26.24123705,69.81209779],[26.24797351,69.79658483],[26.18909133,69.77461303],[26.18117347,69.76909592],[26.18177943,69.75964703],[26.15118318,69.75605308],[26.13561869,69.73861474],[26.05068624,69.72038145],[26.00045513,69.71968342],[25.96387917,69.70307655],[25.94227526,69.68440593],[25.89149073,69.66550289],[25.89469872,69.65994154],[25.95529873,69.64652735],[25.96332895,69.63370875],[25.95888785,69.62121473],[25.97657654,69.61024289],[25.96673219,69.59879681],[25.95232771,69.59448216],[25.94201718,69.57558728],[25.84043589,69.54558224],[25.87658682,69.52448515],[25.85996334,69.51353237],[25.84854325,69.49324637],[25.86458331,69.47583812],[25.83490109,69.46819622],[25.82442427,69.44758671],[25.80854955,69.43572558],[25.80897802,69.4279871],[25.79722515,69.42186622],[25.81897796,69.41767668],[25.82258022,69.4137028],[25.81591693,69.411786],[25.84661642,69.39370232],[25.81211994,69.37519389],[25.81868904,69.37270153],[25.81684543,69.35967631],[25.78496983,69.35591977],[25.77860647,69.34508693],[25.75937797,69.34037895],[25.75894977,69.32730275],[25.74182557,69.31906489],[25.7377649,69.31057719],[25.74646918,69.30504344],[25.73553639,69.2986685],[25.74557906,69.2913402],[25.74681978,69.28549624],[25.7388408,69.28320924],[25.74239723,69.27574866],[25.72858662,69.27149515],[25.73291388,69.2653855],[25.72464404,69.25902921],[25.70326997,69.25521194],[25.70542449,69.24106353],[25.69989787,69.23136563],[25.71462645,69.2255207],[25.70601438,69.21720407],[25.71332727,69.21158807],[25.69387765,69.20400787],[25.69301985,69.19674403],[25.70861499,69.18549055],[25.74309149,69.13724692],[25.72203775,69.11565877],[25.72012943,69.10973223],[25.73101136,69.10239077],[25.7252328,69.09356285],[25.73133972,69.0827184],[25.72387765,69.08002573],[25.75275056,69.05732141],[25.74458625,69.04397365],[25.75431289,69.0303952],[25.77061475,69.02770549],[25.7776875,69.02009936],[25.76198537,69.00382218],[25.73022108,68.99384221],[25.71304958,68.98118033],[25.713609,68.96687383],[25.65712986,68.91680921],[25.6537324,68.90609987],[25.58813949,68.8832597],[25.53054178,68.8880371],[25.49244018,68.90390995],[25.47480275,68.90451681],[25.40881841,68.89258785],[25.24328843,68.84142355],[25.22939494,68.82478561],[25.15916732,68.80029761],[25.14220353,68.78723036],[25.13462023,68.76197515],[25.12153507,68.74592357],[25.12578732,68.74164097],[25.12271715,68.72518319],[25.12899128,68.71742373],[25.11078745,68.69936202],[25.10821782,68.68060053],[25.11837527,68.64880219],[25.11501961,68.63872313],[25.09120189,68.63560741],[25.07964568,68.62385718],[25.06545379,68.62071641],[25.04837816,68.62664686],[25.02109552,68.62365236],[24.99587544,68.6121761],[24.95789211,68.61633443],[24.91692398,68.60524664],[24.90316578,68.55459184],[24.85716614,68.56220982],[24.78342458,68.63623463],[24.60838791,68.68190161],[24.25096478,68.72713208],[24.20804952,68.74530765],[24.15296231,68.75359106],[24.15855052,68.7897094],[24.07559159,68.77996685],[23.98333015,68.8271432],[23.87146077,68.8365192],[23.77539139,68.81885113],[23.73106351,68.75075142],[23.67352021,68.70552139],[23.44063566,68.69216351],[23.16758229,68.62851895],[23.04595204,68.68934333],[22.80082404,68.68754803],[22.53538933,68.74451198],[22.3745219,68.71666658],[22.34078065,68.82722491],[22.191868,68.9187737],[22.1757624,68.95632431],[21.98360828,69.07289324],[21.72334153,69.21448965],[21.62708632,69.27658831],[21.27882078,69.31188403],[21.09616977,69.26091096],[21.00331317,69.2223367],[20.98757494,69.19192619],[21.04673349,69.13952109],[21.05562537,69.12208531],[21.10867512,69.10392913],[21.05754391,69.03628968],[20.71732233,69.1197905],[20.55232778,69.06007632],[20.62757074,69.04585066],[20.77631147,69.03220115],[20.81073445,69.01902212],[20.83325588,68.99673761],[20.88219818,68.9836657],[20.91166697,68.96874242],[20.91190563,68.95722202],[20.89235431,68.94166629],[20.86597073,68.94354867],[20.84349485,68.93639878],[20.85238122,68.92344717],[20.87828908,68.91914563],[20.90309833,68.89972121],[20.87822395,68.89422885],[20.90140356,68.89108035],[20.93107934,68.89846818],[20.97924887,68.89177535],[20.99766736,68.89666507],[21.0754507,68.87194995],[21.07627004,68.86552545],[21.1270903,68.85404863],[21.14526689,68.84029524],[21.18628156,68.82498916],[21.23529465,68.81344201],[21.25262395,68.80272194],[21.26492455,68.78258264],[21.29770725,68.76291974],[21.38689485,68.76537395],[21.4110883,68.74904477],[21.4037,68.73752561],[21.41307034,68.73175579],[21.40840186,68.72562822],[21.41909373,68.71640291],[21.41258131,68.7102144],[21.419262,68.70626581],[21.41894463,68.69639516],[21.4998773,68.67691133],[21.55820214,68.67632225],[21.61419233,68.66505565],[21.6265766,68.65509804],[21.70882103,68.6253595],[21.71079311,68.61775123],[21.69737317,68.6113634],[21.6993601,68.59689555],[21.72036041,68.59023421],[21.77510671,68.58552509],[21.8383384,68.59176546],[21.88897022,68.58441266],[21.93693998,68.5595086],[21.96809338,68.5509853],[21.99047972,68.53454068],[22.00477165,68.53379663],[21.9946704,68.52227031],[22.00969957,68.5005552],[22.04190558,68.48018916],[22.11282141,68.48252046],[22.12721914,68.47200318],[22.15112036,68.47061619],[22.19115836,68.48072963],[22.2187252,68.47341933],[22.25100482,68.48291949],[22.26757707,68.47874868],[22.29551365,68.48444688],[22.34848271,68.48191737],[22.35038431,68.47566591],[22.34058981,68.46965203],[22.3487517,68.46425028],[22.3424437,68.46026519],[22.34042664,68.44539969],[22.4134006,68.46632712],[22.46688345,68.44188969],[22.55336478,68.43488451],[22.57210963,68.42262073],[22.63716703,68.43510261],[22.64201265,68.43050409],[22.63802432,68.42263448],[22.64467548,68.41738879],[22.67847637,68.41147703],[22.69048729,68.40624408],[22.68456172,68.40078563],[22.71241951,68.39788912],[22.73258986,68.3857046],[22.76179538,68.38539677],[22.79747695,68.39411614],[22.84383471,68.383728],[22.83430559,68.36609281],[22.89283428,68.34897764],[22.91520533,68.33423945],[22.97057166,68.33272529],[22.98627526,68.32037468],[23.05531929,68.30791422],[23.06582428,68.30038977],[23.06127153,68.27924432],[23.0758855,68.26748547],[23.11206116,68.25186282],[23.14276927,68.24683115],[23.15055668,68.233642],[23.14062676,68.21909021],[23.14052373,68.20431241],[23.16071976,68.19863942],[23.14031952,68.1823824],[23.13881611,68.15594267],[23.15044554,68.13824756],[23.16899366,68.13367827],[23.27669697,68.15796596],[23.30639465,68.14855541],[23.33014176,68.12174295],[23.32705871,68.11650052],[23.37177213,68.06811222],[23.36948003,68.06165079],[23.38391669,68.05589437],[23.38672199,68.04810861],[23.44286148,68.03714413],[23.46340503,68.03079903],[23.46445739,68.02149887],[23.47137989,68.01887101],[23.53404378,68.00561209],[23.53982693,68.0006475],[23.53816708,67.99194582],[23.5731555,67.97238169],[23.64629672,67.96275573],[23.66446883,67.94114809],[23.64836075,67.93047471],[23.64545969,67.91950769],[23.57867177,67.89203903],[23.55275966,67.89768156],[23.51555678,67.88452702],[23.49333159,67.86391145],[23.4869285,67.84640642],[23.47643138,67.84255228],[23.48112436,67.82755096],[23.47141981,67.8176242],[23.49372509,67.7861019],[23.48326359,67.77226768],[23.49240805,67.76515502],[23.49238912,67.75537009],[23.4738144,67.73892996],[23.48608763,67.73005386],[23.47635584,67.7162475],[23.48297599,67.71130541],[23.47866741,67.70052793],[23.49204555,67.69620556],[23.49910559,67.68061231],[23.49009129,67.66568396],[23.53787194,67.63431978],[23.5409067,67.62370046],[23.5581189,67.62102969],[23.53718613,67.60341296],[23.54326299,67.58261816],[23.50637895,67.56333274],[23.45491954,67.56197709],[23.48390253,67.54082447],[23.47375448,67.52995788],[23.4347962,67.51782325],[23.43089378,67.50740122],[23.40346903,67.50055397],[23.40570064,67.49602933],[23.39254094,67.48506606],[23.42254134,67.46221071],[23.4936872,67.44658884],[23.51024403,67.44675821],[23.54048991,67.46104491],[23.67386789,67.44250521],[23.70992429,67.44572488],[23.76458166,67.42821433],[23.75168584,67.4200014],[23.75176576,67.40788865],[23.71705299,67.38620451],[23.73492429,67.37954359],[23.72692534,67.37184707],[23.74083744,67.35762339],[23.73752894,67.35193389],[23.75843358,67.349339],[23.77705178,67.33575105],[23.74897443,67.32193795],[23.72973662,67.28833945],[23.7171812,67.28161588],[23.6926209,67.2839613],[23.60744549,67.27387622],[23.56098904,67.26085378],[23.56923289,67.25187965],[23.55151054,67.24823786],[23.56228523,67.23729529],[23.54626036,67.22518795],[23.59586539,67.2078183],[23.58793655,67.19070013],[23.55689048,67.17958573],[23.5544754,67.16746581],[23.65504423,67.1034397],[23.67214674,67.06566894],[23.71323792,67.04410669],[23.73861098,67.01779719],[23.80116002,66.98908731],[23.79994025,66.98407393],[23.81461002,66.97858698],[23.82793559,66.96156111],[23.86214303,66.95150128],[23.86467362,66.91873144],[23.93569666,66.88348965],[23.9953484,66.82120011],[23.98751695,66.80247523],[23.97673071,66.79829893],[23.9752988,66.78789772],[23.95608593,66.78528014],[23.91112693,66.79541461],[23.91574165,66.7718705],[23.87957498,66.76324359],[23.87753204,66.75699213],[23.90781456,66.72117547],[23.89492016,66.71102327],[23.88676322,66.67523217],[23.87464991,66.67146001],[23.8650044,66.65525458],[23.87102744,66.62871747],[23.88519023,66.61539436],[23.8760173,66.60011024],[23.87691259,66.57864564],[23.86266677,66.57000977],[23.85805727,66.55826313],[23.78960549,66.53737046],[23.78326907,66.53194094],[23.7970801,66.52111687],[23.79398757,66.516628],[23.73144151,66.50324065],[23.71437278,66.49297592],[23.71980159,66.47716566],[23.68811979,66.47337082],[23.65011968,66.45483096],[23.64107104,66.44221357],[23.64280751,66.42498061],[23.68493898,66.38693266],[23.65724832,66.34826637],[23.65785021,66.31994089],[23.64821363,66.30213683],[23.6728802,66.27347847],[23.6685465,66.26245129],[23.70133203,66.24258143],[23.69431278,66.22840409],[23.70442233,66.21925638],[23.7329068,66.20675177],[23.72760605,66.19537986],[23.78207278,66.18700948],[23.83202258,66.17075808],[23.89186203,66.16767021],[23.91854284,66.1612659],[23.92986574,66.14993881],[23.913914,66.1361776],[23.94151131,66.12015309],[23.94582123,66.10455127],[23.936631,66.09119278],[23.93826471,66.07681599],[23.97484011,66.05810917],[23.99675258,66.03517462],[24.0454431,66.00185698],[24.05301579,65.97474048],[24.04004813,65.96974762],[24.05359871,65.95159231],[24.07426797,65.94449366],[24.08799806,65.93145525],[24.11762923,65.92710597],[24.10998373,65.91358978],[24.11544131,65.89880636],[24.13280127,65.88805007],[24.15317116,65.86257864],[24.13162693,65.86313938],[24.12521728,65.85148343],[24.14461152,65.84097812],[24.15532318,65.81550066],[24.13375728,65.79667606],[24.12963229,65.78452133],[24.14439,65.78016579],[24.15037042,65.77053522],[24.14503358,65.76863995],[24.15507183,65.7581739],[24.15151192,65.75497266],[24.19134798,65.75697643],[24.19697757,65.76663572],[24.21301211,65.77145395],[24.22580298,65.76716386],[24.23624746,65.77213937],[24.23702276,65.77884435],[24.2196402,65.78433851],[24.23383491,65.792255],[24.2611542,65.79699493],[24.30855191,65.79221879],[24.31578879,65.80470163],[24.35818533,65.78433694],[24.42950474,65.77129423],[24.42168418,65.74251222],[24.47558997,65.74827442],[24.55171751,65.74239371],[24.55578592,65.72686438],[24.57616898,65.72915335],[24.6044606,65.71318182],[24.6341067,65.70875788],[24.64453775,65.69334662],[24.6152847,65.70143729],[24.60783275,65.6948894],[24.6215705,65.68418713],[24.64917376,65.68027342],[24.64466851,65.67658527],[24.6776696,65.65887501],[24.65855882,65.65247548],[24.6654082,65.64902642],[24.65943422,65.63896987],[24.70217084,65.63082805],[24.71989124,65.636483],[24.72382419,65.64016799],[24.71880338,65.642739],[24.75409793,65.66658338],[24.77163261,65.66511551],[24.79264137,65.64891344],[24.81345586,65.66153646],[24.80615694,65.66592158],[24.83821184,65.65989976],[24.84614555,65.66610994],[24.86901697,65.66713818],[24.89835602,65.6587699],[24.89716573,65.6452262],[24.92142975,65.63612413],[24.94841453,65.63085014],[24.97800452,65.63396089],[25.04785282,65.62218775],[25.08465416,65.5946281],[25.06385172,65.59077517],[25.08463208,65.58895047],[25.08392342,65.58748003]]]]}},{"type":"Feature","id":"21","properties":{"code":"21","nameFi":"Ahvenanmaa","nameSv":"Åland","nameEn":"Åland","year":2026},"geometry":{"type":"MultiPolygon","coordinates":[[[[20.98174136,60.64060013],[20.98857727,60.64560719],[20.98418376,60.65418889],[20.97925028,60.64111659],[20.98174136,60.64060013]]],[[[21.05327048,60.53932605],[21.06687709,60.54528019],[21.06520309,60.55020307],[21.05048886,60.54567212],[21.06854277,60.55826927],[21.03338678,60.55901808],[21.02535631,60.5547822],[21.04437237,60.54867589],[21.04187642,60.53990543],[21.05259053,60.53932683],[21.05327048,60.53932605]]],[[[21.01757989,60.52185694],[21.03438525,60.52741761],[21.01784714,60.52882748],[21.01962058,60.5357521],[21.00978642,60.53416743],[21.01012641,60.525291],[21.01757989,60.52185694]]],[[[20.90967587,60.51628081],[20.88060845,60.52309687],[20.89224749,60.52652458],[20.89353955,60.53526013],[20.88492541,60.53021687],[20.86754038,60.53221624],[20.8722664,60.52252343],[20.90679837,60.51678378],[20.90967587,60.51628081]]],[[[21.09895533,60.51468393],[21.10433743,60.51858516],[21.08783534,60.53491634],[21.04532101,60.53001377],[21.06202783,60.51824937],[21.09500994,60.5154748],[21.09895533,60.51468393]]],[[[21.10697664,60.49645919],[21.10925462,60.50239144],[21.1020408,60.5050697],[21.08862933,60.50346562],[21.10306688,60.49785804],[21.10697664,60.49645919]]],[[[20.85155249,60.48010624],[20.86071275,60.48300107],[20.84821567,60.48898521],[20.83545247,60.48527222],[20.85047574,60.48033745],[20.85155249,60.48010624]]],[[[20.22682758,60.44935521],[20.23296989,60.46142072],[20.22599847,60.46429438],[20.21340139,60.46100315],[20.22231384,60.44919131],[20.22682758,60.44935521]]],[[[20.94821525,60.47364268],[20.95513499,60.48263668],[20.94344948,60.48981441],[20.93273809,60.48120227],[20.94452,60.47433856],[20.94821525,60.47364268]]],[[[20.05894573,60.42771196],[20.07113041,60.43262714],[20.05762288,60.44145396],[20.04252758,60.43879754],[20.03559905,60.43111295],[20.05777897,60.42996632],[20.05894573,60.42771196]]],[[[20.91339353,60.46571323],[20.91177323,60.47350887],[20.89625714,60.4714444],[20.91010658,60.46574817],[20.91339353,60.46571323]]],[[[20.03420867,60.4217395],[20.04227156,60.42636518],[20.03257278,60.43045669],[20.02989618,60.44104032],[20.01427989,60.44217043],[20.00324635,60.43570941],[20.03020689,60.43522885],[20.0219467,60.42988812],[20.0321472,60.42221723],[20.03420867,60.4217395]]],[[[20.78658627,60.45561593],[20.79322115,60.46164171],[20.78095667,60.4677675],[20.77189588,60.4593694],[20.78503837,60.45567364],[20.78658627,60.45561593]]],[[[20.09505352,60.42053787],[20.09916215,60.42502611],[20.0895518,60.42953891],[20.07496668,60.42905023],[20.09191461,60.42129473],[20.09505352,60.42053787]]],[[[19.7279243,60.39943691],[19.716535,60.41373093],[19.73175932,60.43786605],[19.71250119,60.42264523],[19.72388179,60.39975709],[19.7279243,60.39943691]]],[[[20.38086953,60.43029979],[20.38984864,60.43474034],[20.38935959,60.44300776],[20.37370636,60.43338904],[20.37907382,60.4307632],[20.38086953,60.43029979]]],[[[20.90964607,60.45373299],[20.91834505,60.45512529],[20.91935304,60.46134859],[20.90312719,60.4619232],[20.9062762,60.45508108],[20.90964607,60.45373299]]],[[[20.26159892,60.41508998],[20.27081776,60.433617],[20.25308612,60.42423449],[20.25672061,60.41668078],[20.26159892,60.41508998]]],[[[20.99867999,60.44637764],[21.00571654,60.44916925],[20.99780667,60.45387225],[20.98712262,60.45222838],[20.99694437,60.44633688],[20.99867999,60.44637764]]],[[[19.78011858,60.38243421],[19.80597916,60.42049459],[19.78779651,60.40714507],[19.77793065,60.41154471],[19.77138446,60.40296944],[19.76324451,60.40695721],[19.77299228,60.42744322],[19.75298755,60.42785823],[19.75124808,60.41397852],[19.76051009,60.40809884],[19.76413704,60.39601444],[19.77547713,60.39392075],[19.77494485,60.38429731],[19.78011858,60.38243421]]],[[[20.28891543,60.40738881],[20.29843926,60.41402694],[20.28843322,60.42055822],[20.27857897,60.41130661],[20.28550788,60.40741048],[20.28891543,60.40738881]]],[[[20.31101152,60.40836297],[20.31709026,60.41890394],[20.30885635,60.41952917],[20.31007547,60.40942316],[20.31101152,60.40836297]]],[[[20.93790147,60.4379519],[20.95386027,60.44577574],[20.95313764,60.46020362],[20.94255277,60.46451032],[20.94563163,60.47001323],[20.93643459,60.46865938],[20.9249297,60.47786667],[20.91674242,60.47289939],[20.92833152,60.46996827],[20.93068287,60.46220206],[20.92359129,60.45813412],[20.93076419,60.44879356],[20.92547895,60.44250532],[20.93161356,60.43961627],[20.93790147,60.4379519]]],[[[21.07137391,60.4412753],[21.08101605,60.44421793],[21.06891793,60.45243041],[21.08878108,60.44878959],[21.10004736,60.45995213],[21.09391658,60.46560157],[21.1053193,60.46975705],[21.10162136,60.48201123],[21.08960854,60.47818326],[21.08464355,60.48420134],[21.09134295,60.48767028],[21.05505126,60.50436603],[21.03474683,60.50311934],[21.037221,60.49359143],[21.07578704,60.48245188],[21.0715833,60.47805053],[21.07533833,60.47159355],[21.06376731,60.47536891],[21.05305638,60.46596987],[21.06927171,60.4592918],[21.06125153,60.45471203],[21.06523463,60.44656469],[21.07137391,60.4412753]]],[[[20.29993081,60.40270711],[20.31055544,60.40417999],[20.30810403,60.41219571],[20.29674123,60.40399874],[20.29993081,60.40270711]]],[[[19.72092253,60.37157977],[19.73822645,60.37841802],[19.73421724,60.38293638],[19.73891838,60.38950055],[19.71634339,60.39595837],[19.70260173,60.38259911],[19.71650825,60.37180732],[19.72092253,60.37157977]]],[[[19.99277029,60.37898499],[19.99499536,60.38947816],[19.98422418,60.39215659],[19.99100854,60.40438757],[19.97184982,60.39505884],[19.98719001,60.37909707],[19.99277029,60.37898499]]],[[[20.05393167,60.38051899],[20.03734101,60.39254397],[20.02328004,60.38958969],[20.02701809,60.38257931],[20.0488797,60.38231445],[20.05393167,60.38051899]]],[[[20.34251412,60.39504281],[20.35076285,60.39871523],[20.35204759,60.40716167],[20.34185103,60.40569263],[20.3384405,60.39572811],[20.34251412,60.39504281]]],[[[20.28786799,60.39204812],[20.29217313,60.394688],[20.28735204,60.39891406],[20.26586868,60.39950691],[20.28533322,60.39593465],[20.28786799,60.39204812]]],[[[21.0323234,60.4276229],[21.0511887,60.4330863],[21.05723994,60.44118839],[21.01404717,60.4369847],[21.01877817,60.42859388],[21.02951676,60.42883187],[21.0323234,60.4276229]]],[[[20.0940238,60.38171398],[20.1160161,60.39301533],[20.12017926,60.39918148],[20.11544297,60.40613029],[20.07347883,60.39277611],[20.0895071,60.38287202],[20.0940238,60.38171398]]],[[[19.96712767,60.37441786],[19.97859085,60.37612249],[19.97965886,60.38224367],[19.97268703,60.38620605],[19.95115398,60.37842727],[19.96382735,60.37482297],[19.96712767,60.37441786]]],[[[19.70486764,60.35835085],[19.71231933,60.36364619],[19.69390006,60.38218911],[19.68661878,60.36916205],[19.69869498,60.36009731],[19.70486764,60.35835085]]],[[[20.11594516,60.37546912],[20.12929629,60.3793572],[20.12981501,60.39256598],[20.10725283,60.38378013],[20.10845728,60.3773821],[20.11594516,60.37546912]]],[[[19.73966401,60.35337897],[19.73728256,60.35818499],[19.74653441,60.36386829],[19.75723339,60.3620637],[19.76620137,60.37071887],[19.76345499,60.37593353],[19.73517885,60.3692231],[19.72901148,60.36330559],[19.73369709,60.35395767],[19.73966401,60.35337897]]],[[[20.62062645,60.39735939],[20.62890138,60.40445793],[20.61465061,60.41928388],[20.60237116,60.41794136],[20.60906947,60.41095513],[20.59786433,60.40605624],[20.61082969,60.39861327],[20.62062645,60.39735939]]],[[[19.77117589,60.34820876],[19.78063515,60.35828574],[19.77048422,60.35643435],[19.75951278,60.36372872],[19.74473235,60.36037802],[19.74307686,60.35650789],[19.76698053,60.34976973],[19.77117589,60.34820876]]],[[[20.61486425,60.3914105],[20.6149264,60.39622261],[20.59835169,60.40040667],[20.61048478,60.39325172],[20.61486425,60.3914105]]],[[[20.85012313,60.40234662],[20.85557729,60.40519663],[20.84931314,60.40858956],[20.85111421,60.41783321],[20.8380338,60.41467711],[20.84259585,60.40622579],[20.85012313,60.40234662]]],[[[20.98961149,60.40838858],[21.0004692,60.4167136],[20.99480453,60.42509042],[21.01089916,60.42805707],[20.99436816,60.43160686],[20.9684631,60.42447104],[20.96163485,60.4358846],[20.95302815,60.43724514],[20.94202715,60.43110155],[20.9453497,60.4255771],[20.96820807,60.42432279],[20.98564745,60.40832502],[20.98961149,60.40838858]]],[[[19.59097085,60.33040647],[19.602206,60.3547266],[19.62182307,60.36898659],[19.58006838,60.3572569],[19.57258602,60.34052448],[19.5851393,60.33444638],[19.59097085,60.33040647]]],[[[20.77795943,60.38594038],[20.78390478,60.39020982],[20.7723182,60.39851217],[20.7790172,60.4054205],[20.77219737,60.41047945],[20.75731165,60.40563951],[20.76424782,60.39245875],[20.77795943,60.38594038]]],[[[21.00751939,60.39500106],[21.02300591,60.39793265],[21.02437176,60.40616367],[21.0186627,60.40787734],[21.00559954,60.39534639],[21.00751939,60.39500106]]],[[[19.69125337,60.32801855],[19.69804756,60.33720882],[19.69543135,60.34703486],[19.68482086,60.35072272],[19.67505819,60.34049349],[19.68710233,60.32835705],[19.69125337,60.32801855]]],[[[21.0511012,60.39558276],[21.06715666,60.39811332],[21.06412163,60.40353072],[21.07105657,60.41384187],[21.05485284,60.41911476],[21.0490347,60.42447435],[21.05390091,60.42932467],[21.03224439,60.41737121],[21.03820915,60.4108676],[21.03345837,60.4042945],[21.04836517,60.40295033],[21.04307461,60.39744574],[21.0511012,60.39558276]]],[[[20.98287668,60.38960253],[20.99041149,60.39341543],[20.9729595,60.40276904],[20.96733556,60.40173268],[20.97820737,60.38986411],[20.98287668,60.38960253]]],[[[19.8144142,60.33052393],[19.8276049,60.33913214],[19.81447105,60.33856716],[19.81319501,60.33152245],[19.8144142,60.33052393]]],[[[19.8057761,60.32803486],[19.81580008,60.34566768],[19.79926585,60.34897598],[19.81020245,60.35542207],[19.80047849,60.36219101],[19.79149326,60.36178302],[19.79579957,60.35842728],[19.78939182,60.35288373],[19.79120116,60.34513421],[19.78060395,60.3393579],[19.79724435,60.33002688],[19.8057761,60.32803486]]],[[[20.266763,60.34929664],[20.27440422,60.34991287],[20.27375189,60.36200288],[20.26083862,60.35542354],[20.26586675,60.34977167],[20.266763,60.34929664]]],[[[19.70014137,60.31608469],[19.72368139,60.31946741],[19.71952295,60.33142639],[19.69662561,60.32376364],[19.69649145,60.31663506],[19.70014137,60.31608469]]],[[[21.06505311,60.37822244],[21.07987771,60.38147074],[21.07632172,60.38751121],[21.06738985,60.39149791],[21.06098546,60.38134868],[21.06505311,60.37822244]]],[[[21.0328685,60.37609757],[21.03067419,60.38222544],[21.03863464,60.38744683],[21.02616495,60.39652814],[21.00807465,60.38561324],[21.01851844,60.38630415],[21.02929377,60.37599185],[21.0328685,60.37609757]]],[[[19.6258054,60.30155681],[19.631185,60.30383394],[19.62623844,60.30766424],[19.62989023,60.31551696],[19.61916908,60.31641359],[19.62287897,60.30200064],[19.6258054,60.30155681]]],[[[20.91848726,60.36629436],[20.92661032,60.3729096],[20.91608007,60.38273499],[20.90742865,60.37466464],[20.91499769,60.36691905],[20.91848726,60.36629436]]],[[[21.00071799,60.36800723],[20.99269784,60.37828982],[20.98410493,60.37348457],[20.99891256,60.36946203],[21.00071799,60.36800723]]],[[[20.3169545,60.33225741],[20.330263,60.3418994],[20.33506162,60.36318336],[20.32330215,60.36588],[20.29303747,60.34920084],[20.29254419,60.33762261],[20.29823369,60.33338007],[20.3137307,60.33478497],[20.3169545,60.33225741]]],[[[21.0390977,60.36523832],[21.04607264,60.3744845],[21.04220318,60.3777586],[21.03336842,60.37337764],[21.03626618,60.36557447],[21.0390977,60.36523832]]],[[[20.98634259,60.36211233],[20.98808295,60.36633975],[20.97456927,60.37390669],[20.97099244,60.36961961],[20.98316762,60.36216288],[20.98634259,60.36211233]]],[[[20.39118686,60.33239988],[20.42337153,60.34207466],[20.39716342,60.34924278],[20.39057084,60.34649642],[20.38760511,60.33246692],[20.39118686,60.33239988]]],[[[20.36116438,60.3304779],[20.36911978,60.33903024],[20.37689011,60.33499818],[20.38558949,60.33953177],[20.38544759,60.35257309],[20.37552624,60.34924256],[20.36934467,60.35594632],[20.34004042,60.35970536],[20.34162259,60.34904983],[20.3317626,60.34762294],[20.36304557,60.3380453],[20.3597374,60.33172159],[20.36116438,60.3304779]]],[[[21.09053355,60.36042593],[21.08596218,60.37951162],[21.07650088,60.38015843],[21.07932651,60.37626049],[21.07399658,60.37412786],[21.08629962,60.36112378],[21.09053355,60.36042593]]],[[[20.43216327,60.32784783],[20.43499512,60.34037905],[20.42392618,60.33252923],[20.42927546,60.32924573],[20.43216327,60.32784783]]],[[[19.47443173,60.27494605],[19.4786774,60.2836223],[19.47145824,60.28657938],[19.464873,60.28173146],[19.47130804,60.27529278],[19.47443173,60.27494605]]],[[[20.87397728,60.34651732],[20.8735194,60.36028377],[20.87838602,60.36172519],[20.86856803,60.37847598],[20.858002,60.36950714],[20.87153916,60.34733828],[20.87397728,60.34651732]]],[[[20.94464677,60.34223263],[20.93827492,60.34693857],[20.9389704,60.35581517],[20.9220412,60.35616651],[20.94052368,60.34323671],[20.94464677,60.34223263]]],[[[21.02364779,60.34575338],[21.02897508,60.35451336],[21.01943498,60.35572637],[21.01949047,60.34778187],[21.02364779,60.34575338]]],[[[19.82437732,60.27161561],[19.83689989,60.28206912],[19.83331185,60.28673316],[19.84504309,60.29908424],[19.84738727,60.31147047],[19.83340565,60.30963398],[19.83596971,60.31441987],[19.82745006,60.31878776],[19.81220117,60.30810071],[19.80343626,60.29820242],[19.81625833,60.28130307],[19.82437732,60.27161561]]],[[[21.08392654,60.33203959],[21.09889515,60.33901023],[21.08075356,60.34441392],[21.07724323,60.34883385],[21.0849306,60.35184018],[21.06945998,60.36453279],[21.04853492,60.37059003],[21.06111245,60.35196835],[21.04927982,60.35159443],[21.07954902,60.33378089],[21.08392654,60.33203959]]],[[[20.41862241,60.29875405],[20.45442517,60.30577858],[20.44413643,60.31177982],[20.44920696,60.31999164],[20.4233497,60.31004782],[20.41532981,60.30024721],[20.41862241,60.29875405]]],[[[20.74526989,60.31415838],[20.76718546,60.3282008],[20.78380172,60.32950021],[20.7795268,60.33271625],[20.79501366,60.35367298],[20.78483987,60.36597607],[20.75668331,60.3702944],[20.76037546,60.36191772],[20.73215221,60.3353763],[20.73360137,60.3162511],[20.73899488,60.31456694],[20.74526989,60.31415838]]],[[[19.84115441,60.2665392],[19.85481376,60.27994259],[19.85442756,60.28813336],[19.83327503,60.2734884],[19.83867055,60.26683187],[19.84115441,60.2665392]]],[[[19.4773546,60.23634112],[19.49131274,60.2392168],[19.4837977,60.2515888],[19.49302235,60.25823445],[19.4899132,60.26998838],[19.48033339,60.26596786],[19.48403992,60.26015803],[19.47399844,60.24881033],[19.47299111,60.23655349],[19.4773546,60.23634112]]],[[[19.53825081,60.23573323],[19.53401695,60.24795846],[19.51843708,60.25391814],[19.51857094,60.26005303],[19.53008789,60.26386779],[19.510627,60.26398522],[19.4906563,60.24839543],[19.49561116,60.235644],[19.50450061,60.2366309],[19.51818896,60.25301128],[19.51376659,60.24081889],[19.533873,60.23600916],[19.53825081,60.23573323]]],[[[20.50736101,60.27973205],[20.51695053,60.28501522],[20.50421541,60.30139395],[20.49261123,60.29221238],[20.50194097,60.28161997],[20.50736101,60.27973205]]],[[[20.94525901,60.3003028],[20.94269685,60.31208746],[20.93541068,60.31314983],[20.93997424,60.31508192],[20.93421718,60.32428842],[20.93752295,60.32920325],[20.91536192,60.35277575],[20.90314636,60.34271121],[20.91328535,60.33916489],[20.90851149,60.33633084],[20.91190176,60.32515617],[20.94208098,60.30077341],[20.94525901,60.3003028]]],[[[20.40225453,60.27233317],[20.40721707,60.27553594],[20.39740261,60.28179677],[20.40757554,60.29183962],[20.39962911,60.29500008],[20.40553588,60.3035008],[20.377997,60.3099185],[20.37513685,60.31552748],[20.37677942,60.30881075],[20.3660017,60.30494316],[20.38200424,60.29806638],[20.38992983,60.28705061],[20.3809296,60.27786034],[20.39178589,60.27226],[20.40225453,60.27233317]]],[[[20.97904849,60.29800831],[20.99532522,60.30477561],[20.99103956,60.30843772],[20.99826667,60.33177343],[20.98793751,60.3346013],[20.98957138,60.32985636],[20.97141566,60.32804978],[20.97223832,60.3204863],[20.95131159,60.31331642],[20.96796587,60.31095776],[20.97579352,60.29819676],[20.97904849,60.29800831]]],[[[20.26541685,60.25911076],[20.27244071,60.26432396],[20.26054872,60.26870263],[20.25186072,60.26427554],[20.2622935,60.25997887],[20.26541685,60.25911076]]],[[[19.31770681,60.20502535],[19.31851464,60.21371888],[19.33344357,60.21247156],[19.31697466,60.217645],[19.31201814,60.21112129],[19.31645665,60.20500027],[19.31770681,60.20502535]]],[[[20.73265068,60.27953653],[20.73891428,60.29432976],[20.76314773,60.29270319],[20.76162793,60.30132283],[20.74020447,60.30493169],[20.73351923,60.30157927],[20.7303842,60.27953762],[20.73265068,60.27953653]]],[[[20.31630986,60.25871589],[20.31052166,60.26748598],[20.31810263,60.27517701],[20.3064312,60.27335832],[20.3058195,60.26251504],[20.31296351,60.25897844],[20.31630986,60.25871589]]],[[[21.06153543,60.29236942],[21.06675454,60.29791075],[21.04929737,60.30937603],[21.03081037,60.30714573],[21.05835896,60.29241622],[21.06153543,60.29236942]]],[[[20.28537579,60.24602002],[20.30359462,60.24906395],[20.29826856,60.25231245],[20.30381911,60.26418635],[20.29473377,60.26350197],[20.28415231,60.25106205],[20.28537579,60.24602002]]],[[[19.34012952,60.19106262],[19.34526318,60.20237524],[19.32759249,60.20200098],[19.33744037,60.19241554],[19.34012952,60.19106262]]],[[[21.07419777,60.28014647],[21.07912543,60.28398655],[21.07419287,60.28600667],[21.05804456,60.28647664],[21.05462508,60.28239627],[21.07088667,60.28015955],[21.07419777,60.28014647]]],[[[20.73421385,60.25714413],[20.74776756,60.26259537],[20.7468094,60.27058543],[20.73465028,60.2682997],[20.73314911,60.25750061],[20.73421385,60.25714413]]],[[[20.30414591,60.23467299],[20.3123262,60.23652426],[20.30565423,60.24671743],[20.29207779,60.24210604],[20.29691557,60.23476024],[20.30414591,60.23467299]]],[[[20.03069476,60.21837412],[20.03907514,60.22545433],[20.03628179,60.22895349],[20.02027195,60.22457072],[20.02653378,60.21871884],[20.03069476,60.21837412]]],[[[21.06392173,60.2647548],[21.06825438,60.26708585],[21.06456195,60.27677141],[21.04675875,60.27464649],[21.0613961,60.26624661],[21.06392173,60.2647548]]],[[[20.71333139,60.24312731],[20.71319773,60.25302303],[20.70570473,60.25600343],[20.70192769,60.24968629],[20.71125833,60.24350818],[20.71333139,60.24312731]]],[[[20.86088739,60.23597205],[20.86695866,60.25150808],[20.85721481,60.26037868],[20.83906625,60.25291007],[20.85757476,60.24101644],[20.85655838,60.23630957],[20.86088739,60.23597205]]],[[[20.99754491,60.24098697],[20.99442552,60.25431592],[20.98584411,60.25165426],[20.99573868,60.24249925],[20.99754491,60.24098697]]],[[[20.26461097,60.20356612],[20.28140301,60.22203201],[20.25822978,60.22468223],[20.24289763,60.21185207],[20.2579349,60.20346327],[20.26461097,60.20356612]]],[[[20.80674308,60.22432642],[20.81132516,60.23058403],[20.79544858,60.23240209],[20.79048547,60.24457531],[20.79700343,60.24673831],[20.80122456,60.23951601],[20.83666257,60.2469119],[20.8385193,60.25864539],[20.83126389,60.27134684],[20.79942511,60.28365158],[20.8031746,60.287685],[20.7961789,60.291496],[20.76979793,60.28977199],[20.77235299,60.28438554],[20.76565673,60.27643683],[20.75863198,60.28387379],[20.74882514,60.28279792],[20.75540513,60.27689857],[20.75539632,60.26530764],[20.74219358,60.25769982],[20.76448227,60.24403356],[20.76729579,60.23216171],[20.80275846,60.22439296],[20.80674308,60.22432642]]],[[[20.82126272,60.22461859],[20.83698073,60.23207847],[20.82331257,60.23271367],[20.82017697,60.22599999],[20.82126272,60.22461859]]],[[[20.72771749,60.21916847],[20.74807761,60.2284972],[20.73363324,60.23837003],[20.73581313,60.25230659],[20.72619248,60.25158606],[20.72550608,60.22065243],[20.72771749,60.21916847]]],[[[19.6827156,60.16249449],[19.69422682,60.17855131],[19.68902965,60.18444489],[19.67614626,60.18219166],[19.67363839,60.16796446],[19.67913653,60.16350558],[19.6827156,60.16249449]]],[[[20.37289435,60.19595719],[20.39527594,60.20446018],[20.39749155,60.21577435],[20.38746959,60.2190351],[20.41139002,60.22151251],[20.42049577,60.24043201],[20.43162871,60.24500826],[20.41742606,60.25728213],[20.40325942,60.25649085],[20.40128954,60.26693011],[20.37910397,60.25417064],[20.37854492,60.25907706],[20.3934506,60.26220306],[20.39673965,60.26857551],[20.36100171,60.28109703],[20.35208141,60.27794273],[20.34680458,60.28509284],[20.32956693,60.28349222],[20.34814465,60.26935177],[20.34512469,60.25841407],[20.3222021,60.25495449],[20.33155186,60.23746365],[20.32369149,60.22746451],[20.35824683,60.23783907],[20.38335889,60.23707681],[20.35857313,60.22973992],[20.37519895,60.22346138],[20.36609129,60.2192208],[20.37302337,60.21412482],[20.36685878,60.20701501],[20.36897342,60.19766153],[20.37289435,60.19595719]]],[[[19.60796337,60.15417234],[19.61818843,60.15554456],[19.6184673,60.16666109],[19.60516312,60.16658468],[19.60604149,60.15533427],[19.60796337,60.15417234]]],[[[20.73085337,60.20998084],[20.75146439,60.22001351],[20.73199008,60.21674044],[20.72867654,60.21100952],[20.73085337,60.20998084]]],[[[20.35350997,60.18576684],[20.37014635,60.19573153],[20.35719609,60.19859657],[20.35103942,60.18734785],[20.35350997,60.18576684]]],[[[19.5754433,60.14328389],[19.6036796,60.15500756],[19.5907978,60.16631271],[19.59845914,60.17342584],[19.59298981,60.18030572],[19.6078122,60.18783523],[19.59113794,60.19291959],[19.58527458,60.21587115],[19.605793,60.19487106],[19.61931124,60.19595888],[19.61576813,60.18082368],[19.639033,60.17155263],[19.6436943,60.17693075],[19.63740589,60.18086906],[19.65338388,60.18593231],[19.6457322,60.16988185],[19.65316514,60.16463703],[19.66669446,60.1712764],[19.67825324,60.19653297],[19.67426294,60.21507742],[19.68496106,60.21363463],[19.68406811,60.22453637],[19.65803313,60.22703426],[19.6409864,60.2402486],[19.64661573,60.24302652],[19.64348035,60.25427376],[19.65317435,60.25235625],[19.65201317,60.25914694],[19.63939513,60.26921969],[19.62660818,60.26794122],[19.62978139,60.27231524],[19.62157119,60.28386257],[19.60064092,60.28557033],[19.60166796,60.29037702],[19.61132052,60.2882848],[19.60866076,60.3125127],[19.60317603,60.31155856],[19.60244892,60.29989519],[19.59002965,60.29404059],[19.58842169,60.27346817],[19.56967781,60.27024166],[19.56489441,60.27815064],[19.56154831,60.26006401],[19.54327569,60.26430813],[19.53537319,60.25975042],[19.54287605,60.23526084],[19.53424335,60.22890464],[19.54550733,60.21637677],[19.51789913,60.20994525],[19.51585219,60.20049291],[19.52125155,60.19035322],[19.51998025,60.18050413],[19.51394822,60.17833712],[19.53361077,60.16418175],[19.5361196,60.15377165],[19.57317012,60.1437002],[19.5754433,60.14328389]]],[[[20.25965071,60.17595324],[20.27836111,60.18296167],[20.28442414,60.20096656],[20.30233004,60.19804143],[20.31754616,60.20317238],[20.31790468,60.22658071],[20.29199917,60.21898522],[20.28912013,60.2106917],[20.27596262,60.20513487],[20.27347433,60.19530597],[20.25000391,60.18636362],[20.25377457,60.17890675],[20.25965071,60.17595324]]],[[[20.68126512,60.18921158],[20.6949804,60.19586673],[20.71218681,60.19379397],[20.71724369,60.20254113],[20.70556788,60.2083218],[20.71015055,60.21526545],[20.70507762,60.22277696],[20.68193544,60.22866992],[20.67705865,60.23706182],[20.66553151,60.22446423],[20.66673062,60.21141012],[20.65792673,60.20783341],[20.66286619,60.19893465],[20.67781304,60.20003992],[20.67268532,60.19555485],[20.67871677,60.18917787],[20.68126512,60.18921158]]],[[[20.30051378,60.16945165],[20.30415915,60.17234984],[20.29235426,60.18556316],[20.28402463,60.17682249],[20.29714889,60.16965622],[20.30051378,60.16945165]]],[[[20.39385865,60.17192772],[20.41270866,60.17616485],[20.41704648,60.1889805],[20.39214418,60.17358097],[20.39385865,60.17192772]]],[[[20.46168419,60.16941431],[20.46935266,60.17652082],[20.45828727,60.17911099],[20.46124052,60.17091579],[20.46168419,60.16941431]]],[[[20.32674258,60.15881522],[20.34916599,60.16329808],[20.34953285,60.17857995],[20.31436356,60.16194337],[20.32160738,60.15899579],[20.32674258,60.15881522]]],[[[20.40312664,60.15728549],[20.43221592,60.16228135],[20.44410874,60.1754153],[20.43207914,60.17744308],[20.43611351,60.18026234],[20.43018662,60.18412356],[20.42013135,60.18144709],[20.41875397,60.17273955],[20.39118879,60.16165416],[20.40028461,60.15739231],[20.40312664,60.15728549]]],[[[20.30446739,60.14660837],[20.31725425,60.15185418],[20.31613856,60.1592897],[20.27688189,60.16413186],[20.28136651,60.1586725],[20.29389334,60.16085294],[20.30218906,60.14786891],[20.30446739,60.14660837]]],[[[20.73445536,60.16651663],[20.74278497,60.1704977],[20.73135923,60.17866762],[20.72917685,60.17293494],[20.71413286,60.17269941],[20.72918908,60.16640435],[20.73445536,60.16651663]]],[[[20.57537598,60.15725408],[20.60818058,60.16252231],[20.60458767,60.17079453],[20.58132998,60.16770395],[20.56519692,60.16105851],[20.57010215,60.15839888],[20.57537598,60.15725408]]],[[[20.50167733,60.14420059],[20.52062402,60.15325304],[20.5092645,60.15725211],[20.49821519,60.14447499],[20.50167733,60.14420059]]],[[[20.67582424,60.10970802],[20.68846132,60.11378507],[20.68275764,60.11655398],[20.69055599,60.12589963],[20.68052928,60.1328309],[20.68039469,60.14032774],[20.66831013,60.14549563],[20.67266603,60.14767694],[20.65571814,60.14766761],[20.65743057,60.15373948],[20.63305916,60.14155244],[20.63509792,60.13284232],[20.66750516,60.11021496],[20.67582424,60.10970802]]],[[[20.55684588,60.09252607],[20.56999079,60.10189944],[20.56697072,60.10903859],[20.54450513,60.10429016],[20.52688071,60.11249846],[20.5078331,60.10653067],[20.50474906,60.1136065],[20.47990687,60.10885019],[20.55448251,60.09343502],[20.55684588,60.09252607]]],[[[19.95771462,60.06094347],[19.9632665,60.06603522],[19.96334818,60.08292133],[19.94586143,60.1003686],[19.94432713,60.11125067],[19.97113854,60.11395787],[19.98094144,60.10417187],[19.98114058,60.09257221],[19.98778672,60.09105932],[19.99215063,60.09620873],[19.98771756,60.10985474],[20.01555755,60.09683934],[20.01692155,60.10272897],[20.04332724,60.10494449],[20.04280327,60.11310532],[20.05091935,60.12031567],[20.0387345,60.12852351],[20.0223919,60.12654612],[20.01928441,60.1350117],[20.01881378,60.14932354],[20.03113331,60.14726082],[20.03955884,60.15796695],[20.03840795,60.16486486],[20.02715706,60.16495736],[20.03936719,60.16716194],[20.03377995,60.17717443],[20.04052225,60.17846579],[20.04160103,60.19090052],[20.01009328,60.185904],[20.00542986,60.17745853],[20.01269869,60.16756282],[20.006274,60.16617978],[19.98656028,60.19059809],[19.95289765,60.20298813],[19.93245378,60.20388096],[19.92755878,60.21094882],[19.93723709,60.21865287],[19.9301818,60.22119624],[19.92615911,60.23286189],[19.93039859,60.25006463],[19.93737079,60.24646331],[19.93196645,60.2367143],[19.93937504,60.21905018],[19.95965767,60.22531946],[19.93282009,60.21103372],[19.9849928,60.19792986],[19.99798343,60.1845395],[20.01297537,60.19261758],[20.00060179,60.20589319],[20.01605682,60.21873136],[20.0201047,60.23252106],[20.00188609,60.24142607],[19.98873362,60.2634949],[19.97353303,60.26848096],[19.96677849,60.28656138],[19.97678897,60.30115732],[19.98173336,60.30042986],[19.98200359,60.29026947],[19.97139623,60.28497793],[19.98740253,60.26793706],[20.01477737,60.25532083],[20.01916759,60.2604539],[20.01481411,60.26621214],[20.02704843,60.27815185],[20.00853297,60.27534725],[20.00713437,60.28572252],[20.02507266,60.28153712],[20.04326289,60.29598196],[20.03760785,60.29852027],[20.03926278,60.3048934],[20.02792105,60.30682991],[20.03254075,60.31737401],[20.04676004,60.31667715],[20.05700745,60.3062811],[20.03635599,60.28342146],[20.04546749,60.27444488],[20.03271809,60.27705556],[20.02369172,60.26998153],[20.01375867,60.24348626],[20.04485458,60.2273636],[20.03170372,60.21303806],[20.04473089,60.20604149],[20.04398717,60.20042618],[20.05911009,60.19969782],[20.0827774,60.21927124],[20.07543708,60.22646077],[20.0804541,60.23420208],[20.10517946,60.24724522],[20.11695209,60.2471209],[20.07969893,60.22943709],[20.08997977,60.22403729],[20.0809846,60.21467522],[20.08290674,60.20814373],[20.06479987,60.1979797],[20.08025871,60.18660702],[20.09464587,60.18435592],[20.12071999,60.19834513],[20.12650605,60.18783789],[20.16831227,60.17514423],[20.1793646,60.17899955],[20.1793529,60.19233494],[20.19033719,60.19377107],[20.19137221,60.20172421],[20.20585213,60.20727061],[20.21826038,60.19696052],[20.22214981,60.20491716],[20.24181131,60.21260985],[20.24169937,60.2204064],[20.22989886,60.21968367],[20.23127192,60.22813971],[20.21138979,60.24709435],[20.21844641,60.2488381],[20.23963117,60.23594077],[20.23704684,60.24052404],[20.25099212,60.24261723],[20.25464694,60.2502797],[20.24531338,60.26255418],[20.24818019,60.26660551],[20.25902653,60.27941572],[20.27445859,60.28380992],[20.21186358,60.2992005],[20.20672306,60.30999288],[20.1963813,60.30601487],[20.19842631,60.30024533],[20.18500466,60.2876936],[20.17284173,60.28796152],[20.2096075,60.32289716],[20.20897342,60.33058858],[20.19359165,60.33144529],[20.19272806,60.34472354],[20.17681513,60.34735132],[20.17981108,60.33836987],[20.16957561,60.33174408],[20.17247333,60.34630013],[20.14567432,60.35304514],[20.16862395,60.31947289],[20.1590073,60.33145366],[20.12798922,60.34170051],[20.14032984,60.35025674],[20.11924324,60.34735422],[20.11361929,60.3583067],[20.09548377,60.34448737],[20.10425773,60.36115824],[20.12762022,60.36317567],[20.11978708,60.36879828],[20.07753503,60.37249479],[20.06828407,60.3598616],[20.04948563,60.35403263],[20.04451761,60.33914416],[20.03964793,60.34757709],[20.06572002,60.36126848],[20.06670268,60.37273767],[20.04876272,60.36455535],[20.04134373,60.37277152],[20.01386567,60.37647917],[20.01263733,60.37021088],[20.02617069,60.36000348],[20.02089379,60.35102904],[20.01985984,60.36144838],[20.00208136,60.37068041],[19.98683833,60.3750656],[19.96217652,60.36976043],[19.95340832,60.37452988],[19.93782531,60.36014592],[19.94371303,60.35547114],[19.94026867,60.35252281],[19.93138268,60.35807729],[19.94367847,60.37058842],[19.93806497,60.37884714],[19.95793916,60.3882446],[19.96184439,60.40384988],[19.92819582,60.3958444],[19.9336063,60.40708372],[19.92952731,60.41322462],[19.90225571,60.42526448],[19.85091029,60.425827],[19.83165476,60.41049887],[19.81705164,60.41572721],[19.81659609,60.40759592],[19.79629593,60.39817485],[19.79465727,60.38828167],[19.80138754,60.38565961],[19.80488518,60.39384337],[19.80408575,60.38320298],[19.81332656,60.37739197],[19.78868378,60.37743042],[19.77881716,60.36702831],[19.7710819,60.38183275],[19.76883236,60.36618473],[19.79330959,60.3617299],[19.82681146,60.36912919],[19.81196505,60.36429256],[19.82378791,60.3569687],[19.83435865,60.33683642],[19.83291899,60.32702011],[19.84511679,60.32673409],[19.84312355,60.32144081],[19.8546081,60.32919338],[19.87148481,60.32651427],[19.88733175,60.34253614],[19.89313056,60.33525463],[19.90912504,60.34016073],[19.90302292,60.33269806],[19.91249492,60.32782916],[19.90816466,60.32153904],[19.88674158,60.31743907],[19.8986327,60.31436216],[19.89739637,60.30447214],[19.87298064,60.31039231],[19.87912134,60.31658107],[19.87656379,60.32388713],[19.84279045,60.31510353],[19.85573332,60.30621855],[19.86766925,60.31072309],[19.87476988,60.30151272],[19.86359441,60.29447085],[19.8678213,60.28855019],[19.89507462,60.30056973],[19.89693975,60.28221549],[19.88542652,60.26928829],[19.86537475,60.26784935],[19.85709971,60.23857704],[19.85252243,60.24603075],[19.82639672,60.24300509],[19.82995437,60.24772933],[19.82300117,60.25308286],[19.82979202,60.26989971],[19.80905564,60.26297666],[19.81458741,60.25226822],[19.80361845,60.23181368],[19.83048495,60.22877765],[19.81412509,60.22230026],[19.81824403,60.21668436],[19.81300313,60.2138126],[19.82500287,60.20808046],[19.81386274,60.19932405],[19.80360395,60.20068518],[19.79017117,60.25007306],[19.78202785,60.25258135],[19.78467834,60.24666809],[19.77763375,60.2451222],[19.76569136,60.26457136],[19.8086991,60.31937521],[19.79456788,60.31858927],[19.79176373,60.32658254],[19.7804298,60.32057144],[19.77899777,60.33094646],[19.7701824,60.32947238],[19.76828313,60.3227908],[19.76077991,60.32697817],[19.76381304,60.33524111],[19.7421834,60.33427715],[19.75266047,60.32361128],[19.7437066,60.31694013],[19.74661841,60.30498131],[19.75771275,60.30836718],[19.77188505,60.29758232],[19.75147734,60.29921417],[19.75225546,60.28784714],[19.74506985,60.28129206],[19.71556239,60.29759502],[19.71343701,60.28608965],[19.70256027,60.2894827],[19.70712172,60.27929305],[19.70360355,60.26321804],[19.67913829,60.25824019],[19.67453142,60.26060876],[19.69219587,60.26350037],[19.6996122,60.2755975],[19.69811041,60.28583919],[19.69294332,60.28640075],[19.69733748,60.29076413],[19.69020898,60.29441995],[19.67648765,60.27932494],[19.67658018,60.29915221],[19.65596122,60.29970414],[19.65894246,60.30453099],[19.65388045,60.30477074],[19.63530438,60.29282292],[19.64482479,60.28478152],[19.66188187,60.2878378],[19.65021537,60.28449297],[19.65898217,60.27890831],[19.66581648,60.26110933],[19.6581305,60.2491221],[19.67058585,60.23413527],[19.69011749,60.22815445],[19.69577065,60.21287217],[19.68717514,60.20121552],[19.69657064,60.19457011],[19.69367089,60.18537021],[19.7122344,60.15665886],[19.70557924,60.15297985],[19.7157802,60.15185036],[19.71772734,60.13820283],[19.72703664,60.13891892],[19.73212885,60.11611622],[19.75342798,60.10042462],[19.75028165,60.09418544],[19.77740536,60.09309515],[19.78524853,60.10664348],[19.8032813,60.11089498],[19.80991475,60.10992266],[19.81462204,60.09209114],[19.83233186,60.09315104],[19.83721857,60.08643349],[19.85327885,60.09619886],[19.86975003,60.09000582],[19.87519324,60.09969181],[19.86001351,60.10381554],[19.86284249,60.11022819],[19.86815994,60.10453044],[19.87957057,60.11051979],[19.8871412,60.10749904],[19.9057096,60.12062192],[19.9100027,60.11550484],[19.87868532,60.09918076],[19.89358568,60.09053862],[19.91463109,60.08911212],[19.91836101,60.11667144],[19.92375672,60.11835023],[19.92327791,60.10125328],[19.93402563,60.07910518],[19.953258,60.06788786],[19.95345006,60.06213095],[19.95771462,60.06094347]]],[[[20.30552357,60.07832711],[20.31252005,60.08023742],[20.31568204,60.09149758],[20.291731,60.09013129],[20.30163949,60.07986058],[20.30552357,60.07832711]]],[[[19.9359036,60.05722155],[19.94789634,60.06188897],[19.94044236,60.07131464],[19.93047402,60.06581361],[19.93228272,60.05744327],[19.9359036,60.05722155]]],[[[20.49641585,60.08344736],[20.51262549,60.08847838],[20.4684301,60.09691568],[20.45636682,60.09531946],[20.46412616,60.0892735],[20.44614729,60.0855629],[20.45102894,60.0833715],[20.49420769,60.08423745],[20.49641585,60.08344736]]],[[[20.59674126,60.08496462],[20.60600965,60.08867059],[20.58958338,60.09327879],[20.60091208,60.10213893],[20.58739134,60.10569789],[20.57493907,60.09602575],[20.58995685,60.08555018],[20.59674126,60.08496462]]],[[[20.2482875,60.06643188],[20.27162524,60.07125424],[20.27425899,60.08739407],[20.26284222,60.09368264],[20.27014553,60.09764255],[20.27096803,60.10695904],[20.3022724,60.11315474],[20.28702244,60.11918612],[20.29576046,60.13238266],[20.2954955,60.14907802],[20.25181288,60.16565752],[20.26250762,60.15634007],[20.25324314,60.14280029],[20.26669366,60.13469486],[20.25394244,60.11954036],[20.24900425,60.1593202],[20.23534126,60.16866317],[20.22060315,60.1500972],[20.23589537,60.13630859],[20.22215014,60.13029568],[20.20983019,60.14266194],[20.21012395,60.12983383],[20.22259784,60.11688193],[20.20789032,60.10926831],[20.20967855,60.10156571],[20.20005407,60.09428547],[20.22759625,60.0900307],[20.2271101,60.07614764],[20.25305514,60.07818198],[20.24142623,60.06759364],[20.2482875,60.06643188]]],[[[19.94522579,60.04849659],[19.96336961,60.05460395],[19.944146,60.05791328],[19.94220299,60.05116443],[19.94522579,60.04849659]]],[[[20.33736735,60.06751596],[20.35264962,60.08008496],[20.3530374,60.0863995],[20.34137619,60.08844377],[20.33357937,60.08566959],[20.32559489,60.06743927],[20.33736735,60.06751596]]],[[[20.55291542,60.07747897],[20.56460616,60.08532863],[20.54212267,60.08570458],[20.55180772,60.09062939],[20.51289963,60.09689341],[20.50423213,60.09399252],[20.52872494,60.08635931],[20.52305911,60.07874336],[20.54949342,60.07793862],[20.55291542,60.07747897]]],[[[20.43741649,60.07051652],[20.45195045,60.07369063],[20.44443521,60.07862571],[20.43134644,60.0733773],[20.43463932,60.07075844],[20.43741649,60.07051652]]],[[[20.58728796,60.07702524],[20.5905493,60.08317512],[20.57132433,60.08749775],[20.56799964,60.08089104],[20.5797451,60.07719223],[20.58728796,60.07702524]]],[[[20.50591619,60.06862139],[20.4982635,60.07474313],[20.48040988,60.07028545],[20.50274556,60.06891777],[20.50591619,60.06862139]]],[[[20.51908374,60.06712689],[20.54428271,60.07623445],[20.50970899,60.07229566],[20.51101196,60.06676046],[20.51908374,60.06712689]]],[[[19.98122093,60.03470085],[19.98606382,60.03842855],[19.98143624,60.04771376],[19.98669296,60.04938667],[19.97188071,60.05323483],[19.97184849,60.04623122],[19.95292016,60.03990498],[19.9793717,60.03462679],[19.98122093,60.03470085]]],[[[20.72772161,60.06751823],[20.72829438,60.07672285],[20.71928165,60.07738128],[20.71501831,60.07201561],[20.72456172,60.06751216],[20.72772161,60.06751823]]],[[[20.8072769,60.06477399],[20.81839095,60.06893475],[20.81352264,60.07235926],[20.8176355,60.07637993],[20.79158951,60.07213021],[20.79308293,60.06588581],[20.80344781,60.06627159],[20.8072769,60.06477399]]],[[[20.748469,60.05523656],[20.75891313,60.06158292],[20.74808392,60.06358481],[20.74425124,60.05543843],[20.748469,60.05523656]]],[[[20.37037382,60.03402864],[20.37885421,60.04224315],[20.39850935,60.043723],[20.40136127,60.04811102],[20.3869293,60.04938253],[20.38868718,60.05392584],[20.36478024,60.05357743],[20.38277265,60.05105386],[20.36301393,60.03948516],[20.36763692,60.03495812],[20.37037382,60.03402864]]],[[[20.60533492,60.04465365],[20.61148175,60.0482763],[20.59157304,60.05437186],[20.58726697,60.05231421],[20.59902874,60.04438791],[20.60533492,60.04465365]]],[[[20.00501593,60.00750897],[20.02118956,60.01450873],[20.01009435,60.0255716],[19.95604807,60.03540489],[19.96031963,60.028778],[19.98009427,60.02828236],[19.97749447,60.02203281],[19.99156901,60.02004486],[19.982509,60.01067029],[19.99869819,60.01042236],[20.00501593,60.00750897]]],[[[20.61448639,60.0383822],[20.62657733,60.04693953],[20.60205686,60.04290424],[20.605832,60.03948949],[20.61448639,60.0383822]]],[[[20.04015148,60.00883096],[20.04619636,60.01418176],[20.03700641,60.01975915],[20.02573398,60.01820504],[20.03064586,60.00870324],[20.03693744,60.00915496],[20.04015148,60.00883096]]],[[[20.32852406,60.02041342],[20.33691009,60.02643062],[20.32853005,60.02987988],[20.31523348,60.02250207],[20.32763395,60.02051092],[20.32852406,60.02041342]]],[[[20.62807524,60.02929285],[20.64321762,60.03260199],[20.63845813,60.0383548],[20.62148324,60.03576735],[20.62259683,60.03054755],[20.62807524,60.02929285]]],[[[20.41297597,60.01822528],[20.41930112,60.02315747],[20.44087518,60.02173175],[20.46016459,60.05851299],[20.47096337,60.06657479],[20.4638616,60.06855245],[20.42812408,60.06071305],[20.40300768,60.03970489],[20.37502027,60.02656237],[20.40782495,60.01891137],[20.41297597,60.01822528]]],[[[19.98581706,59.9897249],[19.99287727,59.99821248],[19.97233888,59.99848724],[19.98326733,59.99038709],[19.98581706,59.9897249]]],[[[20.82740908,60.03080759],[20.83190897,60.03863581],[20.82343766,60.0443802],[20.81485294,60.03804773],[20.82431971,60.03175392],[20.82740908,60.03080759]]],[[[20.4629554,60.01227436],[20.49153572,60.02545449],[20.48452902,60.02887373],[20.52159601,60.04263525],[20.51339974,60.05268534],[20.52514836,60.05420537],[20.53078333,60.05833975],[20.52605052,60.06154413],[20.53631372,60.06374264],[20.53229815,60.06518491],[20.46345954,60.05804402],[20.46027343,60.04535682],[20.47021343,60.0379775],[20.46439652,60.03389495],[20.47557648,60.03082621],[20.45255664,60.02394462],[20.46003415,60.01265898],[20.4629554,60.01227436]]],[[[20.54254579,60.00633529],[20.55071522,60.00991383],[20.54510201,60.01650899],[20.55609404,60.02197181],[20.56029609,60.01180372],[20.599012,60.02093347],[20.60958156,60.03372338],[20.60648311,60.0390842],[20.57857032,60.04237914],[20.58223455,60.04837618],[20.57476161,60.05132588],[20.59047125,60.06080522],[20.57957489,60.05665702],[20.57596556,60.06239646],[20.57116995,60.05498767],[20.55093361,60.0616186],[20.54023422,60.05867366],[20.52354312,60.0505292],[20.53171076,60.04026726],[20.49578695,60.0221928],[20.49628564,60.01595803],[20.50582746,60.01708294],[20.50454564,60.00829671],[20.53804392,60.00695001],[20.54254579,60.00633529]]],[[[20.51801842,59.99124765],[20.49691464,60.00160565],[20.49145045,59.99858923],[20.51280837,59.99177126],[20.51801842,59.99124765]]],[[[20.44291045,59.98626348],[20.44902126,59.99036519],[20.44625477,59.99494756],[20.45436871,59.99706302],[20.45403592,60.00421246],[20.43438581,60.01369811],[20.38591677,60.01666047],[20.40784762,59.99789205],[20.440591,59.9869894],[20.44291045,59.98626348]]],[[[20.17940557,59.96864356],[20.20311424,59.98196398],[20.19744668,59.98799435],[20.20792825,59.98683309],[20.21181123,59.99846126],[20.23480952,60.00888974],[20.21602302,60.0153994],[20.20556425,60.02699165],[20.22212515,60.06318655],[20.209306,60.06354743],[20.22358584,60.07701202],[20.21334637,60.08982576],[20.19424458,60.07999247],[20.18355164,60.08624902],[20.17562289,60.08224787],[20.16968668,60.08481794],[20.17166416,60.09093203],[20.13429005,60.09032203],[20.08922956,60.11052325],[20.08164994,60.10802972],[20.07671866,60.09054166],[20.05919785,60.09534358],[20.07903963,60.07432744],[20.06217153,60.08516583],[20.05480989,60.08251941],[20.069184,60.06726733],[20.04818048,60.08518519],[20.04075259,60.07986444],[20.04679797,60.0678116],[20.04140533,60.06516722],[20.03544764,60.07006914],[20.0381145,60.08246195],[20.0204184,60.09553196],[19.98393673,60.0865206],[19.98681572,60.07809558],[19.97452228,60.07411636],[19.98450936,60.06627581],[19.99380003,60.07174459],[20.01825612,60.06854093],[20.03299146,60.04753241],[20.04695709,60.03895905],[20.05127211,60.04639578],[20.06721099,60.03913442],[20.06800028,60.04564442],[20.08816097,60.04888256],[20.11484098,60.0256889],[20.1103802,60.00352643],[20.1189473,59.99807824],[20.13440413,60.00154495],[20.1447339,59.99362354],[20.1537928,59.99609201],[20.17258255,60.01627537],[20.18325864,60.00912679],[20.18426838,59.9931206],[20.17909831,59.98819227],[20.19067115,59.9841095],[20.17547324,59.97955587],[20.1770411,59.97003146],[20.17940557,59.96864356]]],[[[20.38377027,59.97847139],[20.3873983,59.9842705],[20.40949388,59.98440954],[20.41354855,59.99404293],[20.38471849,60.01487218],[20.36925744,60.01196496],[20.35378157,60.02133536],[20.32772997,60.01516273],[20.32216865,60.01098935],[20.33402002,60.00592974],[20.32497978,60.00503092],[20.32748698,60.00016713],[20.31520625,60.0002305],[20.29158462,59.98694778],[20.30888402,59.97801403],[20.31886588,59.98238043],[20.31802729,59.97732473],[20.3344018,59.98365556],[20.32624775,59.99058813],[20.33715366,59.98841058],[20.33945077,59.99287516],[20.34528728,59.98686856],[20.36235753,59.99961425],[20.36718786,59.99497073],[20.35767422,59.98984837],[20.36310782,59.98079675],[20.37913973,59.97898158],[20.38377027,59.97847139]]],[[[20.29684277,59.96541979],[20.30387949,59.97568925],[20.29363991,59.98234497],[20.28229613,59.97809586],[20.28059482,59.97138583],[20.29514134,59.96726079],[20.29684277,59.96541979]]],[[[20.87522457,59.94079655],[20.88966388,59.94866313],[20.88215963,59.95000892],[20.86931881,59.9448428],[20.87373656,59.94075308],[20.87522457,59.94079655]]],[[[20.98380858,59.91851912],[20.99544758,59.92273122],[20.98928097,59.93751236],[20.96121028,59.94457254],[21.00079489,59.94189714],[21.00434173,59.95218063],[20.98037497,59.95036567],[20.96598794,59.95889874],[20.9517268,59.95533858],[20.93755883,59.96318782],[20.91761515,59.95979457],[20.91016762,59.95575497],[20.91742601,59.95243321],[20.90993131,59.94917722],[20.93503358,59.93384157],[20.97466421,59.92802502],[20.96781157,59.92209349],[20.97965677,59.918816],[20.98380858,59.91851912]]],[[[20.92733371,59.9123384],[20.94342228,59.91892034],[20.94245058,59.92362205],[20.96798844,59.92485717],[20.9505388,59.93364253],[20.91762414,59.93255341],[20.91254793,59.91911046],[20.92183316,59.91321525],[20.92733371,59.9123384]]],[[[20.92295257,59.90228209],[20.92875364,59.90851664],[20.91259561,59.90954995],[20.91853004,59.91357931],[20.90892638,59.91731606],[20.91349979,59.92978665],[20.90208808,59.94522105],[20.8655867,59.93809427],[20.85368278,59.92787535],[20.87981171,59.91106184],[20.91740564,59.90273404],[20.92295257,59.90228209]]],[[[20.9858427,59.90250848],[20.99694838,59.90664924],[20.97178263,59.90801435],[20.9845265,59.90347743],[20.9858427,59.90250848]]],[[[20.94806906,59.88483635],[20.95439002,59.8884263],[20.9383167,59.89415166],[20.92213492,59.89123702],[20.92662149,59.88725814],[20.9433555,59.88759371],[20.94806906,59.88483635]]],[[[20.93251495,59.87989633],[20.91737154,59.89119794],[20.90154013,59.88569179],[20.92701829,59.88012021],[20.93251495,59.87989633]]],[[[20.93255841,59.86625935],[20.92087215,59.87121218],[20.93679553,59.87596753],[20.9224436,59.87829845],[20.91287218,59.87225755],[20.92618944,59.86627623],[20.93255841,59.86625935]]]]}}]}